id,antecedent_name,consequent_name,creator_id,forum_topic_id,status,created_at,updated_at,approver_id,forum_post_id,reason
241113,"donutparty","donutprty",1234382,33148,"active","2026-10-04T15:31:00.211+08:00","2026-10-04T15:31:00.211+08:00",1234382,"",""
241109,"nao2_09_2","o2_(nao2_09)",1288648,33148,"active","2026-10-04T14:39:47.819+08:00","2026-10-04T14:39:47.819+08:00",1288648,"",""
241105,"ccffeee","coffee_(ccffeee)",454016,33148,"active","2026-10-04T12:35:04.791+08:00","2026-10-04T12:35:04.791+08:00",454016,"",""
241101,"talkinghopper","hanayuru",718515,33148,"active","2026-10-04T12:31:31.761+08:00","2026-10-04T12:31:31.761+08:00",718515,"",""
241097,"9696i23","darksea_(9696i23)",1634568,33148,"active","2026-10-04T12:07:26.459+08:00","2026-10-04T12:07:26.459+08:00",1634568,"",""
241091,"9xxvi9","uri_(n6ninxc6)",1105289,33148,"active","2026-10-04T09:32:24.835+08:00","2026-10-04T09:32:24.835+08:00",1105289,"",""
241087,"wjcwzbdhs","yumo539959",1130582,33148,"active","2026-10-04T09:13:08.384+08:00","2026-10-04T09:13:08.384+08:00",1130582,"",""
241081,"gira23killer","girafumi",1368569,33148,"active","2026-10-04T07:59:23.030+08:00","2026-10-04T07:59:23.030+08:00",1368569,"",""
241075,"2isis6_v","isis_(2isis6_2)",344172,33148,"active","2026-10-04T05:40:29.511+08:00","2026-10-04T05:40:29.511+08:00",344172,"",""
241071,"lamb_lime","kuron_(logline)",280788,33148,"active","2026-10-04T05:37:14.372+08:00","2026-10-04T05:37:14.372+08:00",280788,"",""
241070,"karukaru_(logline)","kuron_(logline)",280788,33148,"active","2026-10-04T05:37:12.531+08:00","2026-10-04T05:37:12.531+08:00",280788,"",""
241063,"kittanke_4","kittanke",1368569,33148,"active","2026-10-04T05:19:25.121+08:00","2026-10-04T05:19:25.121+08:00",1368569,"",""
241062,"kittanke_illust","kittanke",1368569,33148,"active","2026-10-04T05:19:23.186+08:00","2026-10-04T05:19:25.174+08:00",1368569,"",""
241055,"hika-unik","kafunee",708868,33148,"active","2026-10-04T03:58:42.918+08:00","2026-10-04T03:58:42.918+08:00",708868,"",""
241051,"2hyu_00","sihyun25",866222,33148,"active","2026-10-04T03:12:27.259+08:00","2026-10-04T03:12:27.259+08:00",866222,"",""
241047,"stellar_linchpin","vision_(genshin_impact)",52664,38096,"active","2026-10-04T03:11:44.487+08:00","2026-10-04T03:11:44.487+08:00",52664,"",""
241045,"aikontakuto","youta",52664,7713,"active","2026-10-04T03:05:24.940+08:00","2026-10-04T03:05:24.940+08:00",52664,"",""
241041,"picogames_off","ma70",52664,7713,"active","2026-10-04T03:03:20.160+08:00","2026-10-04T03:03:20.160+08:00",52664,"",""
241039,"maggie_mcginnis","mcginnis_(deadlock)",52664,38089,"active","2026-10-04T02:52:49.092+08:00","2026-10-04T02:52:49.092+08:00",52664,"",""
241038,"wesley_grey_talon","grey_talon",52664,38089,"active","2026-10-04T02:52:46.726+08:00","2026-10-04T02:52:46.726+08:00",52664,"",""
241033,"dracaena_malfoy_(redteneri)","malfoid",52664,38030,"active","2026-10-04T02:28:16.415+08:00","2026-10-04T02:28:16.415+08:00",52664,"",""
241030,"draco_malfoy_(redteneri)","malfoid",52664,38030,"active","2026-10-04T02:24:39.408+08:00","2026-10-04T02:24:39.408+08:00",52664,"",""
241024,"joshd1000","joshua_dunlop",708868,33148,"active","2026-10-04T02:24:11.720+08:00","2026-10-04T02:24:11.720+08:00",708868,"",""
241020,"xwiqv7tujq19142","lcoa_(xwiqv7tujq19142)",347755,33148,"active","2026-10-04T02:10:09.140+08:00","2026-10-04T02:10:09.140+08:00",347755,"",""
241016,"tezuze","cottoncollie",1234382,33148,"active","2026-10-04T02:08:40.244+08:00","2026-10-04T02:08:40.244+08:00",1234382,"",""
241012,"rakku_(10219563)","rakku_(diva39391)",103979,33148,"active","2026-10-04T01:25:45.167+08:00","2026-10-04T01:25:45.167+08:00",103979,"",""
240969,"shushuqiezi","you3925589",932445,33148,"active","2026-10-03T16:56:11.524+08:00","2026-10-03T16:56:11.524+08:00",932445,"",""
240934,"user_tpuf8388","xiexian170",496027,33148,"active","2026-10-03T14:49:17.551+08:00","2026-10-03T14:49:17.551+08:00",496027,"",""
240930,"coryco","sumivory",1524782,33148,"active","2026-10-03T13:06:21.976+08:00","2026-10-03T13:06:21.976+08:00",1524782,"",""
240920,"jkhada8ybj36753","san_(sanmi0613)",981552,33148,"active","2026-10-03T12:21:52.938+08:00","2026-10-03T12:21:52.938+08:00",981552,"",""
240908,"millsol","gwabaegii",554505,33148,"active","2026-10-03T08:15:43.453+08:00","2026-10-03T08:15:43.453+08:00",554505,"",""
240900,"weathered","dilapidated",52664,38037,"active","2026-10-03T06:25:29.499+08:00","2026-10-03T06:25:29.499+08:00",52664,"",""
240898,"b_etty01tm","tamamori_betty",1267718,7713,"active","2026-10-03T06:11:32.925+08:00","2026-10-03T06:11:32.925+08:00",1267718,"",""
240897,"hinamori_(m_nmy01)","tamamori_betty",1267718,7713,"active","2026-10-03T06:11:28.194+08:00","2026-10-03T06:11:28.194+08:00",1267718,"",""
240894,"sticks","stick",52664,38039,"active","2026-10-03T05:51:25.734+08:00","2026-10-03T05:51:25.734+08:00",52664,"",""
240892,"vodka_(nonfreezing_aqua_vitae)_(umamusume)","vodka_(fiery_aqua_vitae)_(umamusume)",52664,29925,"active","2026-10-03T05:36:07.129+08:00","2026-10-03T05:36:07.129+08:00",52664,"",""
240891,"daiwa_scarlet_(scarlet_nuit_etoile)_(umamusume)","daiwa_scarlet_(nuit_etoilee_de_scarlet)_(umamusume)",52664,29925,"active","2026-10-03T05:35:41.070+08:00","2026-10-03T05:35:41.070+08:00",52664,"",""
240888,"zettai_junpaku_mahou_shoujo","mahou_shoujo_(raita)",52664,38046,"active","2026-10-03T05:32:32.347+08:00","2026-10-03T05:32:32.347+08:00",52664,"",""
240874,"robert_edwin_house","mr._house",52664,38045,"active","2026-10-03T04:59:46.233+08:00","2026-10-03T04:59:46.233+08:00",52664,"",""
240870,"kawaiiitigo15","amezawa_koma",52664,33148,"active","2026-10-03T04:41:21.178+08:00","2026-10-03T04:41:21.178+08:00",52664,"",""
240865,"hans_(pixiv_37537768)","i_am_a_computer",52664,33148,"active","2026-10-03T04:39:54.647+08:00","2026-10-03T04:39:54.647+08:00",52664,"",""
240863,"4_zmooo","aoki_shizumi",52664,33148,"active","2026-10-03T04:39:31.469+08:00","2026-10-03T04:39:31.469+08:00",52664,"",""
240861,"wo_strongtiger","two_strongtiger",52664,33148,"deleted","2026-10-03T04:37:25.435+08:00","2026-10-03T04:37:27.616+08:00",52664,"",""
240858,"hole-in-the-man","hollowed_man",52664,38085,"active","2026-10-03T04:23:37.759+08:00","2026-10-03T04:23:37.759+08:00",52664,"",""
240856,"ryuuforkaf","ichizen_ryuu",52664,7713,"active","2026-10-03T04:18:57.276+08:00","2026-10-03T04:18:57.276+08:00",52664,"",""
240854,"kromer's_sister_(project_moon)","heinrich_kromer_(project_moon)",52664,27469,"active","2026-10-03T04:13:34.383+08:00","2026-10-03T04:13:34.383+08:00",52664,"",""
240847,"the_interior_castle_(book)","el_castillo_interior",52664,38058,"active","2026-10-03T01:53:19.582+08:00","2026-10-03T01:53:19.582+08:00",52664,"",""
240845,"elsa_(symphogear)","elsa_bete",52664,37416,"active","2026-10-03T01:30:10.927+08:00","2026-10-03T01:30:10.927+08:00",52664,"",""
240841,"iin_hiro","iin_hirotsugu",52664,38071,"active","2026-10-03T01:25:28.991+08:00","2026-10-03T01:25:28.991+08:00",52664,"",""
240839,"guan_(guanguan54)","granyon",52664,7713,"active","2026-10-03T01:13:15.314+08:00","2026-10-03T01:13:15.314+08:00",52664,"",""
240837,"w_(wanted)_(arknights)","w_(ambience_synesthesia_2023)_(arknights)",52664,19647,"active","2026-10-03T01:01:18.932+08:00","2026-10-03T01:01:18.932+08:00",52664,"",""
240836,"w_(cannot_wait_for)_(arknights)","w_(ambience_synesthesia_2021)_(arknights)",52664,19647,"active","2026-10-03T01:01:08.247+08:00","2026-10-03T01:01:08.247+08:00",52664,"",""
240833,"painted_toenails","toenail_polish",52664,38080,"active","2026-10-03T00:38:15.547+08:00","2026-10-03T00:38:15.547+08:00",52664,"",""
240831,"mavik_art","mavimavi_art",1191549,33148,"active","2026-10-03T00:05:59.135+08:00","2026-10-03T00:05:59.135+08:00",1191549,"",""
240827,"aigai0n","firesofvenus",1054326,7713,"active","2026-10-02T23:52:42.476+08:00","2026-10-02T23:52:42.476+08:00",1054326,"",""
240821,"kaericom","chiji_komari",1267718,7713,"active","2026-10-02T20:39:44.042+08:00","2026-10-02T20:39:44.042+08:00",1267718,"",""
240819,"user_fgfa7284","mei_shou_de_xiong",521113,33148,"active","2026-10-02T19:27:32.299+08:00","2026-10-02T19:27:32.299+08:00",521113,"",""
240815,"namacha_(chiii_cha12)","asarisoba",932445,33148,"active","2026-10-02T17:56:24.792+08:00","2026-10-02T17:56:24.792+08:00",932445,"",""
240809,"laosbreaker","laosburger",1151956,7713,"active","2026-10-02T16:36:43.294+08:00","2026-10-02T16:36:43.294+08:00",1151956,"",""
240805,"aqingyua","jingjingrichman",1538267,7713,"active","2026-10-02T15:55:30.078+08:00","2026-10-02T15:55:30.078+08:00",1538267,"",""
240791,"ban_lie_(kongjuwuduan)","ban45601",438160,33148,"active","2026-10-02T14:32:29.615+08:00","2026-10-02T14:32:29.615+08:00",438160,"",""
240781,"rayn7527","shanguisantai",1130070,33148,"active","2026-10-02T08:51:37.090+08:00","2026-10-02T08:51:37.090+08:00",1130070,"",""
240775,"emr-ygo","emr-dgmn",1368569,33148,"active","2026-10-02T07:39:01.853+08:00","2026-10-02T07:39:01.853+08:00",1368569,"",""
240769,"jubileeleep","peruna_(prn_work)",1634568,33148,"active","2026-10-02T05:03:49.566+08:00","2026-10-02T05:03:49.566+08:00",1634568,"",""
240763,"ndnd_ysys","ogino_miki",1368569,33148,"active","2026-10-02T03:46:25.831+08:00","2026-10-02T03:46:25.831+08:00",1368569,"",""
240759,"elizabeth_rose_bloodflame_(3rd_costume)","elizabeth_rose_bloodflame_(casual)",52664,23520,"active","2026-10-02T02:50:56.807+08:00","2026-10-02T02:50:56.807+08:00",52664,"",""
240758,"gigi_murin_(3rd_costume)","gigi_murin_(casual)",52664,23520,"active","2026-10-02T02:50:51.709+08:00","2026-10-02T02:50:51.709+08:00",52664,"",""
240755,"aizawa_ema_(6th_costume)","aizawa_ema_(gothic_lolita)",52664,23520,"active","2026-10-02T02:49:20.163+08:00","2026-10-02T02:49:20.163+08:00",52664,"",""
240754,"aizawa_ema_(5th_costume)","aizawa_ema_(wa_battle)",52664,23520,"active","2026-10-02T02:49:15.990+08:00","2026-10-02T02:49:15.990+08:00",52664,"",""
240753,"aizawa_ema_(4th_costume)","aizawa_ema_(loungewear)",52664,23520,"active","2026-10-02T02:49:09.762+08:00","2026-10-02T02:49:09.762+08:00",52664,"",""
240752,"aizawa_ema_(3rd_costume)","aizawa_ema_(casual)",52664,23520,"active","2026-10-02T02:49:04.773+08:00","2026-10-02T02:49:04.773+08:00",52664,"",""
240751,"aizawa_ema_(2nd_costume)","aizawa_ema_(military)",52664,23520,"active","2026-10-02T02:48:59.843+08:00","2026-10-02T02:48:59.843+08:00",52664,"",""
240745,"moona_hoshinova_(pajamas)","moona_hoshinova_(sleepwear)",52664,23520,"active","2026-10-02T02:48:31.737+08:00","2026-10-02T02:48:31.737+08:00",52664,"",""
240744,"shirogane_noel_(sleepwear)","shirogane_noel_(roomwear)",52664,23520,"active","2026-10-02T02:48:19.542+08:00","2026-10-02T02:48:19.542+08:00",52664,"",""
240741,"hsin","hsin_(hsincookie)",52664,7713,"deleted","2026-10-02T02:42:58.492+08:00","2026-10-02T02:43:23.158+08:00",52664,"",""
240739,"sesame_butter_roll","ma_su_you_juan",52664,7713,"active","2026-10-02T02:41:52.749+08:00","2026-10-02T02:41:52.749+08:00",52664,"",""
240737,"aogiri_koukou","aogiri_high_school",52664,22844,"active","2026-10-02T02:41:28.661+08:00","2026-10-02T02:41:28.661+08:00",52664,"",""
240735,"miss_christine_(arknights)","miss.christine_(arknights)",52664,19647,"active","2026-10-02T02:27:41.825+08:00","2026-10-02T02:27:41.825+08:00",52664,"",""
240727,"bichu_takamatsu_(oshiro_project)","bicchuutakamatsu_(oshiro_project)",554505,37960,"active","2026-10-01T22:29:32.656+08:00","2026-10-01T22:29:32.656+08:00",554505,"",""
240723,"tongue_suck","tongue_sucking",1130070,38028,"active","2026-10-01T20:09:54.852+08:00","2026-10-01T20:09:54.852+08:00",1130070,"",""
240721,"sakura_laurel_(don't_stop_from_here!)_(umamusume)","sakura_laurel_(don't_stop_anymore!)_(umamusume)",1130070,29925,"active","2026-10-01T18:39:38.182+08:00","2026-10-01T18:39:38.182+08:00",1130070,"",""
240719,"skht_5","snht_2",1267718,7713,"active","2026-10-01T18:31:33.223+08:00","2026-10-01T18:31:33.223+08:00",1267718,"",""
240713,"s-polar12bears","takumi_shirahase",1103267,33148,"active","2026-10-01T15:25:35.654+08:00","2026-10-01T15:25:35.654+08:00",1103267,"",""
240695,"fuzhouo","anheyu",1130070,33148,"active","2026-10-01T13:15:32.365+08:00","2026-10-01T13:15:32.365+08:00",1130070,"",""
240689,"orususa","cry_sinkai",556219,33148,"active","2026-10-01T11:35:04.400+08:00","2026-10-01T11:35:04.400+08:00",556219,"",""
240685,"nafushou","zhizhiyuan",1449841,33148,"active","2026-10-01T11:16:22.638+08:00","2026-10-01T11:16:22.638+08:00",1449841,"",""
240681,"lemorgo","reallemorgo",776439,33148,"active","2026-10-01T11:03:25.866+08:00","2026-10-01T11:03:25.866+08:00",776439,"",""
240675,"caroline_hirbec","grimhel",1070698,33148,"active","2026-10-01T09:01:42.310+08:00","2026-10-01T09:01:42.310+08:00",1070698,"",""
240669,"kevonzulul","mfb",1267718,7713,"active","2026-10-01T06:48:46.951+08:00","2026-10-01T06:48:46.951+08:00",1267718,"",""
240667,"m5_indica","avarice017",1343385,33148,"active","2026-10-01T04:31:40.360+08:00","2026-10-01T04:31:40.360+08:00",1343385,"",""
240659,"user_xkka4243","imi18",1368569,33148,"active","2026-10-01T01:21:28.712+08:00","2026-10-01T01:21:28.712+08:00",1368569,"",""
240655,"naked_group","group_nudity",85307,37977,"active","2026-10-01T01:18:42.260+08:00","2026-10-01T01:18:42.260+08:00",85307,"",""
240653,"nighthalt03770377","droplibretto",783068,33148,"active","2026-10-01T00:37:50.744+08:00","2026-10-01T00:37:50.744+08:00",783068,"",""
240646,"fujii_makiko","minipen",1218089,7713,"active","2026-09-30T22:31:14.883+08:00","2026-09-30T22:31:14.883+08:00",1218089,"",""
240644,"twootax","cule_0805",1218089,7713,"active","2026-09-30T22:29:24.219+08:00","2026-09-30T22:29:24.219+08:00",1218089,"",""
240642,"viola_(everlasting_summer)","collider-sama_(arsenixc)",554505,37278,"active","2026-09-30T22:19:45.083+08:00","2026-09-30T22:19:45.083+08:00",554505,"",""
240641,"zhenya_(everlasting_summer)","mithgirl",554505,37278,"active","2026-09-30T22:19:41.962+08:00","2026-09-30T22:19:41.962+08:00",554505,"",""
240640,"olga_(everlasting_summer)","banhammer-tan_(iichan)",554505,37278,"active","2026-09-30T22:19:39.183+08:00","2026-09-30T22:19:39.183+08:00",554505,"",""
240639,"olga_dmitrievna","banhammer-tan_(iichan)",554505,37278,"active","2026-09-30T22:19:37.027+08:00","2026-09-30T22:19:37.027+08:00",554505,"",""
240638,"yulya_(everlasting_summer)","uvao-tan",554505,37278,"active","2026-09-30T22:19:34.692+08:00","2026-09-30T22:19:34.692+08:00",554505,"",""
240637,"ulyana_(everlasting_summer)","ussr-tan",554505,37278,"active","2026-09-30T22:19:32.626+08:00","2026-09-30T22:19:32.626+08:00",554505,"",""
240636,"alisa_(everlasting_summer)","dvach-tan",554505,37278,"active","2026-09-30T22:19:27.460+08:00","2026-09-30T22:19:27.460+08:00",554505,"",""
240635,"alisa_dvachevskaya","dvach-tan",554505,37278,"active","2026-09-30T22:19:25.651+08:00","2026-09-30T22:19:25.651+08:00",554505,"",""
240634,"lena_(everlasting_summer)","unyl-chan",554505,37278,"active","2026-09-30T22:19:23.292+08:00","2026-09-30T22:19:23.292+08:00",554505,"",""
240633,"slavya_(everlasting_summer)","slavya-chan",554505,37278,"active","2026-09-30T22:19:17.870+08:00","2026-09-30T22:19:17.870+08:00",554505,"",""
240632,"mod-chan_(iichan)","banhammer-tan_(iichan)",554505,37278,"active","2026-09-30T22:19:12.720+08:00","2026-09-30T22:19:12.720+08:00",554505,"",""
240620,"posskete","poss_illust5",196991,38056,"active","2026-09-30T21:11:06.801+08:00","2026-09-30T21:11:06.801+08:00",196991,"",""
240616,"miho_2nd_tyan","miho-tyan",1592273,33148,"active","2026-09-30T20:36:59.196+08:00","2026-09-30T20:36:59.196+08:00",1592273,"",""
240590,"tty114514191981","tirano_tenchou",433258,33148,"active","2026-09-30T17:42:46.036+08:00","2026-09-30T17:42:46.036+08:00",433258,"",""
240586,"rorololororough","roughllaugh",433258,33148,"active","2026-09-30T17:42:04.431+08:00","2026-09-30T17:42:04.431+08:00",433258,"",""
240582,"beanroll","tewimom",433258,33148,"active","2026-09-30T17:27:04.183+08:00","2026-09-30T17:27:04.183+08:00",433258,"",""
240578,"dongzhiji519","wumeng",433258,33148,"active","2026-09-30T17:25:24.660+08:00","2026-09-30T17:25:24.660+08:00",433258,"",""
240568,"yuuraa","tsu0ri",433258,33148,"active","2026-09-30T16:47:05.912+08:00","2026-09-30T16:47:05.912+08:00",433258,"",""
240567,"rakunz0","rakunz",433258,33148,"active","2026-09-30T16:47:01.161+08:00","2026-09-30T16:47:01.161+08:00",433258,"",""
240560,"kino_g_e","kinohe",433258,33148,"active","2026-09-30T16:32:34.154+08:00","2026-09-30T16:32:34.154+08:00",433258,"",""
240556,"devil_pink","chiku_7979",1343385,33148,"active","2026-09-30T15:51:59.326+08:00","2026-09-30T15:51:59.326+08:00",1343385,"",""
240552,"rat_boy","mouse_boy",85307,38052,"active","2026-09-30T14:53:40.678+08:00","2026-09-30T14:53:40.678+08:00",85307,"",""
240550,"envyrayusa","envyra",1343385,33148,"active","2026-09-30T14:34:32.517+08:00","2026-09-30T14:34:32.517+08:00",1343385,"",""
240518,"flukejun","gotointhepark",1182530,33148,"active","2026-09-30T11:06:37.811+08:00","2026-09-30T11:06:37.811+08:00",1182530,"",""
240512,"munou_51","tinakko",872990,33148,"active","2026-09-30T10:49:51.444+08:00","2026-09-30T10:49:51.444+08:00",872990,"",""
240506,"jounouchi_dies_(meme)","jonouchi_dies_(meme)",1130070,38032,"active","2026-09-30T07:43:44.477+08:00","2026-09-30T07:43:44.477+08:00",1130070,"",""
240498,"nonmyoto","crimsonytte",1123578,33148,"active","2026-09-30T06:53:23.954+08:00","2026-09-30T06:53:23.954+08:00",1123578,"",""
240489,"shinshikikan","green_kaminari",498248,33148,"active","2026-09-30T02:38:01.523+08:00","2026-09-30T02:38:01.523+08:00",498248,"",""
240483,"nanncyyyiii","nancythecutiest",1449621,33148,"retired","2026-09-30T00:59:05.992+08:00","2026-10-04T08:01:09.957+08:00",1449621,"",""
240479,"super_nh_(n3r6-h3a6)","super_nh",517443,7713,"active","2026-09-30T00:49:32.475+08:00","2026-09-30T00:49:32.475+08:00",517443,"",""
240475,"genso_(thereisnosauce)","konn_(thereisnosauce)",728936,33148,"active","2026-09-30T00:49:06.080+08:00","2026-09-30T00:49:06.080+08:00",728936,"",""
240471,"kongkong'er","kongkong'er_(honor_of_kings)",554505,37951,"retired","2026-09-30T00:12:38.074+08:00","2026-10-04T08:01:09.933+08:00",554505,"",""
240470,"li_xin","li_xin_(honor_of_kings)",554505,37951,"retired","2026-09-30T00:12:35.471+08:00","2026-10-04T08:01:09.916+08:00",554505,"",""
240469,"yuange","yango_(honor_of_kings)",554505,37951,"active","2026-09-30T00:12:32.047+08:00","2026-09-30T00:12:32.047+08:00",554505,"",""
240456,"neige_(pixiv6850453)","neige888",781002,33148,"active","2026-09-29T22:58:31.619+08:00","2026-09-29T22:58:31.619+08:00",781002,"",""
240452,"cai_wenji_(wangzhe_rongyao)","cai_yan_(honor_of_kings)",554505,37951,"active","2026-09-29T22:37:30.400+08:00","2026-09-29T22:37:30.400+08:00",554505,"",""
240451,"wu_zetian_(wangzhe_rongyao)","wu_zetian_(honor_of_kings)",554505,37951,"active","2026-09-29T22:37:28.310+08:00","2026-09-29T22:37:28.310+08:00",554505,"",""
240450,"yao_(wangzhe_rongyao)","yaria_(honor_of_kings)",554505,37951,"active","2026-09-29T22:37:26.294+08:00","2026-09-29T22:37:26.294+08:00",554505,"",""
240449,"hua_mulan_(wangzhe_rongyao)","mulan_(honor_of_kings)",554505,37951,"active","2026-09-29T22:37:24.335+08:00","2026-09-29T22:37:24.335+08:00",554505,"",""
240448,"sun_shang_xiang_(wangzhe_rongyao)","lady_sun_(honor_of_kings)",554505,37951,"active","2026-09-29T22:37:22.349+08:00","2026-09-29T22:37:22.349+08:00",554505,"",""
240447,"chang'e_(wangzhe_rongyao)","chang'e_(honor_of_kings)",554505,37951,"active","2026-09-29T22:37:20.342+08:00","2026-09-29T22:37:20.342+08:00",554505,"",""
240446,"daji_(wangzhe_rongyao)","daji_(honor_of_kings)",554505,37951,"active","2026-09-29T22:37:17.272+08:00","2026-09-29T22:37:17.272+08:00",554505,"",""
240445,"wang_zhaojun_(wangzhe_rongyao)","princess_frost_(honor_of_kings)",554505,37951,"active","2026-09-29T22:37:15.455+08:00","2026-09-29T22:37:15.455+08:00",554505,"",""
240444,"ma_chao_(wangzhe_rongyao)","ma_chao_(honor_of_kings)",554505,37951,"active","2026-09-29T22:37:13.521+08:00","2026-09-29T22:37:13.521+08:00",554505,"",""
240443,"li_bai_(wangzhe_rongyao)","li_bai_(honor_of_kings)",554505,37951,"active","2026-09-29T22:37:10.815+08:00","2026-09-29T22:37:10.815+08:00",554505,"",""
240442,"allain_(wangzhe_rongyao)","allain_(honor_of_kings)",554505,37951,"active","2026-09-29T22:37:08.810+08:00","2026-09-29T22:37:08.810+08:00",554505,"",""
240441,"ying_zheng_(wangzhe_rongyao)","ying_zheng_(honor_of_kings)",554505,37951,"active","2026-09-29T22:37:06.359+08:00","2026-09-29T22:37:06.359+08:00",554505,"",""
240440,"yang_yuhuan_(wangzhe_rongyao)","yuhuan_(honor_of_kings)",554505,37951,"active","2026-09-29T22:37:03.067+08:00","2026-09-29T22:37:03.067+08:00",554505,"",""
240439,"zhuang_zhou_(wangzhe_rongyao)","zhuangzi_(honor_of_kings)",554505,37951,"active","2026-09-29T22:37:01.100+08:00","2026-09-29T22:37:01.100+08:00",554505,"",""
240438,"zhen_ji_(wangzhe_rongyao)","lady_zhen_(honor_of_kings)",554505,37951,"active","2026-09-29T22:36:59.275+08:00","2026-09-29T22:36:59.275+08:00",554505,"",""
240437,"sima_yi_(wangzhe_rongyao)","sima_yi_(honor_of_kings)",554505,37951,"active","2026-09-29T22:36:57.612+08:00","2026-09-29T22:36:57.612+08:00",554505,"",""
240436,"lan_(wangzhe_rongyao)","lam_(honor_of_kings)",554505,37951,"active","2026-09-29T22:36:55.759+08:00","2026-09-29T22:36:55.759+08:00",554505,"",""
240435,"diaochan_(wangzhe_rongyao)","diaochan_(honor_of_kings)",554505,37951,"active","2026-09-29T22:36:52.121+08:00","2026-09-29T22:36:52.121+08:00",554505,"",""
240434,"shangguan_wan'er_(wangzhe_rongyao)","shangguan_(honor_of_kings)",554505,37951,"active","2026-09-29T22:36:49.465+08:00","2026-09-29T22:36:49.465+08:00",554505,"",""
240433,"daqiao_(wangzhe_rongyao)","da_qiao_(honor_of_kings)",554505,37951,"active","2026-09-29T22:36:46.136+08:00","2026-09-29T22:36:46.136+08:00",554505,"",""
240432,"xiao_qiao_(wangzhe_rongyao)","xiao_qiao_(honor_of_kings)",554505,37951,"active","2026-09-29T22:36:43.917+08:00","2026-09-29T22:36:43.917+08:00",554505,"",""
240431,"xiaoqiao_(wangzhe_rongyao)","xiao_qiao_(honor_of_kings)",554505,37951,"active","2026-09-29T22:36:41.183+08:00","2026-09-29T22:36:41.183+08:00",554505,"",""
240430,"zhuge_liang_(wangzhe_rongyao)","kongming_(honor_of_kings)",554505,37951,"active","2026-09-29T22:36:38.526+08:00","2026-09-29T22:36:38.526+08:00",554505,"",""
240429,"xi_shi_(youlong_qingying)_(wangzhe_rongyao)","shi_(youlong_qingying)_(honor_of_kings)",554505,37951,"active","2026-09-29T22:36:36.002+08:00","2026-09-29T22:36:36.002+08:00",554505,"",""
240428,"xi_shi_(wangzhe_rongyao)","shi_(honor_of_kings)",554505,37951,"active","2026-09-29T22:36:33.602+08:00","2026-09-29T22:36:33.602+08:00",554505,"",""
240427,"xishi_(wangzhe_rongyao)","shi_(honor_of_kings)",554505,37951,"active","2026-09-29T22:36:30.537+08:00","2026-09-29T22:36:30.537+08:00",554505,"",""
240426,"sun_shangxiang_(wangzhe_rongyao)","lady_sun_(honor_of_kings)",554505,37951,"active","2026-09-29T22:36:26.756+08:00","2026-09-29T22:36:26.756+08:00",554505,"",""
240425,"zhang_liang_(wangzhe_rongyao)","liang_(honor_of_kings)",554505,37951,"active","2026-09-29T22:36:24.577+08:00","2026-09-29T22:36:24.577+08:00",554505,"",""
240424,"li_yuanfang_(wangzhe_rongyao)","fang_(honor_of_kings)",554505,37951,"active","2026-09-29T22:36:22.255+08:00","2026-09-29T22:36:22.255+08:00",554505,"",""
240423,"sun_ce_(wangzhe_rongyao)","sun_ce_(honor_of_kings)",554505,37951,"active","2026-09-29T22:36:20.127+08:00","2026-09-29T22:36:20.127+08:00",554505,"",""
240422,"lanling_wang_(wangzhe_rongyao)","lanling_wang_(honor_of_kings)",554505,37951,"active","2026-09-29T22:36:18.022+08:00","2026-09-29T22:36:18.022+08:00",554505,"",""
240421,"sun_quan_(wangzhe_rongyao)","sun_quan_(honor_of_kings)",554505,37951,"active","2026-09-29T22:36:14.632+08:00","2026-09-29T22:36:14.632+08:00",554505,"",""
240420,"nuwa_(wangzhe_rongyao)","nuwa_(honor_of_kings)",554505,37951,"active","2026-09-29T22:36:12.253+08:00","2026-09-29T22:36:12.253+08:00",554505,"",""
240419,"milady_(wangzhe_rongyao)","milady_(honor_of_kings)",554505,37951,"active","2026-09-29T22:36:10.011+08:00","2026-09-29T22:36:10.011+08:00",554505,"",""
240418,"haya_(wangzhe_rongyao)","haya_(honor_of_kings)",554505,37951,"active","2026-09-29T22:36:05.420+08:00","2026-09-29T22:36:05.420+08:00",554505,"",""
240417,"athena_(wangzhe_rongyao)","athena_(honor_of_kings)",554505,37951,"active","2026-09-29T22:36:03.662+08:00","2026-09-29T22:36:03.662+08:00",554505,"",""
240416,"umbrosa_(wangzhe_rongyao)","umbrosa_(honor_of_kings)",554505,37951,"active","2026-09-29T22:36:01.377+08:00","2026-09-29T22:36:01.377+08:00",554505,"",""
240415,"arke_(wangzhe_rongyao)","arke_(honor_of_kings)",554505,37951,"active","2026-09-29T22:35:59.299+08:00","2026-09-29T22:35:59.299+08:00",554505,"",""
240414,"yu_ji_(wangzhe_rongyao)","consort_yu_(honor_of_kings)",554505,37951,"active","2026-09-29T22:35:57.161+08:00","2026-09-29T22:35:57.161+08:00",554505,"",""
240413,"zhou_yu_(wangzhe_rongyao)","zhou_yu_(honor_of_kings)",554505,37951,"active","2026-09-29T22:35:54.756+08:00","2026-09-29T22:35:54.756+08:00",554505,"",""
240412,"charlotte_(wangzhe_rongyao)","charlotte_(honor_of_kings)",554505,37951,"active","2026-09-29T22:35:51.959+08:00","2026-09-29T22:35:51.959+08:00",554505,"",""
240411,"ji_xiaoman_(wangzhe_rongyao)","mayene_(honor_of_kings)",554505,37951,"active","2026-09-29T22:35:50.077+08:00","2026-09-29T22:35:50.077+08:00",554505,"",""
240410,"bai_qi_(wangzhe_rongyao)","bai_qi_(honor_of_kings)",554505,37951,"active","2026-09-29T22:35:48.433+08:00","2026-09-29T22:35:48.433+08:00",554505,"",""
240409,"fei_(wangzhe_rongyao)","feyd_(honor_of_kings)",554505,37951,"active","2026-09-29T22:35:46.420+08:00","2026-09-29T22:35:46.420+08:00",554505,"",""
240408,"nakoruru_(wangzhe_rongyao)","nakoruru_(honor_of_kings)",554505,37951,"active","2026-09-29T22:35:44.144+08:00","2026-09-29T22:35:44.144+08:00",554505,"",""
240407,"shiranui_mai_(wangzhe_rongyao)","shiranui_mai_(honor_of_kings)",554505,37951,"active","2026-09-29T22:35:41.552+08:00","2026-09-29T22:35:41.552+08:00",554505,"",""
240406,"marco_polo_(wangzhe_rongyao)","marco_polo_(honor_of_kings)",554505,37951,"active","2026-09-29T22:35:39.584+08:00","2026-09-29T22:35:39.584+08:00",554505,"",""
240405,"charlotte_(eternal_daytime)_(wangzhe_rongyao)","charlotte_(eternal_daytime)_(honor_of_kings)",554505,37951,"active","2026-09-29T22:35:37.303+08:00","2026-09-29T22:35:37.303+08:00",554505,"",""
240404,"angela_(shizhi_qilv)_(wangzhe_rongyao)","angela_(manga_crossover)_(honor_of_kings)",554505,37951,"active","2026-09-29T22:35:35.132+08:00","2026-09-29T22:35:35.132+08:00",554505,"",""
240403,"ying_(wangzhe_rongyao)","ying_(honor_of_kings)",554505,37951,"active","2026-09-29T22:35:33.218+08:00","2026-09-29T22:35:33.218+08:00",554505,"",""
240402,"da_siming_(wangzhe_rongyao)","augran_(honor_of_kings)",554505,37951,"active","2026-09-29T22:35:31.048+08:00","2026-09-29T22:35:31.048+08:00",554505,"",""
240401,"dasiming_(wangzhe_rongyao)","augran_(honor_of_kings)",554505,37951,"active","2026-09-29T22:35:28.736+08:00","2026-09-29T22:35:28.736+08:00",554505,"",""
240400,"kai_(wangzhe_rongyao)","kaizer_(honor_of_kings)",554505,37951,"active","2026-09-29T22:35:26.804+08:00","2026-09-29T22:35:26.804+08:00",554505,"",""
240399,"duoliya_(wangzhe_rongyao)","dolia_(honor_of_kings)",554505,37951,"active","2026-09-29T22:35:24.753+08:00","2026-09-29T22:35:24.753+08:00",554505,"",""
240398,"angela_(wangzhe_rongyao)","angela_(honor_of_kings)",554505,37951,"active","2026-09-29T22:35:22.990+08:00","2026-09-29T22:35:22.990+08:00",554505,"",""
240397,"yunzhongjun","cirrus_(honor_of_kings)",554505,37951,"active","2026-09-29T22:35:21.393+08:00","2026-09-29T22:35:21.393+08:00",554505,"",""
240396,"yixing","yixing_(honor_of_kings)",554505,37951,"active","2026-09-29T22:35:19.319+08:00","2026-09-29T22:35:19.319+08:00",554505,"",""
240395,"pei_qinhu","pei_(honor_of_kings)",554505,37951,"active","2026-09-29T22:35:17.799+08:00","2026-09-29T22:35:17.799+08:00",554505,"",""
240394,"baili_xuance","xuance_(honor_of_kings)",554505,37951,"active","2026-09-29T22:35:16.061+08:00","2026-09-29T22:35:16.061+08:00",554505,"",""
240393,"baili_shouyue","shouyue_(honor_of_kings)",554505,37951,"active","2026-09-29T22:35:14.302+08:00","2026-09-29T22:35:14.302+08:00",554505,"",""
240392,"di_renjie","di_renjie_(honor_of_kings)",554505,37951,"retired","2026-09-29T22:35:12.717+08:00","2026-10-04T08:01:09.903+08:00",554505,"",""
240391,"geya","ge_ya_(honor_of_kings)",554505,37951,"retired","2026-09-29T22:35:10.837+08:00","2026-10-04T08:01:09.892+08:00",554505,"",""
240390,"aoyin","ao'yin_(honor_of_kings)",554505,37951,"active","2026-09-29T22:35:08.981+08:00","2026-09-29T22:35:08.981+08:00",554505,"",""
240389,"yun_ying","ying_(honor_of_kings)",554505,37951,"active","2026-09-29T22:35:06.306+08:00","2026-09-29T22:35:06.306+08:00",554505,"",""
240388,"chi_cha_(aurora_sci-fi_hacker)","chi_cha_(jiguang_huanke)_(honor_of_kings)",554505,37951,"active","2026-09-29T22:35:03.995+08:00","2026-09-29T22:35:03.995+08:00",554505,"",""
240387,"chi_cha","chi_cha_(honor_of_kings)",554505,37951,"active","2026-09-29T22:35:02.002+08:00","2026-09-29T22:35:02.002+08:00",554505,"",""
240386,"meng_ya","meng_ya_(honor_of_kings)",554505,37951,"active","2026-09-29T22:34:59.681+08:00","2026-09-29T22:34:59.681+08:00",554505,"",""
240385,"su_lie","su_lie_(honor_of_kings)",554505,37951,"active","2026-09-29T22:34:58.005+08:00","2026-09-29T22:34:58.005+08:00",554505,"",""
240384,"dongfang_jing_(ice_blade_illusory_realm)","jing_(ethereal_ice_blade)_(honor_of_kings)",554505,37951,"active","2026-09-29T22:34:56.137+08:00","2026-09-29T22:34:56.137+08:00",554505,"",""
240383,"dongfang_yao","yao_(honor_of_kings)",554505,37951,"active","2026-09-29T22:34:54.506+08:00","2026-09-29T22:34:54.506+08:00",554505,"",""
240382,"dongfang_jing","jing_(honor_of_kings)",554505,37951,"active","2026-09-29T22:34:52.913+08:00","2026-09-29T22:34:52.913+08:00",554505,"",""
240381,"gongsun_li","arli_(honor_of_kings)",554505,37951,"active","2026-09-29T22:34:47.344+08:00","2026-09-29T22:34:47.344+08:00",554505,"",""
240380,"shaosiyuan","dyadia_(honor_of_kings)",554505,37951,"active","2026-09-29T22:34:44.905+08:00","2026-09-29T22:34:44.905+08:00",554505,"",""
240379,"kuangtie","biron_(honor_of_kings)",554505,37951,"retired","2026-09-29T22:34:42.995+08:00","2026-10-04T08:01:09.876+08:00",554505,"",""
240378,"jialuo","garo_(honor_of_kings)",554505,37951,"retired","2026-09-29T22:34:41.474+08:00","2026-10-04T08:01:09.863+08:00",554505,"",""
240377,"aguduo","agudo_(honor_of_kings)",554505,37951,"active","2026-09-29T22:34:40.102+08:00","2026-09-29T22:34:40.102+08:00",554505,"",""
240376,"hai_nuo","heino_(honor_of_kings)",554505,37951,"active","2026-09-29T22:34:38.301+08:00","2026-09-29T22:34:38.301+08:00",554505,"",""
240375,"ju_youjing","tachibana_ukyou_(honor_of_kings)",554505,37951,"retired","2026-09-29T22:34:36.866+08:00","2026-10-04T08:01:09.853+08:00",554505,"",""
240374,"laixiao","alessio_(honor_of_kings)",554505,37951,"retired","2026-09-29T22:34:35.126+08:00","2026-10-04T08:01:09.839+08:00",554505,"",""
240373,"ailin","erin_(honor_of_kings)",554505,37951,"retired","2026-09-29T22:34:33.515+08:00","2026-10-04T08:01:09.821+08:00",554505,"",""
240372,"anqila","angela_(honor_of_kings)",554505,37951,"active","2026-09-29T22:34:31.353+08:00","2026-09-29T22:34:31.353+08:00",554505,"",""
240290,"wangzhe_rongyao","honor_of_kings",508240,23510,"active","2026-09-29T22:33:14.301+08:00","2026-09-29T22:33:14.301+08:00",508240,"",""
240288,"minatsuki_lisa","risa_tsukimi",1103267,33148,"active","2026-09-29T18:20:04.747+08:00","2026-09-29T18:20:04.747+08:00",1103267,"",""
240284,"kin_niku","hizano_kinniku",475832,33148,"active","2026-09-29T18:18:06.121+08:00","2026-09-29T18:18:06.121+08:00",475832,"",""
240280,"dreamon_(bujingniao723)","wang_zuiweng",926897,33148,"active","2026-09-29T18:09:49.189+08:00","2026-09-29T18:09:49.189+08:00",926897,"",""
240195,"yubuki","yubuki_i",926897,33148,"active","2026-09-29T17:19:41.828+08:00","2026-09-29T17:19:41.828+08:00",926897,"",""
240183,"kanadetomos","kanadetomos_(commissioner)",983878,33148,"retired","2026-09-29T12:50:08.367+08:00","2026-10-04T08:01:09.807+08:00",983878,"",""
240017,"solan","hoanglap",718515,33148,"active","2026-09-29T12:04:02.864+08:00","2026-09-29T12:04:02.864+08:00",718515,"",""
240013,"duifangbuxianghenishuohuabingxiangnirengleyih","hanover",1182530,33148,"active","2026-09-29T11:37:50.516+08:00","2026-09-29T11:37:50.516+08:00",1182530,"",""
239946,"syokan_tbyk","tarutaruso3",1218089,33148,"active","2026-09-29T10:09:55.714+08:00","2026-09-29T10:09:55.714+08:00",1218089,"",""
239814,"gongm00","gongmoo0711",437764,7713,"active","2026-09-29T07:42:00.662+08:00","2026-09-29T07:42:00.662+08:00",437764,"",""
239805,"one_line_drawing","continuous_line_drawing",1130070,38029,"active","2026-09-29T05:36:40.693+08:00","2026-09-29T05:36:40.693+08:00",1130070,"",""
239803,"malfoid","draco_malfoy_(redteneri)",508240,38030,"deleted","2026-09-29T03:52:36.361+08:00","2026-10-04T02:24:39.450+08:00",508240,"",""
239794,"66yoshi99","6yoshi9",554505,7713,"active","2026-09-29T00:02:28.338+08:00","2026-09-29T00:02:28.338+08:00",554505,"",""
239792,"honekkkko","honekk0",984815,33148,"active","2026-09-28T23:35:48.489+08:00","2026-09-28T23:35:48.489+08:00",984815,"",""
239788,"337148831","beemyloverfu",1449841,33148,"active","2026-09-28T23:32:45.169+08:00","2026-09-28T23:32:45.169+08:00",1449841,"",""
239782,"cow_(mario)","moo_moo_(mario)",554505,38001,"active","2026-09-28T22:55:06.615+08:00","2026-09-28T22:55:06.615+08:00",554505,"",""
239778,"haotao_xiao_niao","cryinggyarados",567822,33148,"active","2026-09-28T22:42:19.876+08:00","2026-09-28T22:42:19.876+08:00",567822,"",""
239774,"tunawinesauce","tuna-jy",1054326,7713,"active","2026-09-28T22:20:09.855+08:00","2026-09-28T22:20:09.855+08:00",1054326,"",""
239772,"fufu_(vtuber)_(black_hole_sun)","fufu_(black_hole_sun)_(vtuber)",554505,23520,"active","2026-09-28T22:18:37.893+08:00","2026-09-28T22:18:37.893+08:00",554505,"",""
239740,"herupu0","two_strongtiger",1051003,33148,"active","2026-09-28T19:28:55.570+08:00","2026-10-03T04:37:25.450+08:00",1051003,"",""
239736,"brave-chicken","brave_chicken",1288648,33148,"active","2026-09-28T18:34:13.718+08:00","2026-09-28T18:34:13.718+08:00",1288648,"",""
239732,"sauritart","saurit",904806,33148,"active","2026-09-28T14:44:37.371+08:00","2026-09-28T14:44:37.371+08:00",904806,"",""
239724,"blankowalski","blankowalska",1218089,7713,"active","2026-09-28T12:11:26.002+08:00","2026-09-28T12:11:26.002+08:00",1218089,"",""
239722,"namekolovelove","qoo_1025",1218089,7713,"active","2026-09-28T12:08:14.499+08:00","2026-09-28T12:08:14.499+08:00",1218089,"",""
239720,"raynagangstar","rayna_gangstar",1084933,33148,"active","2026-09-28T12:07:15.175+08:00","2026-09-28T12:07:15.175+08:00",1084933,"",""
239716,"zyamon6","geromonzya",1218089,7713,"active","2026-09-28T12:07:05.757+08:00","2026-09-28T12:07:05.757+08:00",1218089,"",""
239714,"uwakawassap","gaji",1218089,7713,"active","2026-09-28T12:04:31.374+08:00","2026-09-28T12:04:31.374+08:00",1218089,"",""
239712,"yuuzi_(mhs_72502)","guagua",1218089,7713,"active","2026-09-28T12:02:37.430+08:00","2026-09-28T12:02:37.430+08:00",1218089,"",""
239710,"reijiruu","semasemaphor",1218089,7713,"active","2026-09-28T12:00:31.544+08:00","2026-09-28T12:00:31.544+08:00",1218089,"",""
239706,"mcmin28550355","himawari_(kylsher)",1218089,7713,"active","2026-09-28T11:52:41.115+08:00","2026-09-28T11:52:41.115+08:00",1218089,"",""
239704,"asagi10932","assatakku",1218089,7713,"active","2026-09-28T11:50:39.379+08:00","2026-09-28T11:50:39.379+08:00",1218089,"",""
239702,"suemikininy","anglerffi",1218089,7713,"active","2026-09-28T11:46:25.010+08:00","2026-09-28T11:46:25.010+08:00",1218089,"",""
239700,"user_syja8472","karapi",1218089,7713,"active","2026-09-28T11:37:42.325+08:00","2026-09-28T11:37:42.325+08:00",1218089,"",""
239698,"yunbeiiiii","yunbei3",1218089,7713,"active","2026-09-28T11:36:41.965+08:00","2026-09-28T11:36:41.965+08:00",1218089,"",""
239694,"nasi_(na_si)","tsutanasi",764362,33148,"active","2026-09-28T08:03:45.893+08:00","2026-09-28T08:03:45.893+08:00",764362,"",""
239669,"nauvvii","reikku",1541346,33148,"active","2026-09-28T01:13:13.212+08:00","2026-09-28T01:13:13.212+08:00",1541346,"",""
239665,"ameko0617","ameko0617_(commissioner)",1368569,33148,"active","2026-09-28T00:09:12.608+08:00","2026-09-28T00:09:12.608+08:00",1368569,"",""
239664,"092_umineko","ameko0617_(commissioner)",1368569,33148,"active","2026-09-28T00:09:07.586+08:00","2026-09-28T00:09:07.586+08:00",1368569,"",""
239657,"ppj705904378810","ppj0104",109167,33148,"active","2026-09-27T23:09:39.394+08:00","2026-09-27T23:09:39.394+08:00",109167,"",""
239651,"anqiao_de_monv","anqi'ao_de_monv",1151956,33148,"active","2026-09-27T20:56:14.361+08:00","2026-09-27T20:56:14.361+08:00",1151956,"",""
239647,"0kami_89zo","ooinu_uruya",527891,33148,"active","2026-09-27T19:58:12.720+08:00","2026-09-27T19:58:12.720+08:00",527891,"",""
239643,"nyr50ml","ohuton_(nyr50ml)",1054326,33148,"active","2026-09-27T18:40:39.657+08:00","2026-09-27T18:40:39.657+08:00",1054326,"",""
239628,"aa-rance","sekai_ichii",475832,33148,"active","2026-09-27T15:59:56.459+08:00","2026-09-27T15:59:56.459+08:00",475832,"",""
239624,"n_lov777a","togenashi_(n_lov777a)",1054326,33148,"active","2026-09-27T15:23:41.670+08:00","2026-09-27T15:23:41.670+08:00",1054326,"",""
239623,"x_bland02","beuldeu",1054326,33148,"active","2026-09-27T15:23:37.621+08:00","2026-09-27T15:23:37.621+08:00",1054326,"",""
239606,"helianthuswww","neimiaodazonggong",567822,33148,"active","2026-09-27T11:00:15.955+08:00","2026-09-27T11:00:15.955+08:00",567822,"",""
239602,"olympia_(fire_emblem)","olympia_iris",1130070,22728,"active","2026-09-27T10:45:30.308+08:00","2026-09-27T10:45:30.308+08:00",1130070,"",""
239601,"mu_(fire_emblem)","mu_ogosto",1130070,22728,"active","2026-09-27T10:45:27.807+08:00","2026-09-27T10:45:27.807+08:00",1130070,"",""
239600,"bonaventure_(fire_emblem)","bonaventure_satornio",1130070,22728,"active","2026-09-27T10:45:25.155+08:00","2026-09-27T10:45:25.155+08:00",1130070,"",""
239599,"esmeralda_(fire_emblem)","esmeralda_sinza",1130070,22728,"active","2026-09-27T10:45:18.565+08:00","2026-09-27T10:45:18.565+08:00",1130070,"",""
239598,"ultand_(fire_emblem)","ultand_serowain",1130070,22728,"active","2026-09-27T10:45:14.757+08:00","2026-09-27T10:45:14.757+08:00",1130070,"",""
239590,"boku_o_sonna_me_de_minaide_(vocaloid)","boku_wo_sonna_me_de_minai_de_(vocaloid)",1130070,28271,"active","2026-09-27T09:56:41.315+08:00","2026-09-27T09:56:41.315+08:00",1130070,"",""
239586,"ryzzie","harulovesbp",1070698,33148,"active","2026-09-27T09:00:55.025+08:00","2026-09-27T09:00:55.025+08:00",1070698,"",""
239576,"ow_(vrew3345)","ow_(ow1804)",718718,33148,"active","2026-09-27T08:02:55.164+08:00","2026-09-27T08:02:55.164+08:00",718718,"",""
239575,"ow1804","ow_(ow1804)",718718,33148,"active","2026-09-27T08:02:49.759+08:00","2026-09-27T08:02:49.759+08:00",718718,"",""
239540,"29fvi","naru_tomaki",1310487,37994,"active","2026-09-27T03:09:23.835+08:00","2026-09-27T03:09:23.835+08:00",1310487,"",""
239488,"kori_kms","kori_(etinop)",468612,33148,"active","2026-09-26T17:09:36.940+08:00","2026-09-26T17:09:36.940+08:00",468612,"",""
239484,"bai_lai_sama","yanyanlang",1182530,33148,"active","2026-09-26T16:03:47.406+08:00","2026-09-26T16:03:47.406+08:00",1182530,"",""
239480,"chakkab","chacab",280788,7713,"active","2026-09-26T10:32:38.537+08:00","2026-09-26T10:32:38.537+08:00",280788,"",""
239478,"jili51232","azhi_(lpenny)",280788,7713,"active","2026-09-26T10:31:07.620+08:00","2026-09-26T10:31:07.620+08:00",280788,"",""
239477,"lpenny","azhi_(lpenny)",280788,7713,"active","2026-09-26T10:31:05.233+08:00","2026-09-26T10:31:05.233+08:00",280788,"",""
239472,"37104kii","ogami_yuki",115784,33148,"active","2026-09-26T05:07:26.061+08:00","2026-09-26T05:07:26.061+08:00",115784,"",""
239464,"629de168000000002102acc1","heibai_bangbing",1538267,33148,"active","2026-09-26T04:44:59.247+08:00","2026-09-26T04:44:59.247+08:00",1538267,"",""
239443,"aims6363","yunomi_(yunomi1129)",109167,33148,"active","2026-09-26T02:35:45.332+08:00","2026-09-26T02:35:45.332+08:00",109167,"",""
239435,"husbandmaru","moumantai_uyuni",475832,33148,"active","2026-09-26T00:47:32.523+08:00","2026-09-26T00:47:32.523+08:00",475832,"",""
239431,"daichi777zz","kaede7765",475832,33148,"active","2026-09-26T00:12:53.248+08:00","2026-09-26T00:12:53.248+08:00",475832,"",""
239427,"hanazono_hakari's_father","hanazono_kaoru",1130070,37980,"active","2026-09-25T23:47:49.926+08:00","2026-09-25T23:47:49.926+08:00",1130070,"",""
239425,"yemingway_1214","yemingway",567822,33148,"active","2026-09-25T23:46:01.197+08:00","2026-09-25T23:46:01.197+08:00",567822,"",""
239421,"dashelifangzongcan","yemingway",567822,33148,"active","2026-09-25T23:44:27.818+08:00","2026-09-25T23:46:01.309+08:00",567822,"",""
239411,"henaaaa","nahae",1362110,33148,"active","2026-09-25T22:52:12.164+08:00","2026-09-25T22:52:12.164+08:00",1362110,"",""
239405,"sldjfrnfjyny","kulkul",1288648,33148,"active","2026-09-25T22:24:03.363+08:00","2026-09-25T22:24:03.363+08:00",1288648,"",""
239398,"invalee","velahka",872990,33148,"active","2026-09-25T16:33:32.846+08:00","2026-09-25T16:33:32.846+08:00",872990,"",""
239394,"yuyu_(yuyu_land_yuyu)","yamaneko_(jyorujyomorieru)",866222,33148,"active","2026-09-25T13:28:36.665+08:00","2026-09-25T13:28:36.665+08:00",866222,"",""
239378,"grassfour","ivy60530",1368569,33148,"active","2026-09-25T04:33:33.898+08:00","2026-09-25T04:33:33.898+08:00",1368569,"",""
239374,"liangqi88478","kkkkkk202357",101372,33148,"active","2026-09-25T03:58:40.573+08:00","2026-09-25T03:58:40.573+08:00",101372,"",""
239368,"headphones_removed","unworn_headphones",52664,37906,"active","2026-09-25T03:33:31.251+08:00","2026-09-25T03:33:31.251+08:00",52664,"",""
239366,"cold_on_skin","sudden_cold_prank",52664,37868,"active","2026-09-25T03:22:19.637+08:00","2026-09-25T03:22:19.637+08:00",52664,"",""
239364,"detective_hat","deerstalker",52664,37916,"active","2026-09-25T03:15:06.204+08:00","2026-09-25T03:15:06.204+08:00",52664,"",""
239362,"chiikabu_(chiikawa)","kabutomushi_(chiikawa)",52664,37902,"active","2026-09-25T03:11:59.639+08:00","2026-09-25T03:11:59.639+08:00",52664,"",""
239360,"cone_hat","conical_hat",52664,37920,"active","2026-09-25T03:04:30.199+08:00","2026-09-25T03:04:30.199+08:00",52664,"",""
239358,"wild_hunt_academy_of_arts_logo","wildhunt_art_academy_logo",52664,37927,"active","2026-09-25T02:48:43.105+08:00","2026-09-25T02:48:43.105+08:00",52664,"",""
239356,"amaka_eru","amaga_elu",52664,37928,"active","2026-09-25T02:46:58.101+08:00","2026-09-25T02:46:58.101+08:00",52664,"",""
239354,"lion_hair","lion_mane",52664,37944,"active","2026-09-25T02:41:30.252+08:00","2026-09-25T02:41:30.252+08:00",52664,"",""
239352,"heart_hairpin","heart_hair_ornament",52664,37936,"active","2026-09-25T02:40:04.101+08:00","2026-09-25T02:40:04.101+08:00",52664,"",""
239350,"i_see_you_aizawa-san!","mietemasu_yo!_aizawa-san",52664,16840,"active","2026-09-25T02:39:13.062+08:00","2026-09-25T02:39:13.062+08:00",52664,"",""
239348,"overgeared","temppal",52664,16840,"active","2026-09-25T02:38:21.625+08:00","2026-09-25T02:38:21.625+08:00",52664,"",""
239346,"dogtanian_and_the_three_muskehounds","wanwan_sanjuushi",52664,16840,"active","2026-09-25T02:38:06.154+08:00","2026-09-25T02:38:06.154+08:00",52664,"",""
239345,"the_mysterious_cities_of_gold","taiyou_no_ko_esteban",52664,16840,"active","2026-09-25T02:38:04.161+08:00","2026-09-25T02:38:04.161+08:00",52664,"",""
239344,"delinquent_shrine_maiden","yankee_miko-san",52664,16840,"active","2026-09-25T02:38:01.888+08:00","2026-09-25T02:38:01.888+08:00",52664,"",""
239342,"the_many_dream_journeys_of_meme","miimu_iro_iro_yume_no_tabi",52664,16840,"active","2026-09-25T02:38:01.577+08:00","2026-09-25T02:38:01.577+08:00",52664,"",""
239341,"demetan_croaker_the_boy_frog","kerokko_demetan",52664,16840,"active","2026-09-25T02:37:59.025+08:00","2026-09-25T02:37:59.025+08:00",52664,"",""
239336,"nope_nope_nurses","sakusei_byoutou",52664,37937,"active","2026-09-25T02:37:32.499+08:00","2026-09-25T02:37:32.499+08:00",52664,"",""
239334,"hero_(navigavi)","hero_(party_o_kumimasen_ka?)",52664,37517,"active","2026-09-25T02:32:45.694+08:00","2026-09-25T02:32:45.694+08:00",52664,"",""
239333,"you_(navigavi)","hero_(party_o_kumimasen_ka?)",52664,37517,"active","2026-09-25T02:32:43.622+08:00","2026-09-25T02:32:43.622+08:00",52664,"",""
239332,"worrior_(navigavi)","worrior_(party_o_kumimasen_ka?)",52664,37517,"active","2026-09-25T02:32:41.025+08:00","2026-09-25T02:32:41.025+08:00",52664,"",""
239331,"villager_(navigavi)","villager_(party_o_kumimasen_ka?)",52664,37517,"active","2026-09-25T02:32:39.044+08:00","2026-09-25T02:32:39.044+08:00",52664,"",""
239330,"thief_(navigavi)","thief_(party_o_kumimasen_ka?)",52664,37517,"active","2026-09-25T02:32:36.523+08:00","2026-09-25T02:32:36.523+08:00",52664,"",""
239329,"succubus_(navigavi)","succubus_(party_o_kumimasen_ka?)",52664,37517,"active","2026-09-25T02:32:34.283+08:00","2026-09-25T02:32:34.283+08:00",52664,"",""
239328,"sister_(?)_(navigavi)","sister_(party_o_kumimasen_ka?)",52664,37517,"active","2026-09-25T02:32:30.708+08:00","2026-09-25T02:32:30.708+08:00",52664,"",""
239327,"saint_(navigavi)","saint_(party_o_kumimasen_ka?)",52664,37517,"active","2026-09-25T02:32:28.629+08:00","2026-09-25T02:32:28.629+08:00",52664,"",""
239326,"sage_(navigavi)","sage_(party_o_kumimasen_ka?)",52664,37517,"active","2026-09-25T02:32:26.483+08:00","2026-09-25T02:32:26.483+08:00",52664,"",""
239325,"noble_(navigavi)","noble_(party_o_kumimasen_ka?)",52664,37517,"active","2026-09-25T02:32:24.209+08:00","2026-09-25T02:32:24.209+08:00",52664,"",""
239324,"mage_(navigavi)","mage_(party_o_kumimasen_ka?)",52664,37517,"active","2026-09-25T02:32:21.228+08:00","2026-09-25T02:32:21.228+08:00",52664,"",""
239323,"knight_(navigavi)","knight_(party_o_kumimasen_ka?)",52664,37517,"active","2026-09-25T02:32:18.723+08:00","2026-09-25T02:32:18.723+08:00",52664,"",""
239322,"healer_(navigavi)","healer_(party_o_kumimasen_ka?)",52664,37517,"active","2026-09-25T02:32:16.496+08:00","2026-09-25T02:32:16.496+08:00",52664,"",""
239321,"cleric_(navigavi)","cleric_(party_o_kumimasen_ka?)",52664,37517,"active","2026-09-25T02:32:14.388+08:00","2026-09-25T02:32:14.388+08:00",52664,"",""
239320,"chef_(navigavi)","chef_(party_o_kumimasen_ka?)",52664,37517,"active","2026-09-25T02:32:12.250+08:00","2026-09-25T02:32:12.250+08:00",52664,"",""
239319,"assassin_(navigavi)","assassin_(party_o_kumimasen_ka?)",52664,37517,"active","2026-09-25T02:32:10.270+08:00","2026-09-25T02:32:10.270+08:00",52664,"",""
239318,"archer_(navigavi)","archer_(party_o_kumimasen_ka?)",52664,37517,"active","2026-09-25T02:32:07.545+08:00","2026-09-25T02:32:07.545+08:00",52664,"",""
239317,"shall_we_form_a_party?","party_o_kumimasen_ka?",52664,37517,"active","2026-09-25T02:32:05.570+08:00","2026-09-25T02:32:05.570+08:00",52664,"",""
239298,"aroma_(xhs_63618445513)","tiluweier127",52664,7713,"active","2026-09-25T02:26:28.061+08:00","2026-09-25T02:26:28.061+08:00",52664,"",""
239296,"yeolomang","gongichaa",52664,7713,"active","2026-09-25T02:25:35.174+08:00","2026-09-25T02:25:35.174+08:00",52664,"",""
239294,"ashisen49","riokasen",52664,7713,"active","2026-09-25T02:25:09.529+08:00","2026-09-25T02:25:09.529+08:00",52664,"",""
239292,"harumiya_(primrose25)","yuka_(primrose25)",52664,7713,"active","2026-09-25T02:25:00.639+08:00","2026-09-25T02:25:00.639+08:00",52664,"",""
239291,"harumiya","yuka_(primrose25)",52664,7713,"deleted","2026-09-25T02:24:50.161+08:00","2026-09-25T02:25:00.628+08:00",52664,"",""
239288,"fire_fiend_of_the_white_crow_forest","purifire_of_the_winter_raven's_forest",52664,20444,"active","2026-09-25T02:08:54.121+08:00","2026-09-25T02:08:54.121+08:00",52664,"",""
239287,"diabellze_the_mistress_of_the_white_crow_forest","diabellze_heiress_of_the_winter_raven's_forest",52664,20444,"active","2026-09-25T02:08:50.055+08:00","2026-09-25T02:08:50.055+08:00",52664,"",""
239284,"the_world's_greatest_gallant_thief","the_great_gallant_bandit",52664,20444,"active","2026-09-25T02:08:41.036+08:00","2026-09-25T02:08:41.036+08:00",52664,"",""
239283,"akasuna_the_golden_deity_asutra","akasuna_the_battle_asutra",52664,20444,"active","2026-09-25T02:08:35.573+08:00","2026-09-25T02:08:35.573+08:00",52664,"",""
239282,"kuzuha_the_bewitching_deity_ashtra","kuzuha_the_hex_ashtra",52664,20444,"active","2026-09-25T02:08:28.698+08:00","2026-09-25T02:08:28.698+08:00",52664,"",""
239281,"yoa_the_plague_deity_ashtra","yoa_the_plague_ashtra",52664,20444,"active","2026-09-25T02:08:25.093+08:00","2026-09-25T02:08:25.093+08:00",52664,"",""
239280,"mikumari_the_sealing_deity_asutra","mikumari_the_banisher_ashtra",52664,20444,"active","2026-09-25T02:08:21.593+08:00","2026-09-25T02:08:21.593+08:00",52664,"",""
239279,"medicurius_the_power_patron_of_illusions","mediclius_the_extraordinary_power_patron",52664,20444,"active","2026-09-25T02:08:17.825+08:00","2026-09-25T02:08:17.825+08:00",52664,"",""
239272,"asutraya_mikumari_no_mikoto","ashtraya_mikumari-no-mikoto",52664,20444,"active","2026-09-25T02:07:28.491+08:00","2026-09-25T02:07:28.491+08:00",52664,"",""
239270,"white_clover_(unfy8472)","white_clover_(whiteclover0729)",103979,33148,"active","2026-09-25T02:05:47.460+08:00","2026-09-25T02:05:47.460+08:00",103979,"",""
239264,"botaten","doujenrad",280788,33148,"active","2026-09-25T01:29:48.503+08:00","2026-09-25T01:29:48.503+08:00",280788,"",""
239256,"wanderlands_k","kanmidokoro_curly",589498,33148,"active","2026-09-25T01:11:31.540+08:00","2026-09-25T01:11:31.540+08:00",589498,"",""
239252,"7403","dokoko",1368569,33148,"active","2026-09-25T00:47:10.525+08:00","2026-09-25T00:47:10.525+08:00",1368569,"",""
239248,"dok0ko","dokoko",1368569,33148,"active","2026-09-25T00:44:56.536+08:00","2026-09-25T00:47:10.667+08:00",1368569,"",""
239234,"siox_(337181412)","sio7x",897818,33148,"active","2026-09-25T00:21:09.491+08:00","2026-09-25T00:21:09.491+08:00",897818,"",""
239228,"yakumo_beni_(6th_costume)","yakumo_beni_(kimono)",1130070,23520,"active","2026-09-24T23:32:49.505+08:00","2026-09-24T23:32:49.505+08:00",1130070,"",""
239227,"yakumo_beni_(5th_costume)","yakumo_beni_(loungewear)",1130070,23520,"active","2026-09-24T23:32:41.350+08:00","2026-09-24T23:32:41.350+08:00",1130070,"",""
239226,"yakumo_beni_(4th_costume)","yakumo_beni_(sporty)",1130070,23520,"active","2026-09-24T23:32:28.283+08:00","2026-09-24T23:32:28.283+08:00",1130070,"",""
239225,"yakumo_beni_(3rd_costume)","yakumo_beni_(casual)",1130070,23520,"active","2026-09-24T23:32:21.708+08:00","2026-09-24T23:32:21.708+08:00",1130070,"",""
239224,"yakumo_beni_(2nd_costume)","yakumo_beni_(bunny)",1130070,23520,"active","2026-09-24T23:32:11.689+08:00","2026-09-24T23:32:11.689+08:00",1130070,"",""
239208,"tengusa_(question612)","tengusa_(sinobazu_not)",893687,33148,"active","2026-09-24T20:05:20.415+08:00","2026-09-24T20:05:20.415+08:00",893687,"",""
239200,"funabashi_oso","dotcomi",815449,33148,"active","2026-09-24T15:41:43.630+08:00","2026-09-24T15:41:43.630+08:00",815449,"",""
239196,"shibuya_toast","honey_toast",1130070,37964,"active","2026-09-24T13:47:22.357+08:00","2026-09-24T13:47:22.357+08:00",1130070,"",""
239194,"furen_e_lustario_(9th_costume)","furen_e_lustario_(battle)",1130070,23520,"active","2026-09-24T12:34:10.886+08:00","2026-09-24T12:34:10.886+08:00",1130070,"",""
239193,"furen_e_lustario_(7th_costume)","furen_e_lustario_(qipao)",1130070,23520,"active","2026-09-24T12:33:59.838+08:00","2026-09-24T12:33:59.838+08:00",1130070,"",""
239192,"furen_e_lustario_(5th_costume)","furen_e_lustario_(loungewear)",1130070,23520,"active","2026-09-24T12:33:43.979+08:00","2026-09-24T12:33:43.979+08:00",1130070,"",""
239191,"furen_e_lustario_(4th_costume)","furen_e_lustario_(winter_casual)",1130070,23520,"active","2026-09-24T12:33:34.401+08:00","2026-09-24T12:33:34.401+08:00",1130070,"",""
239190,"furen_e_lustario_(3rd_costume)","furen_e_lustario_(idol)",1130070,23520,"active","2026-09-24T12:33:25.152+08:00","2026-09-24T12:33:25.152+08:00",1130070,"",""
239189,"furen_e_lustario_(2nd_costume)","furen_e_lustario_(summer_casual)",1130070,23520,"active","2026-09-24T12:33:07.202+08:00","2026-09-24T12:33:07.202+08:00",1130070,"",""
239182,"chef_fighting_chicken_(meme)","bandeusi!_madinneun_yorireul_haenaegetsseumnida_(meme)",1130070,37945,"active","2026-09-24T12:18:44.332+08:00","2026-09-24T12:18:44.332+08:00",1130070,"",""
239178,"frontier_town","ciel_(aozora_aoi)",68250,33148,"active","2026-09-24T11:58:46.710+08:00","2026-09-24T11:58:46.710+08:00",68250,"",""
239177,"mitsuya_(328)","ninohana",68250,33148,"active","2026-09-24T11:58:43.506+08:00","2026-09-24T11:58:43.506+08:00",68250,"",""
239176,"umashio","umau_mashio",68250,33148,"active","2026-09-24T11:58:31.361+08:00","2026-09-24T11:58:31.361+08:00",68250,"",""
239175,"shoumizukawa","mizukawa_shou",68250,33148,"active","2026-09-24T11:58:28.560+08:00","2026-09-24T11:58:28.560+08:00",68250,"",""
239174,"karasu_sentaro","karasumaru_sentarou",68250,33148,"active","2026-09-24T11:58:26.705+08:00","2026-09-24T11:58:26.705+08:00",68250,"",""
239173,"weimoyang","mio_(weimoyang)",68250,33148,"active","2026-09-24T11:58:23.271+08:00","2026-09-24T11:58:23.271+08:00",68250,"",""
239152,"leaked_student_(danganronpa_2x2)","higashi_sakutaro",556219,37621,"active","2026-09-24T09:49:08.841+08:00","2026-09-24T09:49:08.841+08:00",556219,"",""
239146,"nayaur0903","shixiaoqina",1538267,33148,"active","2026-09-24T08:40:06.189+08:00","2026-09-24T08:40:06.189+08:00",1538267,"",""
239140,"p-u-n-i","tong_poo_(p-u-n-i)",68250,33148,"active","2026-09-24T05:01:31.701+08:00","2026-09-24T05:01:31.701+08:00",68250,"",""
239139,"kechap_rice","kechap_man",68250,33148,"active","2026-09-24T05:01:30.364+08:00","2026-09-24T05:01:30.364+08:00",68250,"",""
239138,"korori_(57773986)","korori_(mofumofu)",68250,33148,"active","2026-09-24T05:01:28.466+08:00","2026-09-24T05:01:28.466+08:00",68250,"",""
239137,"asa_(azainagamasa)","asanami_ayuki",68250,33148,"active","2026-09-24T05:01:26.579+08:00","2026-09-24T05:01:26.579+08:00",68250,"",""
239136,"tometo_pot","yonaki_oyster",68250,33148,"active","2026-09-24T05:01:23.841+08:00","2026-09-24T05:01:23.841+08:00",68250,"",""
239135,"plainbox","yorupo_(plainbox)",68250,33148,"active","2026-09-24T05:01:22.244+08:00","2026-09-24T05:01:22.244+08:00",68250,"",""
239134,"hanpen_kounaien","kurouma_(hanpen_kounaien)",68250,33148,"active","2026-09-24T05:01:18.420+08:00","2026-09-24T05:01:18.420+08:00",68250,"",""
239133,"medamayaki_tro","namagomi_(jinzou_mirror_ball)",68250,33148,"active","2026-09-24T05:01:16.627+08:00","2026-09-24T05:01:16.627+08:00",68250,"",""
239132,"haru666_n","harutsugu_(uota_hamosuke)",68250,33148,"active","2026-09-24T05:01:15.305+08:00","2026-09-24T05:01:15.305+08:00",68250,"",""
239131,"choroi_amachori","ohakka_(shachi-hokori)",68250,33148,"active","2026-09-24T05:01:09.017+08:00","2026-09-24T05:01:09.017+08:00",68250,"",""
239082,"jrnhsi","cris_(chururira2da3)",1368569,33148,"active","2026-09-24T03:27:29.326+08:00","2026-09-24T03:27:29.326+08:00",1368569,"",""
239078,"slutty_demon","cami_arriaga_c",1116846,33148,"active","2026-09-24T03:14:49.976+08:00","2026-09-24T03:14:49.976+08:00",1116846,"",""
239054,"watanabe_no_tsuna_(halloween_2026)_(fate)","watanabe_no_tsuna_(vamp_warrior)_(fate)",508240,26405,"active","2026-09-24T00:32:15.766+08:00","2026-09-24T00:32:15.766+08:00",508240,"",""
239053,"tutankhamun_(halloween_2026)_(fate)","tutankhamun_(unexpected_awakening_of_the_west_king!)_(fate)",508240,26405,"active","2026-09-24T00:32:11.857+08:00","2026-09-24T00:32:11.857+08:00",508240,"",""
239052,"kukulkan_(halloween_2026)_(fate)","kukulkan_(dinos_witch)_(fate)",508240,26405,"active","2026-09-24T00:32:05.272+08:00","2026-09-24T00:32:05.272+08:00",508240,"",""
239051,"jack_the_ripper_(halloween_2026)_(fate)","jack_the_ripper_(zombie_nurse_the_ripper)_(fate)",508240,26405,"active","2026-09-24T00:31:56.977+08:00","2026-09-24T00:31:56.977+08:00",508240,"",""
239046,"under_lemons","pairidisaea",585210,33148,"active","2026-09-23T21:55:36.615+08:00","2026-09-23T21:55:36.615+08:00",585210,"",""
239004,"cerguss","bulilip",1195543,33148,"active","2026-09-23T11:44:57.922+08:00","2026-09-23T11:44:57.922+08:00",1195543,"",""
239000,"subguss","bulilip",1195543,33148,"active","2026-09-23T11:40:24.821+08:00","2026-09-23T11:40:24.821+08:00",1195543,"",""
238995,"mastema","mastema_(mao_xiao_pan)",749201,33148,"active","2026-09-23T10:06:13.778+08:00","2026-09-23T10:06:13.778+08:00",749201,"",""
238991,"ene_gnshn","eneeues",433258,33148,"active","2026-09-23T09:12:06.742+08:00","2026-09-23T09:12:06.742+08:00",433258,"",""
238990,"rennuarts","mazi_(pirate_archer)",433258,33148,"active","2026-09-23T09:12:01.822+08:00","2026-09-23T09:12:01.822+08:00",433258,"",""
238983,"muzkiakira","mutsuki_akira",1103267,33148,"active","2026-09-23T05:40:21.430+08:00","2026-09-23T05:40:21.430+08:00",1103267,"",""
238979,"american_dragon_jake_long","american_dragon:_jake_long",554505,31740,"active","2026-09-23T04:49:36.389+08:00","2026-09-23T04:49:36.389+08:00",554505,"",""
238928,"paishen_(team_tategami)","raipyo_(team_tategami)",974737,33148,"active","2026-09-22T22:49:46.022+08:00","2026-09-22T22:49:46.022+08:00",974737,"",""
238924,"hinashio_(dmej5427)","culumin_sensei",103979,33148,"active","2026-09-22T22:42:49.466+08:00","2026-09-22T22:42:49.466+08:00",103979,"",""
238920,"marshal_(artist)","marshal_(marshal234)",103979,33148,"active","2026-09-22T22:40:21.263+08:00","2026-09-22T22:40:21.263+08:00",103979,"",""
238854,"haohewulongchahaochihudiesu","nitacha_tea",1228669,33148,"active","2026-09-22T21:40:04.056+08:00","2026-09-22T21:40:09.510+08:00",1228669,"",""
238815,"a-er_(akkij0358)","a-alu",718515,33148,"active","2026-09-22T10:42:26.888+08:00","2026-09-22T10:42:26.888+08:00",718515,"",""
238793,"lingdu876","ryouto9594",1087973,33148,"active","2026-09-22T09:44:58.757+08:00","2026-09-22T09:44:58.757+08:00",1087973,"",""
238765,"alice_(resident_evil)","alice_abernathy",85307,37922,"active","2026-09-22T05:30:06.360+08:00","2026-09-22T05:30:06.360+08:00",85307,"",""
238763,"user_nsjg2377","nana_shichiam",1538267,7713,"active","2026-09-22T04:52:51.252+08:00","2026-09-22T04:52:51.252+08:00",1538267,"",""
238761,"a_gou_joegranule","joegranule",1538267,7713,"active","2026-09-22T04:51:59.204+08:00","2026-09-22T04:51:59.204+08:00",1538267,"",""
238753,"ohatoko","konyamayuri_mazero",1116846,33148,"active","2026-09-22T03:30:43.755+08:00","2026-09-22T03:30:43.755+08:00",1116846,"",""
238749,"takoo_p","bukei",438160,33148,"active","2026-09-22T02:53:44.232+08:00","2026-09-22T02:53:44.232+08:00",438160,"",""
238745,"okotoru","okotte-neko",1051003,33148,"active","2026-09-22T02:28:19.473+08:00","2026-09-22T02:28:19.473+08:00",1051003,"",""
238703,"pisuke_wan","inuno_pisuke",433258,33148,"active","2026-09-22T00:43:12.205+08:00","2026-09-22T00:43:12.205+08:00",433258,"",""
238699,"mihari10000kai","freshd_0325",1350155,33148,"active","2026-09-21T23:56:44.315+08:00","2026-09-21T23:56:44.315+08:00",1350155,"",""
238695,"ace_cute_cool","ibitsu_yugami",743221,7713,"active","2026-09-21T20:35:13.114+08:00","2026-09-21T20:35:13.114+08:00",743221,"",""
238689,"sukiyakidane","sugokusukinanda",1492054,33148,"active","2026-09-21T16:19:23.115+08:00","2026-09-21T16:19:23.115+08:00",1492054,"",""
238685,"immeslogout","decadedecadence",1234382,33148,"active","2026-09-21T16:14:43.629+08:00","2026-09-21T16:14:43.629+08:00",1234382,"",""
238681,"jje_py","jepy_(jje_py)",1488146,33148,"active","2026-09-21T15:54:56.770+08:00","2026-09-21T15:54:56.770+08:00",1488146,"",""
238680,"jepy_(pixiv_63967882)","jepy_(jje_py)",1488146,33148,"active","2026-09-21T15:54:53.754+08:00","2026-09-21T15:54:53.754+08:00",1488146,"",""
238661,"banlist_(yu-gi-oh!)","forbidden_list_(yu-gi-oh!)",1130070,37935,"active","2026-09-21T10:36:57.837+08:00","2026-09-21T10:36:57.837+08:00",1130070,"",""
238657,"moji_(narutomaki12)","mojisanp",433258,33148,"active","2026-09-21T07:37:56.148+08:00","2026-09-21T07:37:56.148+08:00",433258,"",""
238649,"mitsuhashi_sakurako","mitsubachi_hanako",822807,33148,"active","2026-09-21T03:37:48.084+08:00","2026-09-21T03:37:48.084+08:00",822807,"",""
238643,"estherafterdark","estherart0",1182530,33148,"active","2026-09-21T03:17:04.873+08:00","2026-09-21T03:17:04.873+08:00",1182530,"",""
238637,"ttmraa1","totomuraakat",1634568,33148,"active","2026-09-21T02:31:16.862+08:00","2026-09-21T02:31:16.862+08:00",1634568,"",""
238633,"jack_alope_to","tokaku_(jack_alope_to)",590709,33148,"active","2026-09-21T01:59:06.909+08:00","2026-09-21T01:59:06.909+08:00",590709,"",""
238627,"ritsu_(utaelhn)","fujise_mizu",590709,33148,"active","2026-09-21T01:42:17.399+08:00","2026-09-21T01:42:17.399+08:00",590709,"",""
238623,"nonalcoholic66","placeboeffect66",1130070,7713,"active","2026-09-20T23:56:37.524+08:00","2026-09-20T23:56:37.524+08:00",1130070,"",""
238619,"user_knfv2752","k4smz",786597,33148,"active","2026-09-20T21:51:29.464+08:00","2026-09-20T21:51:29.464+08:00",786597,"",""
238615,"shiramori_sawa","fuji_miyako_(artist)",480070,33148,"active","2026-09-20T21:24:27.187+08:00","2026-09-20T21:24:27.187+08:00",480070,"",""
238611,"atticuntrose","captain_rose_(voice_actor)",781002,33148,"active","2026-09-20T19:49:44.981+08:00","2026-09-20T19:49:44.981+08:00",781002,"",""
238607,"disp_height","paopp9961",932445,33148,"active","2026-09-20T16:17:30.925+08:00","2026-09-20T16:17:30.925+08:00",932445,"",""
238603,"haruuuu1185_(kubaharu)","kubaharu",932445,33148,"active","2026-09-20T16:07:13.221+08:00","2026-09-20T16:07:13.221+08:00",932445,"",""
238599,"spongeb0bfan","mila_wonwon",1105289,33148,"active","2026-09-20T15:18:12.311+08:00","2026-09-20T15:18:12.311+08:00",1105289,"",""
238593,"on_esan","kawase_hanikamu",621501,33148,"active","2026-09-20T14:01:47.916+08:00","2026-09-20T14:01:47.916+08:00",621501,"",""
238583,"torpedo_launcher","torpedo_tubes",85307,37216,"active","2026-09-20T10:01:17.346+08:00","2026-09-20T10:01:17.346+08:00",85307,"",""
238581,"xio1a","xiola'",1084933,33148,"active","2026-09-20T08:06:27.867+08:00","2026-09-20T08:06:27.867+08:00",1084933,"",""
238577,"smx3mmm","qimiaodeluxingzhe",1561614,33148,"active","2026-09-20T06:58:39.603+08:00","2026-09-20T06:58:39.603+08:00",1561614,"",""
238571,"telormenggacha","telor_(riri_con)",1343385,33148,"active","2026-09-20T06:24:18.274+08:00","2026-09-20T06:24:18.274+08:00",1343385,"",""
238559,"freezingcicada","angus_mang",1368569,7713,"active","2026-09-20T05:13:03.928+08:00","2026-09-20T05:13:03.928+08:00",1368569,"",""
238553,"1kml","n_uu_nn",770126,33148,"active","2026-09-20T03:47:50.660+08:00","2026-09-20T03:47:50.660+08:00",770126,"",""
238549,"ath_what","athart",433258,33148,"active","2026-09-20T03:35:01.264+08:00","2026-09-20T03:35:01.264+08:00",433258,"",""
238545,"lignedefuite54001","shan_han_shi-",749201,33148,"active","2026-09-20T02:47:21.307+08:00","2026-09-20T02:47:21.307+08:00",749201,"",""
238510,"wnbnryfol","wakaryang",1130070,7713,"active","2026-09-20T00:19:11.640+08:00","2026-09-20T00:19:11.640+08:00",1130070,"",""
238485,"huahua_de_xiang","xiangxdx",1316376,33148,"active","2026-09-19T20:01:13.792+08:00","2026-09-19T20:01:13.792+08:00",1316376,"",""
238473,"rioon_fish","umiri_o",1130070,7713,"active","2026-09-19T18:03:36.532+08:00","2026-09-19T18:03:36.532+08:00",1130070,"",""
238471,"purins_(berrycrepe)","purin_(berrycrepe)",1130070,37913,"active","2026-09-19T18:00:43.458+08:00","2026-09-19T18:00:43.458+08:00",1130070,"",""
238434,"user_avcw3483","summer3cucumber",767061,33148,"active","2026-09-19T11:27:41.206+08:00","2026-09-19T11:27:41.206+08:00",767061,"",""
238430,"deiar009","long_jiu",904806,33148,"active","2026-09-19T11:01:46.264+08:00","2026-09-19T11:01:46.264+08:00",904806,"",""
238424,"cristina_valenzuela","cristina_vee",52664,9627,"active","2026-09-19T06:47:18.546+08:00","2026-09-19T06:47:18.546+08:00",52664,"",""
238422,"ice_cream_sundae","sundae",52664,37854,"active","2026-09-19T06:44:46.503+08:00","2026-09-19T06:44:46.503+08:00",52664,"",""
238420,"tacchan_(navigavi)","tatchan_(navigavi)",52664,37517,"active","2026-09-19T06:43:39.460+08:00","2026-09-19T06:43:39.460+08:00",52664,"",""
238418,"ptviel","gravewilt",52664,7713,"active","2026-09-19T06:40:01.653+08:00","2026-09-19T06:40:01.653+08:00",52664,"",""
238416,"azuki_(tcg)","azuki_(arnold_tsang)",52664,7713,"active","2026-09-19T06:39:30.184+08:00","2026-09-19T06:39:30.184+08:00",52664,"",""
238415,"azuki","azuki_(moromoro)",52664,7713,"active","2026-09-19T06:39:27.821+08:00","2026-09-19T06:39:27.821+08:00",52664,"",""
238412,"user_uyjn4823","ddubb",527891,33148,"active","2026-09-19T05:18:26.367+08:00","2026-09-19T05:18:26.367+08:00",527891,"",""
238404,"su1zide","su1zi",1488146,7713,"active","2026-09-19T04:53:10.761+08:00","2026-09-19T04:53:10.761+08:00",1488146,"",""
238398,"zapklink","paizuiri_(artist)",430030,33148,"active","2026-09-19T02:58:13.781+08:00","2026-09-19T02:58:13.781+08:00",430030,"",""
238393,"zeroamu","denpa_(denpae29)",433258,33148,"active","2026-09-19T00:50:21.734+08:00","2026-09-19T00:50:21.734+08:00",433258,"",""
238392,"107vivi","ayanue",433258,33148,"active","2026-09-19T00:50:19.682+08:00","2026-09-19T00:50:19.682+08:00",433258,"",""
238352,"matsumo_(psrr7534)","matsumo_(pixiv_62919811)",103979,33148,"active","2026-09-18T23:56:22.419+08:00","2026-09-18T23:56:22.419+08:00",103979,"",""
238348,"hyk782954624","qiao_luobo_qiao_luobo_qiao_qiao_qiao",1368569,7713,"active","2026-09-18T23:54:34.141+08:00","2026-09-18T23:54:34.141+08:00",1368569,"",""
238344,"17088325525","muluozi",1368569,7713,"active","2026-09-18T23:53:31.857+08:00","2026-09-18T23:53:31.857+08:00",1368569,"",""
238340,"kano31051","kanonari",788473,33148,"active","2026-09-18T22:32:04.597+08:00","2026-09-18T22:32:04.597+08:00",788473,"",""
238334,"user_mwju5424","harugorou",1368569,33148,"active","2026-09-18T20:38:31.437+08:00","2026-09-18T20:38:31.437+08:00",1368569,"",""
238330,"full_bloom2000","paxmagellanic3",68250,33148,"active","2026-09-18T19:19:20.675+08:00","2026-09-18T19:19:20.675+08:00",68250,"",""
238326,"someday","itsukano1582",1130070,33148,"active","2026-09-18T18:55:50.018+08:00","2026-09-18T18:55:50.018+08:00",1130070,"",""
238322,"jinsoosungchan","j2sc",433258,33148,"active","2026-09-18T18:18:50.415+08:00","2026-09-18T18:18:50.415+08:00",433258,"",""
238318,"apiao_ya_jiu","tianqing_sanhua",433258,33148,"active","2026-09-18T18:13:02.274+08:00","2026-09-18T18:13:02.274+08:00",433258,"",""
238314,"swider","zhi_bai",433258,33148,"active","2026-09-18T18:10:21.367+08:00","2026-09-18T18:10:21.367+08:00",433258,"",""
238306,"hot_p0ka","atatame_(saikanetsu)",68250,33148,"active","2026-09-18T14:39:00.124+08:00","2026-09-18T14:39:00.124+08:00",68250,"",""
238305,"4ch1ak6oha","atatame_(saikanetsu)",68250,33148,"active","2026-09-18T14:38:58.008+08:00","2026-09-18T14:38:58.008+08:00",68250,"",""
238290,"su_xi07","crookdshrimp",1105289,33148,"active","2026-09-18T13:28:03.990+08:00","2026-09-18T13:28:03.990+08:00",1105289,"",""
238284,"don_tea11","yinchazhushoushiyi",932445,33148,"active","2026-09-18T11:45:21.227+08:00","2026-09-18T11:45:21.227+08:00",932445,"",""
238280,"aytk_erabareta","ayataka0413",468612,33148,"active","2026-09-18T11:43:16.905+08:00","2026-09-18T11:43:16.905+08:00",468612,"",""
238276,"samimitan","himimi",908237,7713,"active","2026-09-18T10:17:46.169+08:00","2026-09-18T10:17:46.169+08:00",908237,"",""
238274,"thai_sister_cnuy","thai_sister",908237,7713,"active","2026-09-18T10:17:18.676+08:00","2026-09-18T10:17:18.676+08:00",908237,"",""
238264,"crab-milktea","crab-milk",1368569,7713,"active","2026-09-18T05:00:51.416+08:00","2026-09-18T05:00:51.416+08:00",1368569,"",""
238262,"user_wcpw5723","shanzhai_shanyao",1368569,7713,"active","2026-09-18T05:00:14.395+08:00","2026-09-18T05:00:14.395+08:00",1368569,"",""
238254,"realdriedfish","driedfishart",1130070,33148,"active","2026-09-18T01:42:51.612+08:00","2026-09-18T01:42:51.612+08:00",1130070,"",""
238250,"tenmura_(pixiv_127792171)","tenmura_(tenp_099)",1368569,33148,"active","2026-09-17T23:15:59.178+08:00","2026-09-17T23:15:59.178+08:00",1368569,"",""
238246,"user_xwdn8852","zhngwi931872387",1350155,33148,"active","2026-09-17T22:34:38.351+08:00","2026-09-17T22:34:38.351+08:00",1350155,"",""
238242,"rothinus","mothinus",1368569,33148,"active","2026-09-17T21:47:27.739+08:00","2026-09-17T21:47:27.739+08:00",1368569,"",""
238238,"hun_hun_lian_jiao","lin_jiangxian",932445,33148,"active","2026-09-17T21:17:00.200+08:00","2026-09-17T21:17:00.200+08:00",932445,"",""
238234,"diankuang_lao_nai","lingwangosmund",932445,33148,"active","2026-09-17T20:16:44.166+08:00","2026-09-17T20:16:44.166+08:00",932445,"",""
238230,"rose_kingdom_(racing)_(umamusume)","rose_kingdom_(eclat_de_roseraie)_(umamusume)",1130070,29925,"active","2026-09-17T18:18:25.029+08:00","2026-09-17T18:18:25.029+08:00",1130070,"",""
238226,"pon_(pp_0u0)","yuki_(33098065)",1054326,7713,"active","2026-09-17T16:04:41.627+08:00","2026-09-17T16:04:41.627+08:00",1054326,"",""
238224,"pon_1618","yuki_(33098065)",1054326,7713,"active","2026-09-17T16:03:54.951+08:00","2026-09-17T16:03:54.951+08:00",1054326,"",""
238222,"user_nuhm4232","ternw",1054326,7713,"active","2026-09-17T16:03:24.746+08:00","2026-09-17T16:03:24.746+08:00",1054326,"",""
238216,"kaede_jianxie_xing_bo_zou_ji","kaede1231",932445,33148,"active","2026-09-17T15:38:24.025+08:00","2026-09-17T15:38:24.025+08:00",932445,"",""
238210,"zhilideyueduqi","rexxxxder",932445,33148,"active","2026-09-17T14:36:57.152+08:00","2026-09-17T14:36:57.152+08:00",932445,"",""
238206,"xiao_jiaozi_pi","wwweremeow",932445,33148,"active","2026-09-17T14:33:54.405+08:00","2026-09-17T14:33:54.405+08:00",932445,"",""
238198,"24riside","qoqi",280788,33148,"active","2026-09-17T12:00:20.141+08:00","2026-09-17T12:00:20.141+08:00",280788,"",""
238192,"xsairei","shikube",1218089,33148,"active","2026-09-17T10:15:58.766+08:00","2026-09-17T10:15:58.766+08:00",1218089,"",""
238186,"baddo_shaaku_(vocaloid)","bad_shark_(vocaloid)",52664,28271,"active","2026-09-17T06:28:12.192+08:00","2026-09-17T06:28:12.192+08:00",52664,"",""
238184,"shirayuki_hime","shirayuki_hime_(precure)",52664,37301,"deleted","2026-09-17T06:00:24.365+08:00","2026-09-17T06:01:16.215+08:00",52664,"",""
238182,"karasuma_chitose","karasuma_chitose_(galaxy_angel)",52664,37301,"deleted","2026-09-17T05:58:21.596+08:00","2026-09-17T05:58:35.027+08:00",52664,"",""
238180,"grey_haven","gray_haven",52664,37795,"active","2026-09-17T05:55:01.204+08:00","2026-09-17T05:55:01.204+08:00",52664,"",""
238174,"uechuksgvukcsgkuubdc","koikerorochan",1307155,33148,"active","2026-09-17T05:50:44.474+08:00","2026-09-17T05:50:44.474+08:00",1307155,"",""
238168,"ueauwa","501_(ueauwa)",52664,7713,"active","2026-09-17T05:21:38.846+08:00","2026-09-17T05:21:38.846+08:00",52664,"",""
238166,"faliery98","sedra_faliery",454016,33148,"active","2026-09-17T05:13:03.785+08:00","2026-09-17T05:13:03.785+08:00",454016,"",""
238162,"zhu_(zhuzhizhuzhizhu)","callmezhuplz",1525692,37848,"active","2026-09-17T04:52:04.390+08:00","2026-09-17T04:52:04.390+08:00",1525692,"",""
238158,"bilibili_33598985","hookyourist",975074,33148,"active","2026-09-17T04:38:22.555+08:00","2026-09-17T04:38:22.555+08:00",975074,"",""
238154,"myuknsfw","myuk",498248,33148,"active","2026-09-17T03:52:47.550+08:00","2026-09-17T03:52:47.550+08:00",498248,"",""
238153,"myuksfw","myuk",498248,33148,"active","2026-09-17T03:52:46.098+08:00","2026-09-17T03:52:46.098+08:00",498248,"",""
238138,"nyus0721","murata_shun",109167,33148,"active","2026-09-17T03:28:19.657+08:00","2026-09-17T03:28:19.657+08:00",109167,"",""
238134,"glowing_motes","light_particles",52664,37805,"active","2026-09-17T03:18:09.870+08:00","2026-09-17T03:18:09.870+08:00",52664,"",""
238130,"nakayama_festa_(shichuukyuukatsu)_(umamusume)","nakayama_festa_(desperate_measures)_(umamusume)",52664,29925,"active","2026-09-17T02:32:41.209+08:00","2026-09-17T02:32:41.209+08:00",52664,"",""
238120,"little_feat_(stand)","little_feet_(stand)",52664,37821,"active","2026-09-17T02:20:41.554+08:00","2026-09-17T02:20:41.554+08:00",52664,"",""
238119,"ungaro","ungalo",52664,37821,"active","2026-09-17T02:20:39.821+08:00","2026-09-17T02:20:39.821+08:00",52664,"",""
238112,"lycoris_(re:zero)","bellaris_(re:zero)",52664,37827,"active","2026-09-17T02:08:13.742+08:00","2026-09-17T02:08:13.742+08:00",52664,"",""
238111,"elsa_granhilte","elsa_granhiert",52664,37827,"active","2026-09-17T02:07:48.329+08:00","2026-09-17T02:07:48.329+08:00",52664,"",""
238102,"zhu_ting_zi","zhu_ting",1193349,7713,"active","2026-09-17T01:51:05.775+08:00","2026-09-17T01:51:05.775+08:00",1193349,"",""
238100,"space_skin","starry_skin",52664,37837,"active","2026-09-17T01:50:51.558+08:00","2026-09-17T01:50:51.558+08:00",52664,"",""
238098,"taillesfoxchan","nykaani",1193349,7713,"active","2026-09-17T01:50:18.339+08:00","2026-09-17T01:50:18.339+08:00",1193349,"",""
238096,"g5bps1qulpzt1xj","kibo_b",1193349,7713,"active","2026-09-17T01:49:51.951+08:00","2026-09-17T01:49:51.951+08:00",1193349,"",""
238092,"puppeteer_(gits)","puppet_master_(gits)",52664,37815,"active","2026-09-17T01:44:30.226+08:00","2026-09-17T01:44:30.226+08:00",52664,"",""
238090,"omokoro","omocoro",52664,37830,"active","2026-09-17T01:36:40.916+08:00","2026-09-17T01:36:40.916+08:00",52664,"",""
238088,"seitokaichou_wa_kanojo_ja_nai_no_ni","kanojo_ja_nai_no_ni",52664,37832,"active","2026-09-17T01:32:01.838+08:00","2026-09-17T01:32:01.838+08:00",52664,"",""
238087,"bungaku_otome_wa_kanojo_ja_nai_no_ni","kanojo_ja_nai_no_ni",52664,37832,"active","2026-09-17T01:31:58.679+08:00","2026-09-17T01:31:58.679+08:00",52664,"",""
238086,"junjou_gyaru_wa_kanojo_ja_nai_no_ni","kanojo_ja_nai_no_ni",52664,37832,"active","2026-09-17T01:31:54.771+08:00","2026-09-17T01:31:54.771+08:00",52664,"",""
238082,"koseki_bijou_(serafuku)","koseki_bijou_(school_uniform)",52664,23520,"active","2026-09-17T01:14:56.544+08:00","2026-09-17T01:14:56.544+08:00",52664,"",""
238080,"henya_the_genius_(8th_costume)","henya_the_genius_(loan_shark)",52664,23520,"active","2026-09-17T01:13:32.811+08:00","2026-09-17T01:13:32.811+08:00",52664,"",""
238074,"user_ckgs2328","moriya_aki",932445,33148,"active","2026-09-16T21:44:20.243+08:00","2026-09-16T21:44:20.243+08:00",932445,"",""
238068,"baobhan_sith_(halloween_2026)_(fate)","baobhan_sith_(bloody_bunny)_(fate)",556219,26405,"active","2026-09-16T21:12:52.845+08:00","2026-09-16T21:12:52.845+08:00",556219,"",""
238066,"katasumi","katasumicqcq",1151956,33148,"active","2026-09-16T20:54:21.922+08:00","2026-09-16T20:54:21.922+08:00",1151956,"",""
238065,"voyager_(user_yrzv4324)","katasumicqcq",1151956,33148,"active","2026-09-16T20:54:19.856+08:00","2026-09-16T20:54:22.005+08:00",1151956,"",""
238056,"noisyutatto","suta_(sutan_sutata)",718515,33148,"active","2026-09-16T16:21:52.554+08:00","2026-09-16T16:21:52.554+08:00",718515,"",""
238052,"xue_tu","ateveryone",1592273,33148,"active","2026-09-16T13:13:51.073+08:00","2026-09-16T13:13:51.073+08:00",1592273,"",""
238050,"okchun","teasqueak",280788,33148,"active","2026-09-16T12:17:09.416+08:00","2026-09-16T12:17:09.416+08:00",280788,"",""
238046,"nekorrupt","thelazzzyfish",280788,33148,"deleted","2026-09-16T12:04:01.121+08:00","2026-09-18T02:08:55.720+08:00",280788,"",""
238041,"velbyte","currychi",280788,33148,"active","2026-09-16T10:32:12.535+08:00","2026-09-16T10:32:12.535+08:00",280788,"",""
238037,"8aivd","243_kou",1116846,33148,"active","2026-09-16T09:57:04.080+08:00","2026-09-16T09:57:04.080+08:00",1116846,"",""
238033,"asse8","scpnmn_fe",708868,33148,"active","2026-09-16T09:47:56.198+08:00","2026-09-16T09:47:56.198+08:00",708868,"",""
238027,"loomipia","lomissu",1105289,33148,"active","2026-09-16T06:47:06.330+08:00","2026-09-16T06:47:06.330+08:00",1105289,"",""
238023,"shikcorner","shikniful",503835,33148,"active","2026-09-16T06:13:35.838+08:00","2026-09-16T06:13:35.838+08:00",503835,"",""
238004,"0903_senri","senri_(atelier_hederaivy)",68250,33148,"active","2026-09-16T02:30:52.623+08:00","2026-09-16T02:30:52.623+08:00",68250,"",""
238003,"nao70shark1","nao70shark",68250,33148,"active","2026-09-16T02:30:49.464+08:00","2026-09-16T02:30:49.464+08:00",68250,"",""
238002,"gv18feb","karasuma_aruku",68250,33148,"active","2026-09-16T02:30:47.581+08:00","2026-09-16T02:30:47.581+08:00",68250,"",""
238001,"hitodenokodomo","hamaru_(hamal_hitode)",68250,33148,"active","2026-09-16T02:30:45.120+08:00","2026-09-16T02:30:45.120+08:00",68250,"",""
237988,"cui_pi_wu_zi_putao","caomei_xing_quqi",932445,33148,"active","2026-09-16T01:20:30.899+08:00","2026-09-16T01:20:30.899+08:00",932445,"",""
237980,"puppeteer_(ghost_in_the_shell)","puppet_master_(ghost_in_the_shell)",1130070,37815,"deleted","2026-09-15T23:26:07.859+08:00","2026-09-17T01:44:27.643+08:00",1130070,"",""
237979,"project_2501","puppet_master_(gits)",1130070,37815,"active","2026-09-15T23:26:05.307+08:00","2026-09-17T01:44:27.702+08:00",1130070,"",""
237976,"zenzai_666","melvi0",567822,33148,"active","2026-09-15T23:24:06.662+08:00","2026-09-15T23:24:06.662+08:00",567822,"",""
237962,"fot5b3glyj77864","nabe_(tanoshii_onabe)",590709,33148,"active","2026-09-15T22:44:25.168+08:00","2026-09-15T22:44:25.168+08:00",590709,"",""
237951,"yawww_(yawwwart)","paiien",1130070,33148,"active","2026-09-15T20:16:13.287+08:00","2026-09-15T20:16:13.287+08:00",1130070,"",""
237947,"yuull0716","yuu_(yuul0716)",932445,33148,"active","2026-09-15T17:58:24.864+08:00","2026-09-15T17:58:24.864+08:00",932445,"",""
237943,"arasha_k","rachel_k_(rachelzwdis)",718515,33148,"active","2026-09-15T16:47:12.257+08:00","2026-09-15T16:47:12.257+08:00",718515,"",""
237939,"wyeluow","yeluo_black",556219,33148,"active","2026-09-15T11:34:37.465+08:00","2026-09-15T11:34:37.465+08:00",556219,"",""
237935,"pure_tukan","tukan_(af2345)",1207978,33148,"active","2026-09-15T10:54:11.971+08:00","2026-09-15T10:54:11.971+08:00",1207978,"",""
237931,"168x159","168x159_(commissioner)",983878,33148,"retired","2026-09-15T09:39:17.253+08:00","2026-09-20T08:01:08.725+08:00",983878,"",""
237921,"deog3ex","deog3",103979,33148,"active","2026-09-15T01:48:14.398+08:00","2026-09-15T01:48:14.398+08:00",103979,"",""
237917,"kirstin_kiev","kirstin_(lan_yuxiu)",257377,33148,"active","2026-09-15T01:36:37.188+08:00","2026-09-15T01:36:37.188+08:00",257377,"",""
237913,"badteenosgt","x10_(badteen)",781002,33148,"active","2026-09-15T00:49:23.008+08:00","2026-09-15T00:49:23.008+08:00",781002,"",""
237909,"agodashi_goto","agodashi",49091,33148,"active","2026-09-15T00:10:29.263+08:00","2026-09-15T00:10:29.263+08:00",49091,"",""
237905,"hatashirou","hatashirou622",103979,33148,"active","2026-09-14T23:47:46.358+08:00","2026-09-14T23:47:46.358+08:00",103979,"",""
237901,"haruyomo7261","yomogi7261",1350155,33148,"active","2026-09-14T23:39:55.030+08:00","2026-09-14T23:39:55.030+08:00",1350155,"",""
237899,"tsurubami-tei","oden_karei",103979,33148,"active","2026-09-14T23:39:53.435+08:00","2026-09-14T23:39:53.435+08:00",103979,"",""
237891,"haili_di_qi","ningmeng456",1130070,7713,"active","2026-09-14T20:49:03.523+08:00","2026-09-14T20:49:03.523+08:00",1130070,"",""
237883,"djn","ariro",932445,33148,"active","2026-09-14T16:06:00.707+08:00","2026-09-14T16:06:00.707+08:00",932445,"",""
237882,"ahiro_(dja_n)","ariro",932445,33148,"active","2026-09-14T16:05:58.048+08:00","2026-09-14T16:05:58.048+08:00",932445,"",""
237871,"dangdidi","dangdidangdi",718718,33148,"active","2026-09-14T11:34:07.695+08:00","2026-09-14T11:34:07.695+08:00",718718,"",""
237867,"64vii","luna_fraisette",280788,33148,"active","2026-09-14T11:33:06.069+08:00","2026-09-14T11:33:06.069+08:00",280788,"",""
237861,"myonen_yumeyum","myonen",718515,33148,"active","2026-09-14T11:04:53.725+08:00","2026-09-14T11:04:53.725+08:00",718515,"",""
237857,"oh_sorry_01","osoli_(badger287)",718515,33148,"active","2026-09-14T10:46:00.622+08:00","2026-09-14T10:46:00.622+08:00",718515,"",""
237853,"reopa","leopa1111",983878,33148,"active","2026-09-14T10:34:28.117+08:00","2026-09-14T10:34:28.117+08:00",983878,"",""
237845,"mbl","mbl_bg6969",556219,33148,"active","2026-09-14T08:31:16.198+08:00","2026-09-14T08:31:16.198+08:00",556219,"",""
237841,"lucie_(kuzukago)","lucie_blackthorne_(kuzukago)",1130070,37802,"active","2026-09-14T06:48:51.912+08:00","2026-09-14T06:48:51.912+08:00",1130070,"",""
237839,"micho_(ryty2833)","micho_(komehina_micho)",103979,33148,"active","2026-09-14T06:24:27.186+08:00","2026-09-14T06:24:27.186+08:00",103979,"",""
237833,"jubbza","ajubbz",554505,7713,"active","2026-09-14T04:37:43.126+08:00","2026-09-14T04:37:43.126+08:00",554505,"",""
237831,"vermillion_bird_(mythology)","suzaku_(mythology)",554505,37662,"active","2026-09-14T04:33:25.400+08:00","2026-09-14T04:33:25.400+08:00",554505,"",""
237830,"vermilion_bird_(mythology)","suzaku_(mythology)",554505,37662,"active","2026-09-14T04:33:24.000+08:00","2026-09-14T04:33:24.000+08:00",554505,"",""
237829,"azure_dragon_(mythology)","seiryuu_(mythology)",554505,37662,"active","2026-09-14T04:33:22.623+08:00","2026-09-14T04:33:22.623+08:00",554505,"",""
237828,"black_turtle_(mythology)","genbu_(mythology)",554505,37662,"active","2026-09-14T04:33:21.217+08:00","2026-09-14T04:33:21.217+08:00",554505,"",""
237827,"black_tortoise_(mythology)","genbu_(mythology)",554505,37662,"active","2026-09-14T04:33:19.598+08:00","2026-09-14T04:33:19.598+08:00",554505,"",""
237826,"white_tiger_(mythology)","byakko_(mythology)",554505,37662,"active","2026-09-14T04:33:17.690+08:00","2026-09-14T04:33:17.690+08:00",554505,"",""
237817,"dualbladed_781","light_pollution_(monolith_781)",1048464,7713,"active","2026-09-14T01:59:17.382+08:00","2026-09-14T01:59:17.382+08:00",1048464,"",""
237813,"marukei2010215","maikeru_(i7vr5ovwz)",718515,33148,"active","2026-09-14T01:32:13.725+08:00","2026-09-14T01:32:13.725+08:00",718515,"",""
237807,"placebo","placeboeffect66",1210048,33148,"active","2026-09-13T22:53:22.457+08:00","2026-09-13T22:53:22.457+08:00",1210048,"",""
237803,"yatano_(ytn)","kanzaki_pr",759947,33148,"active","2026-09-13T22:22:06.963+08:00","2026-09-13T22:22:06.963+08:00",759947,"",""
237799,"wpadtapw","chazuke",718515,33148,"active","2026-09-13T21:07:28.849+08:00","2026-09-13T21:07:28.849+08:00",718515,"",""
237795,"hexie_(user_kuav3353)","blueles",1449841,33148,"active","2026-09-13T20:40:13.560+08:00","2026-09-13T20:40:13.560+08:00",1449841,"",""
237791,"tialla_(fire_emblem)","tialla_august",1130070,22728,"active","2026-09-13T20:27:02.254+08:00","2026-09-13T20:27:02.254+08:00",1130070,"",""
237790,"fabio_(fire_emblem)","fabio_gil_toro_alvarez",1130070,22728,"active","2026-09-13T20:26:59.831+08:00","2026-09-13T20:26:59.831+08:00",1130070,"",""
237789,"theodora_(fire_emblem)","theodora_sergio_savangren",1130070,22728,"active","2026-09-13T20:26:54.743+08:00","2026-09-13T20:26:54.743+08:00",1130070,"",""
237788,"dietrich_(fire_emblem)","dietrich_gregor_lamine",1130070,22728,"active","2026-09-13T20:26:45.679+08:00","2026-09-13T20:26:45.679+08:00",1130070,"",""
237787,"cai_(fire_emblem)","cai_castor",1130070,22728,"active","2026-09-13T20:26:34.732+08:00","2026-09-13T20:26:34.732+08:00",1130070,"",""
237781,"foaaaaaaau","nihon_no_hentai",1019938,33148,"active","2026-09-13T19:59:47.977+08:00","2026-09-13T19:59:47.977+08:00",1019938,"",""
237777,"huoli_(xhs_5483237850)","kristinacl15115",1234382,33148,"active","2026-09-13T17:19:40.122+08:00","2026-09-13T17:19:40.122+08:00",1234382,"",""
237773,"sawara_miyu","sahara_miyu",1130070,32572,"active","2026-09-13T17:13:10.060+08:00","2026-09-13T17:13:10.060+08:00",1130070,"",""
237771,"nelly_(neverness_to_everness)","nelly_(nte)",1130070,35928,"active","2026-09-13T17:10:35.905+08:00","2026-09-13T17:10:35.905+08:00",1130070,"",""
237767,"aurelia_(neverness_to_everness)","aurelia_(nte)",1130070,35928,"active","2026-09-13T17:09:57.825+08:00","2026-09-13T17:09:57.825+08:00",1130070,"",""
237765,"ramie_linen","ramie_li",1054326,33148,"active","2026-09-13T16:56:07.472+08:00","2026-09-13T16:56:07.472+08:00",1054326,"",""
237759,"noyabr","noyabr_(yinzhizhen)",498248,33148,"active","2026-09-13T13:20:17.997+08:00","2026-09-13T13:20:17.997+08:00",498248,"",""
237757,"drunkenjurei.","notsumami_sake",498248,33148,"active","2026-09-13T13:19:23.127+08:00","2026-09-13T13:19:23.127+08:00",498248,"",""
237753,"favilia","breadgunn",932445,33148,"active","2026-09-13T12:57:38.186+08:00","2026-09-13T12:57:38.186+08:00",932445,"",""
237747,"nubo_(user_yfea3842)","nu_bo_bo_o",498248,33148,"active","2026-09-13T11:50:53.762+08:00","2026-09-13T11:50:53.762+08:00",498248,"",""
237739,"tab1","biming",556219,33148,"active","2026-09-13T10:10:02.615+08:00","2026-09-13T10:10:02.615+08:00",556219,"",""
237735,"kuuu_uuuu","kuuu_ilst",983878,33148,"active","2026-09-13T10:03:34.703+08:00","2026-09-13T10:03:34.703+08:00",983878,"",""
237727,"rod_(male)","rodd_(ff7)",554505,37767,"active","2026-09-13T07:53:36.409+08:00","2026-09-13T07:53:36.409+08:00",554505,"",""
237726,"gun_(female)","aphromia",554505,37767,"active","2026-09-13T07:53:32.710+08:00","2026-09-13T07:53:32.710+08:00",554505,"",""
237717,"hitani_(esse_series)","hitani_karin",554505,35453,"active","2026-09-13T07:22:34.630+08:00","2026-09-13T07:22:34.630+08:00",554505,"",""
237715,"pen-san","gudakoguda",1193349,7713,"active","2026-09-13T04:56:14.006+08:00","2026-09-13T04:56:14.006+08:00",1193349,"",""
237713,"kumamiso","kumamiso_0514",983878,33148,"active","2026-09-13T03:27:19.883+08:00","2026-09-13T03:27:19.883+08:00",983878,"",""
237705,"junmin","jun26",718515,33148,"active","2026-09-13T02:04:18.148+08:00","2026-09-13T02:04:18.148+08:00",718515,"",""
237701,"wjdtjdwlswls","ono_(jueng_jin)",1193349,7713,"active","2026-09-13T00:50:58.936+08:00","2026-09-13T00:50:58.936+08:00",1193349,"",""
237699,"damevodka1","yavale",1193349,7713,"active","2026-09-13T00:50:40.380+08:00","2026-09-13T00:50:40.380+08:00",1193349,"",""
237697,"rutagraveolens3","tishacat",1193349,7713,"active","2026-09-13T00:49:50.732+08:00","2026-09-13T00:49:50.732+08:00",1193349,"",""
237695,"hannrenn","callileon",1193349,7713,"active","2026-09-13T00:49:30.245+08:00","2026-09-13T00:49:30.245+08:00",1193349,"",""
237693,"hryc2344","touming_juan",932445,33148,"active","2026-09-13T00:39:14.789+08:00","2026-09-13T00:39:14.789+08:00",932445,"",""
237687,"youxing_luoxuan","yi_duo_luohua",932445,33148,"active","2026-09-13T00:09:04.158+08:00","2026-09-13T00:09:04.158+08:00",932445,"",""
237681,"kuchiki_family_retainer_(bleach)","seike_nobutsune",1130070,34504,"active","2026-09-12T22:22:37.729+08:00","2026-09-12T22:22:37.729+08:00",1130070,"",""
237679,"chy5_(pe_pipi)","chy5",521113,33148,"active","2026-09-12T18:36:48.800+08:00","2026-09-12T18:36:48.800+08:00",521113,"",""
237667,"reisartjunk","reiduran",103979,33148,"active","2026-09-12T13:14:34.045+08:00","2026-09-12T13:14:34.045+08:00",103979,"",""
237663,"minapi_haruru","harusame_nasu",68250,33148,"active","2026-09-12T12:32:47.595+08:00","2026-09-12T12:32:47.595+08:00",68250,"",""
237662,"harusamenasusu","harusame_nasu",68250,33148,"active","2026-09-12T12:32:45.204+08:00","2026-09-12T12:32:45.204+08:00",68250,"",""
237661,"yuta0828","aun_unaru",68250,33148,"active","2026-09-12T12:32:43.393+08:00","2026-09-12T12:32:43.393+08:00",68250,"",""
237660,"unaru_au2","aun_unaru",68250,33148,"active","2026-09-12T12:32:41.505+08:00","2026-09-12T12:32:41.505+08:00",68250,"",""
237641,"yagen_(user_mxur3238)","yamu_(yamu_030)",1182530,33148,"active","2026-09-12T11:55:05.275+08:00","2026-09-12T11:55:05.275+08:00",1182530,"",""
237637,"djqdnd","fishbun",10356,33148,"active","2026-09-12T10:56:13.783+08:00","2026-09-12T10:56:13.783+08:00",10356,"",""
237633,"mii_1oo","kuro_miya",983878,33148,"active","2026-09-12T10:54:30.965+08:00","2026-09-12T10:54:30.965+08:00",983878,"",""
237621,"xx_xx_art2","xx_xx_art",103979,33148,"active","2026-09-12T07:52:04.447+08:00","2026-09-12T07:52:04.447+08:00",103979,"",""
237605,"muraura","yukii_masako",759947,33148,"active","2026-09-12T03:22:29.764+08:00","2026-09-12T03:22:29.764+08:00",759947,"",""
237581,"zhuque_(mythology)","suzaku_(mythology)",508240,37662,"active","2026-09-12T01:15:29.528+08:00","2026-09-12T01:15:29.528+08:00",508240,"",""
237580,"qinglong_(mythology)","seiryuu_(mythology)",508240,37662,"active","2026-09-12T01:15:26.717+08:00","2026-09-12T01:15:26.717+08:00",508240,"",""
237579,"xuanwu_(mythology)","genbu_(mythology)",508240,37662,"active","2026-09-12T01:15:24.926+08:00","2026-09-12T01:15:24.926+08:00",508240,"",""
237578,"baihu_(mythology)","byakko_(mythology)",508240,37662,"active","2026-09-12T01:15:23.111+08:00","2026-09-12T01:15:23.111+08:00",508240,"",""
237573,"user_wacw2572","shi_doufu_ne",699804,33148,"active","2026-09-12T00:52:26.139+08:00","2026-09-12T00:52:26.139+08:00",699804,"",""
237569,"tiny_rompuy","tiny_ronpai",554505,37777,"active","2026-09-12T00:16:06.854+08:00","2026-09-12T00:16:06.854+08:00",554505,"",""
237564,"lionsz","jiaowolaoshi",1130070,33148,"active","2026-09-11T22:41:35.944+08:00","2026-09-11T22:41:35.944+08:00",1130070,"",""
237556,"jolimoli","julija_jerjomina",1367694,33148,"active","2026-09-11T14:20:06.463+08:00","2026-09-11T14:20:06.463+08:00",1367694,"",""
237552,"saixiaolin","keyun",438160,33148,"active","2026-09-11T13:07:45.421+08:00","2026-09-11T13:07:45.421+08:00",438160,"",""
237548,"oimobugs","assemblerones",556219,33148,"active","2026-09-11T12:58:46.514+08:00","2026-09-11T12:58:46.514+08:00",556219,"",""
237542,"curilla","curilla_v_mecru",85307,37767,"active","2026-09-11T10:54:01.821+08:00","2026-09-11T10:54:01.821+08:00",85307,"",""
237538,"edward_geraldine","edge_geraldine",85307,37767,"active","2026-09-11T10:43:53.214+08:00","2026-09-11T10:43:53.214+08:00",85307,"",""
237536,"sarisa_highwind_tycoon","sarisa_scherwil_tycoon",85307,37767,"active","2026-09-11T10:43:46.975+08:00","2026-09-11T10:43:46.975+08:00",85307,"",""
237529,"aoieien_8","azuzoren",908237,33148,"active","2026-09-11T08:36:08.439+08:00","2026-09-11T08:36:08.439+08:00",908237,"",""
237523,"elatri","tsea_art",1123578,33148,"active","2026-09-11T08:11:28.237+08:00","2026-09-11T08:11:28.237+08:00",1123578,"",""
237509,"miricia","kemonya777",786597,33148,"active","2026-09-11T06:49:54.759+08:00","2026-09-11T06:49:54.759+08:00",786597,"",""
237505,"penpen_neko_(yani_neko)","kujou_nazuna",1130070,36959,"active","2026-09-11T06:47:37.509+08:00","2026-09-11T06:47:37.509+08:00",1130070,"",""
237504,"jikaki_neko_(yani_neko)","kaku_yomuko",1130070,36959,"active","2026-09-11T06:47:35.349+08:00","2026-09-11T06:47:35.349+08:00",1130070,"",""
237501,"sumuan84080","kure_0804",433258,33148,"active","2026-09-11T06:28:22.680+08:00","2026-09-11T06:28:22.680+08:00",433258,"",""
237500,"janya_1129","janya_1128",433258,33148,"active","2026-09-11T06:28:21.088+08:00","2026-09-11T06:28:21.088+08:00",433258,"",""
237489,"danganronpa_3_(anime)","danganronpa_3:_the_end_of_hope's_peak_high_school",52664,37748,"active","2026-09-11T05:01:07.300+08:00","2026-09-11T05:01:07.300+08:00",52664,"",""
237483,"general_geega_(inmate)","general_geega_(criminal)",52664,23520,"active","2026-09-11T04:36:44.525+08:00","2026-09-11T04:36:44.525+08:00",52664,"",""
237482,"general_geega_(infiltrator)","general_geega_(criminal)",52664,23520,"active","2026-09-11T04:36:42.649+08:00","2026-09-11T04:36:42.649+08:00",52664,"",""
237479,"ji93495166","xing_qian96589",52664,7713,"active","2026-09-11T04:07:49.718+08:00","2026-09-11T04:07:49.718+08:00",52664,"",""
237477,"airi_akura77","airiakura",52664,7713,"active","2026-09-11T04:07:26.496+08:00","2026-09-11T04:07:26.496+08:00",52664,"",""
237475,"2root5","genjitsu_o_miro",52664,7713,"active","2026-09-11T04:06:53.759+08:00","2026-09-11T04:06:53.759+08:00",52664,"",""
237473,"shirotategosha","sirotate_gosha",52664,7713,"active","2026-09-11T04:06:33.824+08:00","2026-09-11T04:06:33.824+08:00",52664,"",""
237471,"horn_of_salvation","kurosaki_ichigo_(demi-hollow)",52664,37757,"active","2026-09-11T03:43:22.890+08:00","2026-09-11T03:43:22.890+08:00",52664,"",""
237469,"paizuiri_(artist)","zuiridawn",1116846,33148,"deleted","2026-09-11T03:37:29.262+08:00","2026-09-19T02:57:20.896+08:00",1116846,"",""
237465,"ha_megumi_hime","mujino_(mujin0masshir0)",68250,33148,"active","2026-09-11T03:23:37.327+08:00","2026-09-11T03:23:37.327+08:00",68250,"",""
237464,"myun_(moukin_no_ana)","komachi_miyuta",68250,33148,"active","2026-09-11T03:23:33.910+08:00","2026-09-11T03:23:33.910+08:00",68250,"",""
237463,"yabaimattemuri","donchan_(yabaimattemuri)",68250,33148,"active","2026-09-11T03:23:32.102+08:00","2026-09-11T03:23:32.102+08:00",68250,"",""
237462,"da-vesita","men_(da-vesita)",68250,33148,"active","2026-09-11T03:23:29.398+08:00","2026-09-11T03:23:29.398+08:00",68250,"",""
237461,"afyewv5","sukonbu_heiki",68250,33148,"active","2026-09-11T03:23:25.571+08:00","2026-09-11T03:23:25.571+08:00",68250,"",""
237460,"miz_hgl77","mizuho_(miz_hgl77)",68250,33148,"active","2026-09-11T03:23:24.185+08:00","2026-09-11T03:23:24.185+08:00",68250,"",""
237459,"sgrktr_tk4","shigaraki_tarou",68250,33148,"active","2026-09-11T03:23:22.339+08:00","2026-09-11T03:23:22.339+08:00",68250,"",""
237437,"afumau_(final_fantasy)","afumau_(ff11)",52664,37767,"active","2026-09-11T03:11:24.330+08:00","2026-09-11T03:11:24.330+08:00",52664,"",""
237435,"lightning_(ff13)","lightning_farron",52664,37767,"active","2026-09-11T03:10:27.196+08:00","2026-09-11T03:10:27.196+08:00",52664,"",""
237433,"boco","boko_(ff5)",52664,37767,"active","2026-09-11T03:10:09.695+08:00","2026-09-11T03:10:09.695+08:00",52664,"",""
237429,"ange_(ange6785)","ange510763",1368569,7713,"active","2026-09-10T23:08:18.372+08:00","2026-09-10T23:08:18.372+08:00",1368569,"",""
237427,"drunk_driving","impaired_driving",508240,37676,"active","2026-09-10T21:58:46.612+08:00","2026-09-10T21:58:46.612+08:00",508240,"",""
237425,"ally_kirser_(voice_actor)","alekirser_(voice_actor)",781002,33148,"active","2026-09-10T20:33:52.642+08:00","2026-09-10T20:33:52.642+08:00",781002,"",""
237421,"smiley-shaped_pupils","smiley_face-shaped_pupils",508240,37712,"active","2026-09-10T19:18:38.359+08:00","2026-09-10T19:18:38.359+08:00",508240,"",""
237420,"smiley_print","smiley_face_print",508240,37712,"active","2026-09-10T19:18:33.167+08:00","2026-09-10T19:18:33.167+08:00",508240,"",""
237419,"smiley_hair_ornament","smiley_face_hair_ornament",508240,37712,"active","2026-09-10T19:18:27.134+08:00","2026-09-10T19:18:27.134+08:00",508240,"",""
237418,"smiley_hat_ornament","smiley_face_hat_ornament",508240,37712,"active","2026-09-10T19:18:15.924+08:00","2026-09-10T19:18:15.924+08:00",508240,"",""
237411,"yuejianyuzishao","chajott64",1316376,33148,"active","2026-09-10T18:33:23.570+08:00","2026-09-10T18:33:23.570+08:00",1316376,"",""
237407,"uber_(29131626)","uber_(rebuuber)",1488146,33148,"active","2026-09-10T17:41:02.645+08:00","2026-09-10T17:41:02.645+08:00",1488146,"",""
237403,"niconekohaco","octagon_(niconekohaco)",718515,33148,"active","2026-09-10T16:16:38.352+08:00","2026-09-10T16:16:38.352+08:00",718515,"",""
237399,"zbfmkc","miantan18",718515,33148,"active","2026-09-10T15:26:06.045+08:00","2026-09-10T15:26:06.045+08:00",718515,"",""
237395,"kneexho","kitsunic0",556219,33148,"active","2026-09-10T14:39:34.222+08:00","2026-09-10T14:39:34.222+08:00",556219,"",""
237391,"heitangbaiyuan","hei_yubai_yuan",1182530,33148,"active","2026-09-10T13:40:54.819+08:00","2026-09-10T13:40:54.819+08:00",1182530,"",""
237387,"shoki_line_dot","line_dot",433258,33148,"active","2026-09-10T12:04:02.024+08:00","2026-09-10T12:04:02.024+08:00",433258,"",""
237379,"sako_tu2","rekojunk",1561614,33148,"active","2026-09-10T10:44:36.132+08:00","2026-09-10T10:44:36.132+08:00",1561614,"",""
237367,"user_pwvm5558","kouichi_(remember_ko1ch1)",1368569,33148,"active","2026-09-10T09:12:18.009+08:00","2026-09-10T09:12:18.009+08:00",1368569,"",""
237357,"weibo_7231663297","xiaoye_yong_dongji_guzhang_zhong",872990,33148,"active","2026-09-10T08:03:12.609+08:00","2026-09-10T08:03:12.609+08:00",872990,"",""
237353,"user_putz3377","sexyping",527891,33148,"active","2026-09-10T02:53:01.671+08:00","2026-09-10T02:53:01.671+08:00",527891,"",""
237347,"phoenix_(zenless_zone_zero)","phoenix_reffaella",1130070,37764,"active","2026-09-09T22:41:28.182+08:00","2026-09-09T22:41:28.182+08:00",1130070,"",""
237343,"ranbi428","uou_(tlswnsgh08)",1210048,33148,"active","2026-09-09T21:42:40.729+08:00","2026-09-09T21:42:40.729+08:00",1210048,"",""
237339,"mii_8z","sen_(5710265)",567822,33148,"active","2026-09-09T21:17:50.228+08:00","2026-09-09T21:17:50.228+08:00",567822,"",""
237335,"klaxosaur_(darling_in_the_franxx)","kyoryuu_(darling_in_the_franxx)",1130070,37301,"active","2026-09-09T20:53:27.957+08:00","2026-09-09T20:53:27.957+08:00",1130070,"",""
237331,"minami_(iueaoi)","orehigh",1350155,33148,"active","2026-09-09T20:05:10.048+08:00","2026-09-09T20:05:10.048+08:00",1350155,"",""
237327,"rinko-5191","rinko_5191",932445,33148,"active","2026-09-09T19:17:42.026+08:00","2026-09-09T19:17:42.026+08:00",932445,"",""
237323,"songbie","rinko_5191",932445,33148,"active","2026-09-09T19:15:59.700+08:00","2026-09-09T19:15:59.700+08:00",932445,"",""
237319,"vovenart","voven",1130070,37761,"active","2026-09-09T18:37:42.481+08:00","2026-09-09T18:37:42.481+08:00",1130070,"",""
237315,"dark_jixuanyuan","ji_xuanyuan_(dark)",1130070,25459,"active","2026-09-09T18:18:13.835+08:00","2026-09-09T18:18:13.835+08:00",1130070,"",""
237314,"jixuanyuan","ji_xuanyuan",1130070,25459,"active","2026-09-09T18:18:11.095+08:00","2026-09-09T18:18:11.095+08:00",1130070,"",""
237307,"chenxue_(honkai_impact)","luo_chenxue",1130070,25459,"active","2026-09-09T17:44:06.698+08:00","2026-09-09T17:44:06.698+08:00",1130070,"",""
237303,"ma_yanqing","ma_feima",1130070,25459,"active","2026-09-09T17:23:52.597+08:00","2026-09-09T17:23:52.597+08:00",1130070,"",""
237296,"kaguya-san_(nantyu-erosada)","siotarou_0293",989035,7713,"active","2026-09-09T13:46:48.663+08:00","2026-09-09T13:46:48.663+08:00",989035,"",""
237292,"sammh4","seia_shimaenaga",433258,33148,"active","2026-09-09T13:13:06.528+08:00","2026-09-09T13:13:06.528+08:00",433258,"",""
237288,"muodlx1422","yemuzi",1182530,33148,"active","2026-09-09T13:04:46.109+08:00","2026-09-09T13:04:46.109+08:00",1182530,"",""
237280,"qianjin_yousha","yusaki",103979,33148,"active","2026-09-09T12:33:48.335+08:00","2026-09-09T12:33:48.335+08:00",103979,"",""
237279,"yusaki293104","yusaki",103979,33148,"active","2026-09-09T12:33:46.462+08:00","2026-09-09T12:33:46.462+08:00",103979,"",""
237274,"nagi_kii","nagi_nyaaa",438160,33148,"active","2026-09-09T12:17:35.584+08:00","2026-09-09T12:17:35.584+08:00",438160,"",""
237270,"yamae_oekaki","yamae_saki",1374836,7713,"active","2026-09-09T12:02:29.803+08:00","2026-09-09T12:02:29.803+08:00",1374836,"",""
237268,"kakeru_(kakekaker001)","ka_ke_05",280788,7713,"active","2026-09-09T11:53:23.879+08:00","2026-09-09T11:53:23.879+08:00",280788,"",""
237262,"qi_mang_(qimang)","qi_mang",1130070,33148,"active","2026-09-09T11:27:12.796+08:00","2026-09-09T11:27:12.796+08:00",1130070,"",""
237258,"agay1996","boli_zhu_(agay1996)",528900,33148,"active","2026-09-09T10:26:47.480+08:00","2026-09-09T10:26:47.480+08:00",528900,"",""
237257,"bolizhuplus","boli_zhu_(agay1996)",528900,33148,"active","2026-09-09T10:26:42.051+08:00","2026-09-09T10:26:42.051+08:00",528900,"",""
237250,"mucha_gorou","yuriyuri_(ccc)",718515,33148,"active","2026-09-09T10:19:28.604+08:00","2026-09-09T10:19:28.604+08:00",718515,"",""
237244,"inguinal_crease","groin",52664,37742,"active","2026-09-09T06:31:17.306+08:00","2026-09-09T06:31:17.306+08:00",52664,"",""
237242,"akage_club","kanro_149",52664,7713,"active","2026-09-09T06:09:58.825+08:00","2026-09-09T06:09:58.825+08:00",52664,"",""
237240,"mi8pq","yayamihachi",52664,7713,"active","2026-09-09T06:08:58.434+08:00","2026-09-09T06:08:58.434+08:00",52664,"",""
237238,"cr1tikal","moistcr1tikal",52664,37723,"active","2026-09-09T05:59:59.133+08:00","2026-09-09T05:59:59.133+08:00",52664,"",""
237234,"stranded_with_you","ikinokore!_mujintou_survival_seikatsu",52664,16840,"active","2026-09-09T05:52:27.923+08:00","2026-09-09T05:52:27.923+08:00",52664,"",""
237228,"natsu_(natsu5505)","natu_(natsu5505)",475832,33148,"active","2026-09-09T03:42:48.308+08:00","2026-09-09T03:42:48.308+08:00",475832,"",""
237224,"naoyama_masaru","naoya_(naoyaxx)",475832,33148,"active","2026-09-09T03:21:19.586+08:00","2026-09-09T03:21:19.586+08:00",475832,"",""
237218,"sanekyle","sane_kyle",974737,7713,"active","2026-09-09T03:13:32.379+08:00","2026-09-09T03:13:32.379+08:00",974737,"",""
237216,"weibo_7152860318","zhen_yan_ann",1538267,33148,"active","2026-09-09T02:52:58.030+08:00","2026-09-09T02:52:58.030+08:00",1538267,"",""
237204,"syuren","syuren_rensyu",103979,33148,"active","2026-09-08T22:36:39.718+08:00","2026-09-08T22:36:39.718+08:00",103979,"",""
237200,"arthurlevine","arthur_levine",103979,33148,"active","2026-09-08T22:33:57.730+08:00","2026-09-08T22:33:57.730+08:00",103979,"",""
237196,"user_apeg8484","mmtm_(planatan)",1488146,33148,"active","2026-09-08T22:24:49.710+08:00","2026-09-08T22:24:49.710+08:00",1488146,"",""
237192,"leims_(urje8584)","leims_(lemuochentaiuno)",103979,33148,"active","2026-09-08T22:20:14.039+08:00","2026-09-08T22:20:14.039+08:00",103979,"",""
237188,"buster_04_mkii","harumitei",1210048,33148,"active","2026-09-08T22:06:06.414+08:00","2026-09-08T22:06:06.414+08:00",1210048,"",""
237184,"rapun","totoshion",480070,33148,"active","2026-09-08T22:01:42.284+08:00","2026-09-08T22:01:42.284+08:00",480070,"",""
237180,"haritaroxyx","nurunurukeikaku",433258,33148,"active","2026-09-08T21:22:23.736+08:00","2026-09-08T21:22:23.736+08:00",433258,"",""
237176,"wodeshijie_haocheng","lonlywhite",1234382,33148,"active","2026-09-08T20:28:19.615+08:00","2026-09-08T20:28:19.615+08:00",1234382,"",""
237172,"freshman_lou","lou_(shingeki_no_bahamut)",1130070,37301,"active","2026-09-08T19:59:32.510+08:00","2026-09-08T19:59:32.510+08:00",1130070,"",""
237168,"user_chhh8335","dachs115",1123578,33148,"active","2026-09-08T19:22:28.601+08:00","2026-09-08T19:22:28.601+08:00",1123578,"",""
237162,"mafufim","mereoleon",468612,33148,"active","2026-09-08T13:48:03.631+08:00","2026-09-08T13:48:03.631+08:00",468612,"",""
237156,"aoomuke","aomuke",623273,33148,"active","2026-09-08T13:02:50.014+08:00","2026-09-08T13:02:50.014+08:00",623273,"",""
237152,"akai_kun0","akkai_(0343)",893687,33148,"active","2026-09-08T12:17:44.491+08:00","2026-09-08T12:17:44.491+08:00",893687,"",""
237146,"suerakocy","susu_rakocy",280788,33148,"active","2026-09-08T11:48:08.296+08:00","2026-09-08T11:48:08.296+08:00",280788,"",""
237142,"hua_tu_wei_long","jingshenhuanghu",567822,33148,"active","2026-09-08T07:35:56.746+08:00","2026-09-08T07:35:56.746+08:00",567822,"",""
237138,"serena_(stella_sora)","angie_(stella_sora)",1130070,37495,"active","2026-09-08T07:32:19.035+08:00","2026-09-08T07:32:19.035+08:00",1130070,"",""
237134,"fanzhonglicangshu","fan_zhongli_cangshu",567822,33148,"active","2026-09-08T07:00:12.105+08:00","2026-09-08T07:00:12.105+08:00",567822,"",""
237130,"mayreel_(guardian_tales)","divine_beast_of_harvest_mayreel",1130070,37301,"active","2026-09-08T06:47:09.839+08:00","2026-09-08T06:47:09.839+08:00",1130070,"",""
237126,"heather_(kimi_ga_shinu_made_koi_wo_shitai)","heather_(kimishinu)",1130070,37301,"active","2026-09-08T06:28:58.673+08:00","2026-09-08T06:28:58.673+08:00",1130070,"",""
237125,"esta_(kimi_ga_shinu_made_koi_wo_shitai)","esta_(kimishinu)",1130070,37301,"active","2026-09-08T06:28:55.827+08:00","2026-09-08T06:28:55.827+08:00",1130070,"",""
237118,"p_karin814","karin_park",1070698,33148,"active","2026-09-08T06:09:02.472+08:00","2026-09-08T06:09:02.472+08:00",1070698,"",""
237114,"lx3_lcubed","l3_(l_cubed)",347755,33148,"active","2026-09-08T04:35:51.731+08:00","2026-09-08T04:35:51.731+08:00",347755,"",""
237113,"losloslos_lx3","l3_(l_cubed)",347755,33148,"active","2026-09-08T04:35:48.822+08:00","2026-09-08T04:35:48.822+08:00",347755,"",""
237106,"carbonara_(user_jstu7878)","carbonara_(pixiv_36635631)",103979,33148,"active","2026-09-07T23:55:31.371+08:00","2026-09-07T23:55:31.371+08:00",103979,"",""
237097,"kakikuke_ko","aomi_kokeko",1341856,33148,"active","2026-09-07T22:29:46.766+08:00","2026-09-07T22:29:46.766+08:00",1341856,"",""
237093,"hruto_ogi014","ogiharuto",433258,33148,"active","2026-09-07T21:35:56.856+08:00","2026-09-07T21:35:56.856+08:00",433258,"",""
237089,"dengen_kiru","minto_sazanami",433258,33148,"active","2026-09-07T21:12:52.630+08:00","2026-09-07T21:12:52.630+08:00",433258,"",""
237088,"yugo_(yuno65)","yunoho",433258,33148,"active","2026-09-07T21:12:37.275+08:00","2026-09-07T21:12:37.275+08:00",433258,"",""
237081,"aoi_saki_(muajifox)","mashiro_mashiro_(muajifox)",1130070,33148,"active","2026-09-07T20:03:58.791+08:00","2026-09-07T20:03:58.791+08:00",1130070,"",""
237077,"kyo_yibeizi","imaten",1449841,33148,"active","2026-09-07T19:31:22.814+08:00","2026-09-07T19:31:22.814+08:00",1449841,"",""
237073,"viiiii_82","murabito_z",1561614,33148,"active","2026-09-07T18:44:12.771+08:00","2026-09-07T18:44:12.771+08:00",1561614,"",""
237064,"selflse","furuse_(selflse)",1157943,33148,"active","2026-09-07T16:24:48.548+08:00","2026-09-07T16:24:48.548+08:00",1157943,"",""
237059,"dbds20180224","nozaki_(user_eujy3775)",1116324,33148,"active","2026-09-07T15:53:42.764+08:00","2026-09-07T15:53:42.764+08:00",1116324,"",""
237039,"dang_(1374193419)","pipi_(pierce_cn)",1151956,33148,"active","2026-09-07T13:55:10.086+08:00","2026-09-07T13:55:10.086+08:00",1151956,"",""
237035,"doublemaximus","ciara_amaya",1130070,7713,"active","2026-09-07T13:44:09.128+08:00","2026-09-07T13:44:09.128+08:00",1130070,"",""
237031,"minikitty_r","minikichi_(minikitty)",68250,33148,"active","2026-09-07T13:11:56.557+08:00","2026-09-07T13:11:56.557+08:00",68250,"",""
237030,"niku_(xmos)","minikichi_(minikitty)",68250,33148,"active","2026-09-07T13:11:46.588+08:00","2026-09-07T13:11:46.588+08:00",68250,"",""
237023,"gasekun","kimhgaju_(gase)",1182530,33148,"active","2026-09-07T12:27:15.547+08:00","2026-09-07T12:27:15.547+08:00",1182530,"",""
237019,"animal_ear_earrings","animal_ear_piercing",52664,37694,"active","2026-09-07T10:47:47.151+08:00","2026-09-07T10:47:47.151+08:00",52664,"",""
237017,"nine-tailed_fox_(kemono_friends)","kyuubi_(kemono_friends)",52664,37705,"active","2026-09-07T10:40:06.991+08:00","2026-09-07T10:40:06.991+08:00",52664,"",""
237016,"gray_wolf_(kemono_friends)","grey_wolf_(kemono_friends)",52664,37705,"active","2026-09-07T10:40:04.815+08:00","2026-09-07T10:40:04.815+08:00",52664,"",""
237013,"kanagawa_okinami_ura","kanagawa_oki_nami_ura",52664,37711,"active","2026-09-07T10:26:43.246+08:00","2026-09-07T10:26:43.246+08:00",52664,"",""
237011,"yu-gi-oh!_card_game_chronicles","yu-gi-oh!_card_game_the_chronicles",52664,37713,"active","2026-09-07T10:09:50.826+08:00","2026-09-07T10:09:50.826+08:00",52664,"",""
237009,"ute_(yu-gi-oh!)","yuto_(yu-gi-oh!)",52664,37714,"active","2026-09-07T10:06:43.034+08:00","2026-09-07T10:06:43.034+08:00",52664,"",""
237008,"joeri_(yu-gi-oh!)","yuri_(yu-gi-oh!)",52664,37714,"active","2026-09-07T10:06:29.513+08:00","2026-09-07T10:06:29.513+08:00",52664,"",""
237007,"hugo_(yu-gi-oh!)","yugo_(yu-gi-oh!)",52664,37714,"active","2026-09-07T10:06:18.824+08:00","2026-09-07T10:06:18.824+08:00",52664,"",""
237003,"raining_objects","bizarre_rain",52664,37720,"active","2026-09-07T09:50:45.472+08:00","2026-09-07T09:50:45.472+08:00",52664,"",""
236999,"slave_crest_(shield_hero)","slave_crest_(tate_no_yuusha_no_nariagari)",52664,37525,"deleted","2026-09-07T09:47:18.028+08:00","2026-09-07T09:47:32.151+08:00",52664,"",""
236997,"yaeno_muteki_(scorch_the_heavens_with_a_prayer_of_fire)_(umamusume)","yaeno_muteki_(pious_flame_heavens_scorcher)_(umamusume)",52664,29925,"active","2026-09-07T09:30:28.267+08:00","2026-09-07T09:30:28.267+08:00",52664,"",""
236996,"oguri_cap_(run_run_run!!)_(umamusume)","oguri_cap_(run_forth!_dash_on!_ever_forward!)_(umamusume)",52664,29925,"active","2026-09-07T09:30:25.741+08:00","2026-09-07T09:30:25.741+08:00",52664,"",""
236995,"inari_one_(fields_of_gold)_(umamusume)","inari_one_(golden_dream)_(umamusume)",52664,29925,"active","2026-09-07T09:30:20.447+08:00","2026-09-07T09:30:20.447+08:00",52664,"",""
236994,"tamamo_cross_(fierce_thunder_god)_(umamusume)","tamamo_cross_(raging_thunder)_(umamusume)",52664,29925,"active","2026-09-07T09:30:13.354+08:00","2026-09-07T09:30:13.354+08:00",52664,"",""
236989,"kami_msr","kaminr",1362110,33148,"active","2026-09-07T08:26:35.852+08:00","2026-09-07T08:26:35.852+08:00",1362110,"",""
236971,"ciara_jackson","ciara_amaya",1084933,7713,"active","2026-09-07T07:20:35.355+08:00","2026-09-07T13:44:09.589+08:00",1084933,"",""
236967,"penguinz0","moistcr1tikal",554505,37723,"active","2026-09-07T06:51:13.888+08:00","2026-09-09T05:59:59.158+08:00",554505,"",""
236965,"jigsaw_(human)","john_kramer",554505,37384,"active","2026-09-07T06:47:48.120+08:00","2026-09-07T06:47:48.120+08:00",554505,"",""
236964,"jigsaw_(puppet)","billy_the_puppet",554505,37384,"active","2026-09-07T06:47:43.633+08:00","2026-09-07T06:47:43.633+08:00",554505,"",""
236961,"feifei_fei_se","feise_de_dalieba",1218089,33148,"active","2026-09-07T05:01:57.762+08:00","2026-09-07T05:01:57.762+08:00",1218089,"",""
236957,"a4_(ykxs5773)","a4_(a49938632587031)",103979,33148,"active","2026-09-07T04:34:03.847+08:00","2026-09-07T04:34:03.847+08:00",103979,"",""
236953,"rig_(zgrp5778)","rig_(rignisu666)",103979,33148,"active","2026-09-07T04:22:39.024+08:00","2026-09-07T04:22:39.024+08:00",103979,"",""
236949,"onigiri_(vuhz5735)","onigiriniggy",103979,33148,"active","2026-09-07T04:05:41.084+08:00","2026-09-07T04:05:41.084+08:00",103979,"",""
236943,"chibi_fumit","chibi_chosu",438160,33148,"active","2026-09-07T03:25:33.672+08:00","2026-09-07T03:25:33.672+08:00",438160,"",""
236939,"senran_kagura_nexus","senran_kagura_shinovi_nexus",1130070,37185,"active","2026-09-07T01:59:11.890+08:00","2026-09-07T01:59:11.890+08:00",1130070,"",""
236938,"senran_kagura_project_n","senran_kagura_shinovi_nexus",1130070,37185,"active","2026-09-07T01:59:01.906+08:00","2026-09-07T01:59:01.906+08:00",1130070,"",""
236935,"noctulilium","nitemillia",1130070,7713,"active","2026-09-07T01:46:19.047+08:00","2026-09-07T01:46:19.047+08:00",1130070,"",""
236931,"tayzzyronth","tayzzyronth_(honkai:_star_rail)",1130070,24117,"active","2026-09-07T01:25:49.579+08:00","2026-09-07T01:25:49.579+08:00",1130070,"",""
236925,"hcii_(user_xpgx2238)","hcii_(hcll15)",103979,33148,"active","2026-09-07T00:21:31.351+08:00","2026-09-07T00:21:31.351+08:00",103979,"",""
236921,"eyefucking","eye_sex",1130070,37728,"active","2026-09-07T00:15:56.960+08:00","2026-09-07T00:15:56.960+08:00",1130070,"",""
236919,"nemuii15","nemuii15_oo",786597,33148,"active","2026-09-07T00:15:55.704+08:00","2026-09-07T00:15:55.704+08:00",786597,"",""
236915,"meat_steak_(ntr)","oniku_steak_(ntr)",1130070,7713,"active","2026-09-06T23:40:49.752+08:00","2026-09-06T23:40:49.752+08:00",1130070,"",""
236913,"shou-kun_(baileys)","asai_shou_(baileys)",1130070,37709,"active","2026-09-06T23:39:52.766+08:00","2026-09-06T23:39:52.766+08:00",1130070,"",""
236907,"dusk_(4435)","pugongying",1130070,7713,"active","2026-09-06T23:19:53.476+08:00","2026-09-06T23:19:53.476+08:00",1130070,"",""
236905,"xiaolailailai","xiao_lai_haru",1130070,7713,"active","2026-09-06T23:17:50.719+08:00","2026-09-06T23:17:50.719+08:00",1130070,"",""
236901,"hoenoart","prixmal",998625,33148,"active","2026-09-06T22:45:44.729+08:00","2026-09-06T22:45:44.729+08:00",998625,"",""
236897,"kakuyasu1025","kakuyasu",893687,33148,"active","2026-09-06T22:45:12.712+08:00","2026-09-06T22:45:12.712+08:00",893687,"",""
236893,"ezio_(pixiv_109778713)","shikongqumingjiaowuxin",1449841,33148,"active","2026-09-06T21:53:05.449+08:00","2026-09-06T21:53:05.449+08:00",1449841,"",""
236889,"chunwiththewind","luoxuan_matai",109167,33148,"active","2026-09-06T21:42:03.155+08:00","2026-09-06T21:42:03.155+08:00",109167,"",""
236888,"doctorcroe","croe_(necroesis)",109167,33148,"active","2026-09-06T21:41:59.818+08:00","2026-09-06T21:41:59.818+08:00",109167,"",""
236881,"tnudyu4a9971264","roratann3678",1193111,33148,"active","2026-09-06T20:22:15.687+08:00","2026-09-06T20:22:15.687+08:00",1193111,"",""
236877,"fay_spaniel","fay_(star_fox)",1130070,37725,"active","2026-09-06T19:15:04.427+08:00","2026-09-06T19:15:04.427+08:00",1130070,"",""
236876,"miyu_lynx","miyu_(star_fox)",1130070,37725,"active","2026-09-06T19:15:00.135+08:00","2026-09-06T19:15:00.135+08:00",1130070,"",""
236873,"muimummi","yamakadatoomota",904806,33148,"active","2026-09-06T18:16:48.618+08:00","2026-09-06T18:16:48.618+08:00",904806,"",""
236849,"shifure_(seedflare_cat)","seedflare",424795,33148,"active","2026-09-06T15:49:01.750+08:00","2026-09-06T15:49:01.750+08:00",424795,"",""
236845,"pachimon_(momosizu)","patimon_(momosizu)",475832,33148,"active","2026-09-06T14:40:33.029+08:00","2026-09-06T14:40:33.029+08:00",475832,"",""
236841,"potatoescanbesadtoo","ppponpotato",749201,33148,"active","2026-09-06T14:31:00.954+08:00","2026-09-06T14:31:00.954+08:00",749201,"",""
236835,"sancai_zhenbai","sanshiro_(sanbai626)",932445,33148,"active","2026-09-06T13:27:08.865+08:00","2026-09-06T13:27:08.865+08:00",932445,"",""
236829,"weiqiban","weiqi_ban_ge_yue",474329,7713,"active","2026-09-06T12:32:39.813+08:00","2026-09-06T12:32:39.813+08:00",474329,"",""
236825,"fumi_(takepoison)","rindou_fumi",85307,36349,"active","2026-09-06T10:35:01.647+08:00","2026-09-06T10:35:01.647+08:00",85307,"",""
236824,"kotori_(takepoison)","rindou_kotori",85307,36349,"active","2026-09-06T10:34:57.090+08:00","2026-09-06T10:34:57.090+08:00",85307,"",""
236823,"moyu_(takepoison)","rindou_moyu",85307,36349,"active","2026-09-06T10:34:53.670+08:00","2026-09-06T10:34:53.670+08:00",85307,"",""
236822,"yui_(takepoison)","rindou_yui",85307,36349,"active","2026-09-06T10:34:45.906+08:00","2026-09-06T10:34:45.906+08:00",85307,"",""
236809,"punta_(pntv25607)","punta",115784,33148,"active","2026-09-06T07:58:09.621+08:00","2026-09-06T07:58:09.621+08:00",115784,"",""
236803,"user_vkcr5455","ten_0000",1368569,33148,"active","2026-09-06T06:51:34.621+08:00","2026-09-06T06:51:34.621+08:00",1368569,"",""
236797,"ryanstorm","ryan_storm",908237,33148,"active","2026-09-06T06:39:35.853+08:00","2026-09-06T06:39:35.853+08:00",908237,"",""
236791,"tactical_maid_(orthonox)","mira_(orthonox)",1130070,37718,"active","2026-09-06T06:06:37.395+08:00","2026-09-06T06:06:37.395+08:00",1130070,"",""
236787,"adawong00","langgo",829456,33148,"active","2026-09-06T02:54:16.992+08:00","2026-09-06T02:54:16.992+08:00",829456,"",""
236783,"kai_yi_ping_lao_gan_die","chaosneh",932445,33148,"active","2026-09-06T01:27:45.770+08:00","2026-09-06T01:27:45.770+08:00",932445,"",""
236777,"jetisxx","jetiss0",103979,33148,"active","2026-09-05T23:51:01.635+08:00","2026-09-05T23:51:01.635+08:00",103979,"",""
236751,"a_yin","ke_shi_yinhe",1367694,33148,"active","2026-09-05T15:48:08.032+08:00","2026-09-05T15:48:08.032+08:00",1367694,"",""
236742,"soldierburger","melonchizu",280788,33148,"active","2026-09-05T12:31:40.183+08:00","2026-09-05T12:31:40.183+08:00",280788,"",""
236720,"bomberman_64:_the_second_attack!","baku_bomberman_2",554505,16840,"active","2026-09-05T06:50:59.025+08:00","2026-09-05T06:50:59.025+08:00",554505,"",""
236714,"pts313","pts3",433258,33148,"active","2026-09-05T05:37:01.467+08:00","2026-09-05T05:37:01.467+08:00",433258,"",""
236710,"14mango","maimoku",433258,33148,"active","2026-09-05T05:35:37.897+08:00","2026-09-05T05:35:37.897+08:00",433258,"",""
236706,"rubraboa","akksbdbd",433258,33148,"active","2026-09-05T05:25:45.237+08:00","2026-09-05T05:25:45.237+08:00",433258,"",""
236702,"poko_mi","pokomi_9",767061,33148,"active","2026-09-05T05:19:22.381+08:00","2026-09-05T05:19:22.381+08:00",767061,"",""
236698,"r0ntheartist","rontheartist",103979,33148,"active","2026-09-05T04:42:18.603+08:00","2026-09-05T04:42:18.603+08:00",103979,"",""
236694,"kenseihue","hue_vcreature",1144072,33148,"active","2026-09-05T04:30:46.689+08:00","2026-09-05T04:30:46.689+08:00",1144072,"",""
236693,"fencingboyhue","hue_vcreature",1144072,33148,"active","2026-09-05T04:30:44.347+08:00","2026-09-05T04:30:44.347+08:00",1144072,"",""
236684,"koshmar_7","haem_yang",1116846,33148,"active","2026-09-05T03:42:06.994+08:00","2026-09-05T03:42:06.994+08:00",1116846,"",""
236651,"knex5385","nndy00",280788,33148,"active","2026-09-05T02:50:55.745+08:00","2026-09-05T02:50:55.745+08:00",280788,"",""
236635,"asteria_(ad_astra)_(girls'_frontline_2)","st_ar-15_(literary_girl)_(girls'_frontline)",554505,23293,"active","2026-09-04T22:38:19.506+08:00","2026-09-04T22:38:19.506+08:00",554505,"",""
236633,"piapi_ufo_(1.0)","piapi_ufo_(pia_1.0)",554505,23520,"active","2026-09-04T22:23:08.016+08:00","2026-09-04T22:23:08.016+08:00",554505,"",""
236630,"rou_(red_hat)_(brown_dust)","rou_(red_riding_hood)_(brown_dust)",1130070,34686,"active","2026-09-04T20:47:22.921+08:00","2026-09-04T20:47:22.921+08:00",1130070,"",""
236628,"yukino030yu_ri","yu_ri_0320",786597,33148,"active","2026-09-04T20:41:21.008+08:00","2026-09-04T20:41:21.008+08:00",786597,"",""
236622,"monimomotani","livideal",1054326,7713,"active","2026-09-04T17:28:53.501+08:00","2026-09-04T17:28:53.501+08:00",1054326,"",""
236618,"nasol","yunnasol",974737,33148,"active","2026-09-04T16:22:03.399+08:00","2026-09-04T16:22:03.399+08:00",974737,"",""
236614,"nokononoko","no_ko",1350155,33148,"active","2026-09-04T12:40:59.377+08:00","2026-09-04T12:40:59.377+08:00",1350155,"",""
236609,"jane_lane_(daria)","jane_lane",85307,37659,"active","2026-09-04T12:06:55.497+08:00","2026-09-04T12:06:55.497+08:00",85307,"",""
236607,"soda_shake_(meme)","cola_shake_(meme)",85307,37700,"active","2026-09-04T11:51:31.594+08:00","2026-09-04T11:51:31.594+08:00",85307,"",""
236605,"sharks_line3","sharks_line2",433258,33148,"active","2026-09-04T11:10:46.084+08:00","2026-09-04T11:10:46.084+08:00",433258,"",""
236599,"osha_violation","workplace_safety_violation",52664,37632,"active","2026-09-04T08:36:09.861+08:00","2026-09-04T08:36:09.861+08:00",52664,"",""
236598,"not_safe_for_work_(literally)","workplace_safety_violation",52664,37632,"active","2026-09-04T08:36:07.022+08:00","2026-09-04T08:36:07.022+08:00",52664,"",""
236595,"chibi_humanization","unchibification",52664,37617,"active","2026-09-04T08:22:15.097+08:00","2026-09-04T08:22:15.097+08:00",52664,"",""
236594,"life-size_chibi","unchibification",52664,37617,"active","2026-09-04T08:22:13.275+08:00","2026-09-04T08:22:13.275+08:00",52664,"",""
236591,"nicorato0503","amahara_subaru",52664,33148,"active","2026-09-04T08:15:48.361+08:00","2026-09-04T08:15:48.361+08:00",52664,"",""
236589,"takkun_(navigavi)","tatchan_(navigavi)",52664,37517,"active","2026-09-04T08:14:29.065+08:00","2026-09-19T06:43:39.548+08:00",52664,"",""
236581,"the_wandering_emperor","the_wanderer_(magic:_the_gathering)",52664,37660,"active","2026-09-04T08:11:09.574+08:00","2026-09-04T08:11:09.574+08:00",52664,"",""
236579,"diving_platform","diving_board",52664,37665,"active","2026-09-04T07:59:15.841+08:00","2026-09-04T07:59:15.841+08:00",52664,"",""
236578,"winner's_platform","podium",52664,37665,"active","2026-09-04T07:59:12.720+08:00","2026-09-04T07:59:12.720+08:00",52664,"",""
236575,"paypal_me_x_(meme)","paypal_me_$30000_(meme)",52664,37679,"active","2026-09-04T07:55:04.373+08:00","2026-09-04T07:55:04.373+08:00",52664,"",""
236573,"rosarian144","meremero",52664,7713,"active","2026-09-04T07:49:40.841+08:00","2026-09-04T07:49:40.841+08:00",52664,"",""
236571,"dg1d34_spl","doggo_1d34",52664,7713,"active","2026-09-04T07:49:10.714+08:00","2026-09-04T07:49:10.714+08:00",52664,"",""
236569,"exxska_1","dayama",52664,7713,"deleted","2026-09-04T07:48:39.127+08:00","2026-09-17T02:08:40.685+08:00",52664,"",""
236567,"masmarcos","mas_marcos",908237,33148,"active","2026-09-04T07:48:36.642+08:00","2026-09-04T07:48:36.642+08:00",908237,"",""
236563,"peablaze_(xxpeaflowerxx)","peablaze_(leafpaw)",52664,7713,"active","2026-09-04T07:48:06.537+08:00","2026-09-04T07:48:06.537+08:00",52664,"",""
236562,"xxpeaflowerxx","leafpaw",52664,7713,"active","2026-09-04T07:48:04.913+08:00","2026-09-04T07:48:04.913+08:00",52664,"",""
236559,"pov_glasses","eyewear_view",52664,37692,"active","2026-09-04T07:47:37.319+08:00","2026-09-04T07:47:37.319+08:00",52664,"",""
236557,"eighth_note_earrings","musical_note_earrings",52664,37694,"active","2026-09-04T07:36:02.227+08:00","2026-09-04T07:36:02.227+08:00",52664,"",""
236555,"wombforce","wombforce_(meme)",52664,37686,"active","2026-09-04T07:27:53.794+08:00","2026-09-04T07:27:53.794+08:00",52664,"",""
236553,"materia_shiro","materia_(white)_(frame_arms_girl)",52664,37689,"active","2026-09-04T06:59:47.649+08:00","2026-09-04T06:59:47.649+08:00",52664,"",""
236552,"materia_kuro","materia_(normal)_(frame_arms_girl)",52664,37689,"active","2026-09-04T06:59:44.827+08:00","2026-09-04T06:59:44.827+08:00",52664,"",""
236549,"dreads","dreadlocks",52664,37697,"active","2026-09-04T06:44:51.554+08:00","2026-09-04T06:44:51.554+08:00",52664,"",""
236547,"wyten","yonveill",433258,33148,"active","2026-09-04T04:38:41.392+08:00","2026-09-04T04:38:41.392+08:00",433258,"",""
236543,"dzym7847","m_(miku_beaaaaaamm)",1105289,33148,"active","2026-09-04T02:59:47.044+08:00","2026-09-04T02:59:47.044+08:00",1105289,"",""
236542,"lu_art_(luu_o_o)","m_(miku_beaaaaaamm)",1105289,33148,"active","2026-09-04T02:59:45.389+08:00","2026-09-04T02:59:45.389+08:00",1105289,"",""
236535,"wingdingergman","cuddlethecoatls",499293,7713,"active","2026-09-04T02:52:09.599+08:00","2026-09-04T02:52:09.599+08:00",499293,"",""
236533,"hijinzou","waysin_(hijinzou)",861955,7713,"active","2026-09-04T02:45:21.404+08:00","2026-09-04T02:45:21.404+08:00",861955,"",""
236490,"weltenwand98","weltenwandererart",103979,33148,"active","2026-09-04T01:01:49.615+08:00","2026-09-04T01:01:49.615+08:00",103979,"",""
236486,"rounin_(amuza)","lownine",589498,33148,"active","2026-09-04T00:05:14.368+08:00","2026-09-04T00:05:14.368+08:00",589498,"",""
236482,"teepa_aa","teepa",781002,7713,"active","2026-09-03T23:48:13.425+08:00","2026-09-03T23:48:13.425+08:00",781002,"",""
236474,"leons-7","leonstar",103979,33148,"active","2026-09-03T22:58:55.545+08:00","2026-09-03T22:58:55.545+08:00",103979,"",""
236470,"yunahedgehog2","runny_pinki06",103979,33148,"active","2026-09-03T22:47:23.068+08:00","2026-09-03T22:47:23.068+08:00",103979,"",""
236466,"boonie_(bonnydada8)","bonnymama7",781002,33148,"active","2026-09-03T22:30:13.129+08:00","2026-09-03T22:30:13.129+08:00",781002,"",""
236462,"hoshinousagi","nearestazurestar",103979,33148,"active","2026-09-03T22:23:55.797+08:00","2026-09-03T22:23:55.797+08:00",103979,"",""
236456,"rubisapa79","rubisapa",103979,33148,"active","2026-09-03T22:09:42.102+08:00","2026-09-03T22:09:42.102+08:00",103979,"",""
236452,"kodue55","kodue_sakiyama",103979,33148,"active","2026-09-03T22:04:37.949+08:00","2026-09-03T22:04:37.949+08:00",103979,"",""
236444,"hyokomaru","ichihara_yuuto",1234382,33148,"active","2026-09-03T20:52:45.625+08:00","2026-09-03T20:52:45.625+08:00",1234382,"",""
236426,"aracanthus38633","aracanthusdraws",521113,33148,"active","2026-09-03T19:19:40.334+08:00","2026-09-03T19:19:40.334+08:00",521113,"",""
236422,"yamiti_bu_pao_cha","yimi-tea",932445,33148,"active","2026-09-03T16:54:57.130+08:00","2026-09-03T16:54:57.130+08:00",932445,"",""
236414,"7senruyy","fuzi3535",1087973,33148,"active","2026-09-03T15:12:38.524+08:00","2026-09-03T15:12:38.524+08:00",1087973,"",""
236413,"senryu3535","fuzi3535",1087973,33148,"active","2026-09-03T15:12:33.108+08:00","2026-09-03T15:12:33.108+08:00",1087973,"",""
236406,"narumimusic0101","chitanda_(chidaringring)",68250,33148,"active","2026-09-03T14:53:51.299+08:00","2026-09-03T14:53:51.299+08:00",68250,"",""
236405,"akira_amamiya15","amamiya_akira_(payanekoyashiki!)",68250,33148,"active","2026-09-03T14:53:49.442+08:00","2026-09-03T14:53:49.442+08:00",68250,"",""
236404,"hai_draw","si_(hai_iro)",68250,33148,"active","2026-09-03T14:53:47.707+08:00","2026-09-03T14:53:47.707+08:00",68250,"",""
236403,"amamiya_akira","amamiya_hikaru_(fugeiraizen)",68250,33148,"active","2026-09-03T14:53:43.144+08:00","2026-09-03T14:53:43.144+08:00",68250,"",""
236402,"musclemamayade","mamma_(musclemamayade)",68250,33148,"active","2026-09-03T14:53:39.549+08:00","2026-09-03T14:53:39.549+08:00",68250,"",""
236401,"oecakimellia","camellia_(oecakimellia)",68250,33148,"active","2026-09-03T14:53:38.013+08:00","2026-09-03T14:53:38.013+08:00",68250,"",""
236400,"msh_chaba69","asatsumi_hiroi",68250,33148,"active","2026-09-03T14:53:36.598+08:00","2026-09-03T14:53:36.598+08:00",68250,"",""
236399,"akasanngg","amehoshi_aka",68250,33148,"active","2026-09-03T14:53:34.819+08:00","2026-09-03T14:53:34.819+08:00",68250,"",""
236398,"waranowrn","warano_(wara_no_ie)",68250,33148,"active","2026-09-03T14:53:33.569+08:00","2026-09-03T14:53:33.569+08:00",68250,"",""
236397,"eshimagure","eshima_yoshi",68250,33148,"active","2026-09-03T14:53:32.201+08:00","2026-09-03T14:53:32.201+08:00",68250,"",""
236396,"himeyamayuri","himeyama_yuri_(694ku)",68250,33148,"active","2026-09-03T14:53:29.643+08:00","2026-09-03T14:53:29.643+08:00",68250,"",""
236395,"nataneabr","natane_uoru",68250,33148,"active","2026-09-03T14:53:27.421+08:00","2026-09-03T14:53:27.421+08:00",68250,"",""
236346,"wo_xiang_kending_wo_ziji","x_xiaoyu17",1340120,33148,"active","2026-09-03T14:37:56.564+08:00","2026-09-03T14:37:56.564+08:00",1340120,"",""
236338,"alleatris","yokomiro_chan",103979,33148,"active","2026-09-03T13:03:42.457+08:00","2026-09-03T13:03:42.457+08:00",103979,"",""
236334,"ghosthood","ghostinhood",103979,33148,"active","2026-09-03T09:59:29.823+08:00","2026-09-03T09:59:29.823+08:00",103979,"",""
236330,"jon_albert_lafuente","untoldmage890",103979,33148,"active","2026-09-03T09:55:22.083+08:00","2026-09-03T09:55:22.083+08:00",103979,"",""
236326,"insight_(deinos_phainein)_(arcaea)","insight_(nullified)_(arcaea)",52664,37675,"active","2026-09-03T05:33:17.463+08:00","2026-09-03T05:33:17.463+08:00",52664,"",""
236324,"deku's_photo_of_hagakure_toru","deku's_photos_leak",52664,37669,"active","2026-09-03T05:29:43.819+08:00","2026-09-03T05:29:43.819+08:00",52664,"",""
236322,"elira_pendora_(6th_costume)","elira_pendora_(wolf)",52664,23520,"active","2026-09-03T04:57:43.714+08:00","2026-09-03T04:57:43.714+08:00",52664,"",""
236320,"azhir730","yuchi0730",1561614,33148,"active","2026-09-03T04:56:09.398+08:00","2026-09-03T04:56:09.398+08:00",1561614,"",""
236316,"nightingalium","dreamerrii",103979,33148,"active","2026-09-03T04:37:31.549+08:00","2026-09-03T04:37:31.549+08:00",103979,"",""
236304,"karee","karee_(kare_ep)",1368569,33148,"active","2026-09-03T00:38:52.079+08:00","2026-09-03T00:38:52.079+08:00",1368569,"",""
236303,"karee@luminous_4th","karee_(masousizuka)",1368569,33148,"active","2026-09-03T00:38:48.255+08:00","2026-09-03T00:38:48.255+08:00",1368569,"",""
236294,"sellite","jie_deng",998625,33148,"active","2026-09-02T23:53:33.622+08:00","2026-09-02T23:53:33.622+08:00",998625,"",""
236290,"tasneff446","tasneff89536",103979,33148,"active","2026-09-02T22:16:30.387+08:00","2026-09-02T22:16:30.387+08:00",103979,"",""
236286,"hxtqr0120","nikice99",1561614,33148,"active","2026-09-02T21:41:45.854+08:00","2026-09-02T21:41:45.854+08:00",1561614,"",""
236278,"yu_xoxo","harunaru",527891,33148,"active","2026-09-02T21:16:55.004+08:00","2026-09-02T21:16:55.004+08:00",527891,"",""
236272,"natsuuuno","natsuno_(ka)",1072351,33148,"active","2026-09-02T20:12:59.041+08:00","2026-09-02T20:12:59.041+08:00",1072351,"",""
236268,"mintosandragon","minto-san",521113,33148,"active","2026-09-02T19:28:51.648+08:00","2026-09-02T19:28:51.648+08:00",521113,"",""
236264,"xio_no_a","xiaox096",975074,33148,"active","2026-09-02T18:52:44.660+08:00","2026-09-02T18:52:44.660+08:00",975074,"",""
236258,"bacon_quiche","xiaoyan_(luciel70742)",1130070,33148,"active","2026-09-02T17:34:48.699+08:00","2026-09-02T17:34:48.699+08:00",1130070,"",""
236252,"michengjuzida","sa-baaa",1130070,37659,"active","2026-09-02T15:35:55.640+08:00","2026-09-02T15:35:55.640+08:00",1130070,"",""
236246,"pappara","kubikiri",717578,33148,"active","2026-09-02T11:18:28.673+08:00","2026-09-02T11:18:28.673+08:00",717578,"",""
236242,"xiao_changchang","manyu_tianchang",897818,33148,"active","2026-09-02T10:56:09.060+08:00","2026-09-02T10:56:09.060+08:00",897818,"",""
236238,"she-ra_princess_of_power","she-ra:_princess_of_power",85307,31740,"active","2026-09-02T10:46:17.812+08:00","2026-09-02T10:46:17.812+08:00",85307,"",""
236234,"mossman_(he-man)","mossman_(masters_of_the_universe)",85307,37670,"active","2026-09-02T10:41:34.926+08:00","2026-09-02T10:41:34.926+08:00",85307,"",""
236233,"sorceress_(he-man)","sorceress_(masters_of_the_universe)",85307,37670,"active","2026-09-02T10:41:32.716+08:00","2026-09-02T10:41:32.716+08:00",85307,"",""
236232,"stratos_(he-man)","stratos_(masters_of_the_universe)",85307,37670,"active","2026-09-02T10:41:30.616+08:00","2026-09-02T10:41:30.616+08:00",85307,"",""
236231,"faker_(he-man)","faker_(masters_of_the_universe)",85307,37670,"active","2026-09-02T10:41:27.475+08:00","2026-09-02T10:41:27.475+08:00",85307,"",""
236224,"user_vnmd8473","shirota_milk",1288648,33148,"active","2026-09-02T08:45:49.465+08:00","2026-09-02T08:45:49.465+08:00",1288648,"",""
236220,"doomsona","nzsssm",866222,33148,"active","2026-09-02T08:10:13.796+08:00","2026-09-02T08:10:13.796+08:00",866222,"",""
236216,"w_@komodo","komododoragonn",1288648,33148,"active","2026-09-02T08:04:07.359+08:00","2026-09-02T08:04:07.359+08:00",1288648,"",""
236210,"vivibert","vvbert",101372,33148,"active","2026-09-02T04:58:39.685+08:00","2026-09-02T04:58:39.685+08:00",101372,"",""
236198,"rose_weasley","rose_granger-weasley",52664,37664,"active","2026-09-02T02:58:28.464+08:00","2026-09-02T02:58:28.464+08:00",52664,"",""
236196,"yonaga_soushirou","yonaga_soshiro",52664,37663,"active","2026-09-02T02:57:06.720+08:00","2026-09-02T02:57:06.720+08:00",52664,"",""
236192,"samy_(s4m1k4)","sasimiso1",1561614,33148,"active","2026-09-02T01:31:49.371+08:00","2026-09-02T01:31:49.371+08:00",1561614,"",""
236186,"user_vrjz3558","ramune_(pixiv_60590530)",1368569,33148,"active","2026-09-01T23:49:15.826+08:00","2026-09-01T23:49:15.826+08:00",1368569,"",""
236182,"rinnanki","fakura",1234382,33148,"active","2026-09-01T23:29:02.341+08:00","2026-09-01T23:29:02.341+08:00",1234382,"",""
236174,"azf_go","sumibiya_yasain",204613,33148,"active","2026-09-01T23:23:50.363+08:00","2026-09-01T23:23:50.363+08:00",204613,"",""
236170,"terikanz","teri_(user_aywr4824)",1054326,7713,"active","2026-09-01T23:14:27.902+08:00","2026-09-01T23:14:27.902+08:00",1054326,"",""
236162,"ka_e_de","kaede20040813",1254028,7713,"active","2026-09-01T22:49:18.306+08:00","2026-09-01T22:49:18.306+08:00",1254028,"",""
236160,"pagasss19","pagas",1254028,7713,"active","2026-09-01T22:48:55.399+08:00","2026-09-01T22:48:55.399+08:00",1254028,"",""
236156,"yakitateyanagi","yanagi_dako",196991,33148,"active","2026-09-01T21:31:36.538+08:00","2026-09-01T21:31:36.538+08:00",196991,"",""
236150,"vixivulpixel","vixichrome",433258,33148,"active","2026-09-01T19:45:49.300+08:00","2026-09-01T19:45:49.300+08:00",433258,"",""
236149,"gunkguzzler_(cokobidrawsporn)","cokobi",433258,33148,"active","2026-09-01T19:45:46.992+08:00","2026-09-01T19:45:46.992+08:00",433258,"",""
236136,"user_sahe4448","ijtwzpdemdicscq",1561614,7713,"active","2026-09-01T17:32:39.215+08:00","2026-09-01T17:32:39.215+08:00",1561614,"",""
236132,"xingkong_mie_geng","metoerwarrior",474329,7713,"active","2026-09-01T17:24:14.249+08:00","2026-09-01T17:24:14.249+08:00",474329,"",""
236128,"tang_yuliang","metoerwarrior",474329,7713,"active","2026-09-01T16:58:58.881+08:00","2026-09-01T16:58:58.881+08:00",474329,"",""
236121,"rodmael989","mopa_huhu",1374836,33148,"active","2026-09-01T13:22:31.361+08:00","2026-09-01T13:22:31.361+08:00",1374836,"",""
236117,"renibou","neoburi",718515,33148,"active","2026-09-01T12:03:00.133+08:00","2026-09-01T12:03:00.133+08:00",718515,"",""
236113,"zlsyun_(parapona_)","zlx",895489,33148,"active","2026-09-01T07:12:37.334+08:00","2026-09-01T07:12:37.334+08:00",895489,"",""
236109,"dudundun","kwajia3",779867,33148,"active","2026-09-01T06:56:57.032+08:00","2026-09-01T06:56:57.032+08:00",779867,"",""
236105,"lowren_ills","lowren",1368569,33148,"active","2026-09-01T06:24:50.056+08:00","2026-09-01T06:24:50.056+08:00",1368569,"",""
236104,"lowren_key","lowren",1368569,33148,"active","2026-09-01T06:24:48.497+08:00","2026-09-01T06:24:48.497+08:00",1368569,"",""
236097,"user_ecce7745","zhi_no_tiankong",1538267,33148,"active","2026-09-01T05:55:36.597+08:00","2026-09-01T05:55:36.597+08:00",1538267,"",""
236093,"rattish_(rattish_ra)","rattish",1316376,33148,"active","2026-09-01T05:49:41.423+08:00","2026-09-01T05:49:41.423+08:00",1316376,"",""
236089,"sep16","buzzard_black",454016,33148,"active","2026-09-01T04:13:18.023+08:00","2026-09-01T04:13:18.023+08:00",454016,"",""
236065,"snowii_cat","mewochy",1116846,33148,"active","2026-09-01T03:02:02.879+08:00","2026-09-01T03:02:02.879+08:00",1116846,"",""
236059,"mtmsnbsj41taq9y","sakusan_(vofmkj08)",1132913,33148,"active","2026-09-01T01:35:46.054+08:00","2026-09-01T01:35:46.054+08:00",1132913,"",""
236053,"wuwa","wuthering_waves",52664,37654,"active","2026-09-01T01:03:07.836+08:00","2026-09-01T01:03:07.836+08:00",52664,"",""
236051,"riddle_rosehearts_(dream)","riddle_rosehearts_(rose-red_tyrant)",52664,33036,"active","2026-09-01T00:43:01.747+08:00","2026-09-01T00:43:01.747+08:00",52664,"",""
236049,"i'm_milk","milk_the_slime",1368569,7713,"active","2026-09-01T00:42:48.557+08:00","2026-09-01T00:42:48.557+08:00",1368569,"",""
236047,"niwaniwa285","hiri_(hiria753)",1368569,7713,"active","2026-09-01T00:38:20.277+08:00","2026-09-01T00:38:20.277+08:00",1368569,"",""
236045,"very_curly_hair","kinky_hair",52664,37646,"active","2026-09-01T00:26:41.693+08:00","2026-09-01T00:26:41.693+08:00",52664,"",""
236043,"xuan_(m-chai)","kawashima_shirone_(m-chai)",52664,37643,"active","2026-09-01T00:00:08.817+08:00","2026-09-01T00:00:08.817+08:00",52664,"",""
236041,"pikachu_phd","pikachu_ph.d.",52664,37644,"active","2026-08-31T23:58:34.478+08:00","2026-08-31T23:58:34.478+08:00",52664,"",""
236039,"hakushika_iori_(3rd_costume)","hakushika_iori_(greed)",52664,23520,"active","2026-08-31T23:50:43.311+08:00","2026-08-31T23:50:43.311+08:00",52664,"",""
236037,"nerissa_ravencroft_(5th_costume)","nerissa_ravencroft_(summer)",52664,23520,"active","2026-08-31T23:50:11.332+08:00","2026-08-31T23:50:11.332+08:00",52664,"",""
236035,"wisps_(mint_fantome)","aiboo_(mint_fantome)",52664,37647,"active","2026-08-31T23:49:42.162+08:00","2026-08-31T23:49:42.162+08:00",52664,"",""
236031,"the_frontier_lord_begins_with_zero_subjects","ryoumin_0-nin_start_no_henkyou_ryoushu-sama",52664,37650,"active","2026-08-31T23:47:27.678+08:00","2026-08-31T23:47:27.678+08:00",52664,"",""
236026,"mmtc_shuang","shuang_geng",1316376,33148,"active","2026-08-31T23:17:51.077+08:00","2026-08-31T23:17:51.077+08:00",1316376,"",""
236022,"namatama_udtr","sorewakaru0001",1234382,7713,"active","2026-08-31T22:22:13.149+08:00","2026-08-31T22:22:13.149+08:00",1234382,"",""
236018,"calgal","kasatrou",983878,33148,"active","2026-08-31T22:16:17.929+08:00","2026-08-31T22:16:17.929+08:00",983878,"",""
236014,"r0nni","ronnie_choy",1054326,33148,"active","2026-08-31T22:16:06.630+08:00","2026-08-31T22:16:06.630+08:00",1054326,"",""
236010,"3rbk7hs51mdrjf1","guanyiwudan",1234382,7713,"active","2026-08-31T21:37:24.450+08:00","2026-08-31T21:37:24.450+08:00",1234382,"",""
236006,"cang_lang_yeshou","guanyiwudan",1234382,7713,"active","2026-08-31T21:36:33.628+08:00","2026-08-31T21:36:33.628+08:00",1234382,"",""
236000,"youzha_yunduo","anmi_(alsqb)",257377,33148,"active","2026-08-31T20:33:53.309+08:00","2026-08-31T20:33:53.309+08:00",257377,"",""
235996,"frilled_neck_lizard","frill-necked_lizard",508240,37651,"active","2026-08-31T17:32:39.198+08:00","2026-08-31T17:32:39.198+08:00",508240,"",""
235994,"gpyz7575","taiga_(snowtt3)",1054326,33148,"active","2026-08-31T17:24:25.193+08:00","2026-08-31T17:24:25.193+08:00",1054326,"",""
235990,"gurina","gu_lina",718515,33148,"active","2026-08-31T17:17:29.149+08:00","2026-08-31T17:17:29.149+08:00",718515,"",""
235986,"liyichun","kurihara_junichi",1449841,33148,"active","2026-08-31T16:56:30.466+08:00","2026-08-31T16:56:30.466+08:00",1449841,"",""
235982,"yuri_tibuqijin","solarisyuri!",932445,33148,"active","2026-08-31T16:42:39.466+08:00","2026-08-31T16:42:39.466+08:00",932445,"",""
235978,"mrrods3","miyco",1087973,33148,"active","2026-08-31T16:32:41.258+08:00","2026-08-31T16:32:41.258+08:00",1087973,"",""
235974,"xiangchilanmeishe","kulululuna",1449841,33148,"active","2026-08-31T15:21:30.009+08:00","2026-08-31T15:21:30.009+08:00",1449841,"",""
235970,"p_giraffa","donguri_(giraffagrape)",718515,33148,"active","2026-08-31T15:18:27.427+08:00","2026-08-31T15:18:27.427+08:00",718515,"",""
235966,"1575136152","xhuhuodiandeng",815449,33148,"active","2026-08-31T15:14:45.937+08:00","2026-08-31T15:14:45.937+08:00",815449,"",""
235956,"xishuu_(user_dvah3828)","xishuu_(xishu3373)",103979,33148,"active","2026-08-31T13:30:23.986+08:00","2026-08-31T13:30:23.986+08:00",103979,"",""
235931,"chappa_(chabaco0401)","chappa_(kaetodo)",904806,33148,"active","2026-08-31T10:56:11.973+08:00","2026-08-31T10:56:11.973+08:00",904806,"",""
235921,"tsaiandaart","tsaianda",1130582,33148,"active","2026-08-31T06:57:54.919+08:00","2026-08-31T06:57:54.919+08:00",1130582,"",""
235912,"art_sweety","sweetyart",1084933,7713,"active","2026-08-31T05:42:50.474+08:00","2026-08-31T05:42:50.474+08:00",1084933,"",""
235908,"muryo_55555","yashikikoi",786597,33148,"active","2026-08-31T05:33:32.069+08:00","2026-08-31T05:33:32.069+08:00",786597,"",""
235806,"lackataskk","lackatask",1084933,7713,"active","2026-08-31T04:32:22.997+08:00","2026-08-31T04:32:22.997+08:00",1084933,"",""
235802,"kusanagi_no_tsurugi_(sword)","sword_of_kusanagi",52664,37641,"active","2026-08-31T04:17:11.702+08:00","2026-08-31T04:17:11.702+08:00",52664,"",""
235800,"aquaticus","akunabito",52664,37636,"active","2026-08-31T03:51:26.214+08:00","2026-08-31T03:51:26.214+08:00",52664,"",""
235799,"fiersome","furekuzido",52664,37636,"active","2026-08-31T03:51:23.863+08:00","2026-08-31T03:51:23.863+08:00",52664,"",""
235798,"terrable","purotegurido",52664,37636,"active","2026-08-31T03:51:21.731+08:00","2026-08-31T03:51:21.731+08:00",52664,"",""
235794,"obscured_eyes","covered_eyes",52664,37635,"active","2026-08-31T03:50:41.827+08:00","2026-08-31T03:50:41.827+08:00",52664,"",""
235790,"finger_protectors","finger_cots",52664,37569,"active","2026-08-31T03:33:54.576+08:00","2026-08-31T03:33:54.576+08:00",52664,"",""
235789,"finger_gloves","finger_cots",52664,37569,"active","2026-08-31T03:33:51.781+08:00","2026-08-31T03:33:51.781+08:00",52664,"",""
235786,"arcade_gun","light_gun",52664,37567,"active","2026-08-31T03:32:25.995+08:00","2026-08-31T03:32:25.995+08:00",52664,"",""
235784,"arinnixxx1103","yuyanbly544",932445,33148,"active","2026-08-31T02:59:15.862+08:00","2026-08-31T02:59:15.862+08:00",932445,"",""
235774,"ben_solo","kylo_ren",52664,37568,"active","2026-08-31T02:25:16.849+08:00","2026-08-31T02:25:16.849+08:00",52664,"",""
235768,"trails_in_the_sky_sc","sora_no_kiseki_sc",52664,27449,"active","2026-08-31T02:15:25.827+08:00","2026-08-31T02:15:25.827+08:00",52664,"",""
235767,"trails_in_the_sky_fc","sora_no_kiseki_fc",52664,27449,"active","2026-08-31T02:15:23.383+08:00","2026-08-31T02:15:23.383+08:00",52664,"",""
235762,"pin_board","bulletin_board",52664,37630,"active","2026-08-31T02:04:55.533+08:00","2026-08-31T02:04:55.533+08:00",52664,"",""
235760,"cat_tower","cat_tree",52664,37627,"active","2026-08-31T02:00:03.282+08:00","2026-08-31T02:00:03.282+08:00",52664,"",""
235758,"kuzan_(one_piece)","aokiji_(one_piece)",52664,31912,"active","2026-08-31T01:22:52.023+08:00","2026-08-31T01:22:52.023+08:00",52664,"",""
235756,"wdyb1925","akumamanta",1368569,7713,"active","2026-08-30T23:43:52.852+08:00","2026-08-30T23:43:52.852+08:00",1368569,"",""
235752,"yasaihata","yasaibatake_(yasaibatakue)",1368569,7713,"active","2026-08-30T23:40:44.733+08:00","2026-08-30T23:40:44.733+08:00",1368569,"",""
235750,"luxuanzi","xuanarno",932445,33148,"active","2026-08-30T23:33:36.069+08:00","2026-08-30T23:33:36.069+08:00",932445,"",""
235744,"raiki9","rik_km9",103979,33148,"active","2026-08-30T22:43:40.454+08:00","2026-08-30T22:43:40.454+08:00",103979,"",""
235738,"user_rgfn8234","froz_tsuyoken",103979,33148,"active","2026-08-30T22:40:12.994+08:00","2026-08-30T22:40:12.994+08:00",103979,"",""
235734,"ars_(pixiv74346033)","ars_(arususoul3)",103979,33148,"active","2026-08-30T22:07:29.633+08:00","2026-08-30T22:07:29.633+08:00",103979,"",""
235724,"supermarco64","thesupermarco64",1151956,33148,"active","2026-08-30T19:29:19.398+08:00","2026-08-30T19:29:19.398+08:00",1151956,"",""
235720,"relfg_9841","emo_qing",474329,7713,"active","2026-08-30T19:11:47.100+08:00","2026-08-30T19:11:47.100+08:00",474329,"",""
235716,"rothereal","haiena_utopia",1234382,7713,"active","2026-08-30T18:48:45.692+08:00","2026-08-30T18:48:45.692+08:00",1234382,"",""
235704,"chokobibimmyeon","choco_bibim_myeon",1017510,33148,"active","2026-08-30T15:16:47.809+08:00","2026-08-30T15:16:47.809+08:00",1017510,"",""
235700,"xhs_zawa","huziyu",1019938,33148,"active","2026-08-30T13:20:02.280+08:00","2026-08-30T13:20:02.280+08:00",1019938,"",""
235674,"adunba_rell","skello_(skello-on-ice)",347755,33148,"active","2026-08-30T07:44:47.884+08:00","2026-08-30T07:44:47.884+08:00",347755,"",""
235670,"seeu_dad","sibeoji",983878,33148,"active","2026-08-30T07:32:12.195+08:00","2026-08-30T07:32:12.195+08:00",983878,"",""
235666,"user_mgmt8473","35suke",433258,33148,"active","2026-08-30T07:27:17.895+08:00","2026-08-30T07:27:17.895+08:00",433258,"",""
235665,"suke_009","35suke",433258,33148,"active","2026-08-30T07:27:16.209+08:00","2026-08-30T07:27:16.209+08:00",433258,"",""
235656,"tom0ka_murata","tomoka_murata",1352409,33148,"active","2026-08-30T05:44:23.084+08:00","2026-08-30T05:44:23.084+08:00",1352409,"",""
235651,"hanabi_kaji","hanakaji_(yuuchanto)",499293,7713,"active","2026-08-30T04:12:02.424+08:00","2026-08-30T04:12:02.424+08:00",499293,"",""
235649,"ice_do_nakau","naka_ushiro",499293,33148,"active","2026-08-30T04:09:44.814+08:00","2026-08-30T04:09:44.814+08:00",499293,"",""
235645,"touchme_midas","elosia",499293,7713,"active","2026-08-30T04:05:55.638+08:00","2026-08-30T04:05:55.638+08:00",499293,"",""
235643,"junggwa6","deoksuhun6",433258,33148,"active","2026-08-30T03:35:19.065+08:00","2026-08-30T03:35:19.065+08:00",433258,"",""
235639,"glgl_aaa129","amatuka",1193349,33148,"active","2026-08-30T01:17:27.654+08:00","2026-08-30T01:17:27.654+08:00",1193349,"",""
235635,"gundam68","minazuki_yoka",786597,33148,"active","2026-08-30T01:13:57.584+08:00","2026-08-30T01:13:57.584+08:00",786597,"",""
235631,"yolo_generations","yolo_art",278478,7713,"active","2026-08-30T01:03:32.252+08:00","2026-08-30T01:03:32.252+08:00",278478,"",""
235629,"ofallx","alk_(4lk_uq)",278478,7713,"active","2026-08-30T00:55:50.679+08:00","2026-08-30T00:55:50.679+08:00",278478,"",""
235623,"user_yhdp5543","oishii_kome_(4-daime)",718515,33148,"active","2026-08-30T00:19:06.631+08:00","2026-08-30T00:19:06.631+08:00",718515,"",""
235619,"ribbon_(no077)","elenoriya",1449841,33148,"active","2026-08-29T23:34:02.561+08:00","2026-08-29T23:34:02.561+08:00",1449841,"",""
235611,"konsome-eeee","konsomewasshoi",1054326,7713,"active","2026-08-29T20:44:09.273+08:00","2026-08-29T20:44:09.273+08:00",1054326,"",""
235609,"hinoshika_tamon","yamiochirink",1054326,7713,"active","2026-08-29T20:42:49.632+08:00","2026-08-29T20:42:49.632+08:00",1054326,"",""
235607,"manatsu_495","manatu01",1054326,7713,"active","2026-08-29T20:39:44.858+08:00","2026-08-29T20:39:44.858+08:00",1054326,"",""
235605,"taotao_384994932","taotao_bujue",1054326,7713,"active","2026-08-29T20:39:10.803+08:00","2026-08-29T20:39:10.803+08:00",1054326,"",""
235603,"user_cudv2875","hector_imabayashi",1054326,7713,"active","2026-08-29T20:28:01.021+08:00","2026-08-29T20:28:01.021+08:00",1054326,"",""
235601,"kouroul","abe_bz",1054326,7713,"active","2026-08-29T20:27:56.770+08:00","2026-08-29T20:27:56.770+08:00",1054326,"",""
235599,"5oir54ix5l2g","tianmu_shanwu",1054326,7713,"active","2026-08-29T20:27:44.174+08:00","2026-08-29T20:27:44.174+08:00",1054326,"",""
235591,"chitoseee","chiinixz",1054326,33148,"active","2026-08-29T17:35:11.281+08:00","2026-08-29T17:35:11.281+08:00",1054326,"",""
235587,"atigerfishherry","coolherry",1234382,7713,"active","2026-08-29T17:18:12.024+08:00","2026-08-29T17:18:12.024+08:00",1234382,"",""
235583,"enveloped_month","eviloped",1182530,33148,"active","2026-08-29T13:52:34.803+08:00","2026-08-29T13:52:34.803+08:00",1182530,"",""
235579,"51_41","liiiisssssaa",438160,7713,"active","2026-08-29T13:34:06.631+08:00","2026-08-29T13:34:06.631+08:00",438160,"",""
235573,"crossover_couple","crossover_pairing",508240,36438,"active","2026-08-29T09:45:45.351+08:00","2026-08-29T09:45:45.351+08:00",508240,"",""
235571,"rookive12","rookive",1228669,33148,"active","2026-08-29T09:19:36.144+08:00","2026-08-29T09:19:36.144+08:00",1228669,"",""
235555,"tokyo_metropolis","tokyo",508240,37091,"active","2026-08-29T05:49:56.662+08:00","2026-08-29T05:49:56.662+08:00",508240,"",""
235554,"tokyo_prefecture","tokyo",508240,37091,"active","2026-08-29T05:49:54.248+08:00","2026-08-29T05:49:54.248+08:00",508240,"",""
235553,"tokyo_(city)","tokyo",508240,37091,"active","2026-08-29T05:48:37.893+08:00","2026-08-29T05:48:37.893+08:00",508240,"",""
235549,"varenyky","pierogi",508240,37565,"active","2026-08-29T05:46:05.917+08:00","2026-08-29T05:46:05.917+08:00",508240,"",""
235545,"shoubunkun","chang_wen_jun",508240,37497,"active","2026-08-29T05:42:24.755+08:00","2026-08-29T05:42:24.755+08:00",508240,"",""
235544,"ri_hyou","piao_(kingdom)",508240,37497,"active","2026-08-29T05:42:23.300+08:00","2026-08-29T05:42:23.300+08:00",508240,"",""
235543,"shouheikun","chang_ping_jun",508240,37497,"active","2026-08-29T05:42:22.064+08:00","2026-08-29T05:42:22.064+08:00",508240,"",""
235542,"yotanwa","yang_duan_he",508240,37497,"active","2026-08-29T05:42:20.804+08:00","2026-08-29T05:42:20.804+08:00",508240,"",""
235541,"duke_hyou","biao_gong_(kingdom)",508240,37497,"active","2026-08-29T05:42:19.263+08:00","2026-08-29T05:42:19.263+08:00",508240,"",""
235540,"karyou_ten","he_liao_diao",508240,37497,"active","2026-08-29T05:42:17.416+08:00","2026-08-29T05:42:17.416+08:00",508240,"",""
235533,"amiya_(demon_king)_(arknights)","amiya_(furnace's_finale)_(arknights)",508240,19647,"active","2026-08-29T05:41:43.778+08:00","2026-08-29T05:41:43.778+08:00",508240,"",""
235531,"infantilization","adult_baby",508240,37582,"active","2026-08-29T05:40:54.742+08:00","2026-08-29T05:40:54.742+08:00",508240,"",""
235529,"404_sadoya","404_sadoyama",556219,33148,"active","2026-08-29T05:40:51.650+08:00","2026-08-29T05:40:51.650+08:00",556219,"",""
235527,"fake_paws","paw_gloves",508240,37583,"active","2026-08-29T05:40:42.370+08:00","2026-08-29T05:40:42.370+08:00",508240,"",""
235515,"xu_cun_yuhua_emerald","viod_yuhua",932445,33148,"active","2026-08-29T04:13:14.432+08:00","2026-08-29T04:13:14.432+08:00",932445,"",""
235501,"mrt0nr","mirotonuri",1352409,33148,"active","2026-08-29T02:39:04.193+08:00","2026-08-29T02:39:04.193+08:00",1352409,"",""
235479,"pappap","mtin241100",433258,33148,"active","2026-08-29T00:38:18.961+08:00","2026-08-29T00:38:18.961+08:00",433258,"",""
235471,"unti_no_azi","kaimei",861955,33148,"active","2026-08-29T00:13:25.297+08:00","2026-08-29T00:13:25.297+08:00",861955,"",""
235467,"cryani","xiaoxiaoxiao04",433258,33148,"active","2026-08-29T00:12:12.074+08:00","2026-08-29T00:12:12.074+08:00",433258,"",""
235434,"iriya_(pixiv68685836)","iriya_(zorw79)",103979,33148,"active","2026-08-29T00:05:34.749+08:00","2026-08-29T00:05:34.749+08:00",103979,"",""
235425,"lan_baijing","mushuang_goner",932445,33148,"active","2026-08-28T23:28:30.602+08:00","2026-08-28T23:28:30.602+08:00",932445,"",""
235421,"kouya_(pixiv98325651)","kouya_(kouya11300)",103979,33148,"active","2026-08-28T22:58:23.405+08:00","2026-08-28T22:58:23.405+08:00",103979,"",""
235417,"zou_(pixiv16822216)","zou_(zou31794074)",103979,33148,"active","2026-08-28T22:51:53.323+08:00","2026-08-28T22:51:53.323+08:00",103979,"",""
235409,"9d_irst","dokusai_0207",438160,33148,"active","2026-08-28T22:06:06.461+08:00","2026-08-28T22:06:06.461+08:00",438160,"",""
235405,"une_aile_t","torimuraa",1362110,33148,"active","2026-08-28T21:47:28.318+08:00","2026-08-28T21:47:28.318+08:00",1362110,"",""
235401,"oisyox72","yoisho_(yoisyoisyo)",1475179,33148,"active","2026-08-28T20:54:33.172+08:00","2026-08-28T20:54:33.172+08:00",1475179,"",""
235397,"siksick","ryb3838",1234382,7713,"active","2026-08-28T20:44:22.940+08:00","2026-08-28T20:44:22.940+08:00",1234382,"",""
235393,"jiajia_0305","jiajia_0425",1054326,7713,"active","2026-08-28T18:49:08.827+08:00","2026-08-28T18:49:08.827+08:00",1054326,"",""
235389,"xmjg","yonoka",1234382,7713,"active","2026-08-28T18:12:02.648+08:00","2026-08-28T18:12:02.648+08:00",1234382,"",""
235385,"xhs_yahaha","yahaha",1449841,33148,"active","2026-08-28T14:53:01.869+08:00","2026-08-28T14:53:01.869+08:00",1449841,"",""
235381,"tori_niwatori","tori_niwa",1449841,33148,"active","2026-08-28T14:43:40.167+08:00","2026-08-28T14:43:40.167+08:00",1449841,"",""
235364,"narutatata2","naruta_(nmaf4445)",1182530,33148,"active","2026-08-28T07:58:08.933+08:00","2026-08-28T07:58:08.933+08:00",1182530,"",""
235358,"yoshino-haru","yoshiharu",1368569,33148,"active","2026-08-28T06:33:49.601+08:00","2026-08-28T06:33:49.601+08:00",1368569,"",""
235352,"ichi_kawa_ichi","ichikawa_385",1048464,7713,"active","2026-08-28T06:22:56.616+08:00","2026-08-28T06:22:56.616+08:00",1048464,"",""
235348,"ib11843","matsutsu1105",433258,33148,"active","2026-08-28T05:04:40.044+08:00","2026-08-28T05:04:40.044+08:00",433258,"",""
235344,"maoshisan","neko_punch",1352409,33148,"active","2026-08-28T04:57:25.023+08:00","2026-08-28T04:57:25.023+08:00",1352409,"",""
235340,"dark_magician_the_ebon_sorcerer","dark_magician_the_magician_of_black_magic",52664,21746,"active","2026-08-28T04:44:43.159+08:00","2026-08-28T04:44:43.159+08:00",52664,"",""
235338,"reco_love_blue_ocean","reco_love",52664,37541,"active","2026-08-28T04:43:49.833+08:00","2026-08-28T04:43:49.833+08:00",52664,"",""
235337,"reco_love_gold_beach","reco_love",52664,37541,"active","2026-08-28T04:43:42.509+08:00","2026-08-28T04:43:42.509+08:00",52664,"",""
235334,"nagasaki","nagasaki_(city)",52664,37091,"active","2026-08-28T03:02:40.143+08:00","2026-08-28T03:02:40.143+08:00",52664,"",""
235333,"hiroshima","hiroshima_(city)",52664,37091,"active","2026-08-28T03:02:31.232+08:00","2026-08-28T03:02:31.232+08:00",52664,"",""
235332,"kyoto","kyoto_(city)",52664,37091,"active","2026-08-28T03:01:40.954+08:00","2026-08-28T03:01:40.954+08:00",52664,"",""
235328,"samira_(detcordcowboy)","samira_lina",52664,37557,"active","2026-08-28T02:38:55.132+08:00","2026-08-28T02:38:55.132+08:00",52664,"",""
235326,"akashi_senju","kawaragi_senju",52664,35219,"active","2026-08-28T02:38:19.068+08:00","2026-08-28T02:38:19.068+08:00",52664,"",""
235325,"tetta_kisaki_(tokyo_revengers)","kisaki_tetta",52664,35219,"active","2026-08-28T02:38:15.332+08:00","2026-08-28T02:38:15.332+08:00",52664,"",""
235322,"merula_(nte)","blackbird_(nte)",52664,35928,"active","2026-08-28T02:31:30.075+08:00","2026-08-28T02:31:30.075+08:00",52664,"",""
235320,"katya_(hellonearthiii)","katya_poglavnik",52664,37556,"active","2026-08-28T02:28:55.282+08:00","2026-08-28T02:28:55.282+08:00",52664,"",""
235314,"vanquish_soul_holy_sue","vanquish_soul_hollie_sue",52664,20444,"active","2026-08-28T02:27:05.076+08:00","2026-08-28T02:27:05.076+08:00",52664,"",""
235312,"masarudottoko","masaru.jp",52664,7713,"active","2026-08-28T02:26:30.848+08:00","2026-08-28T02:26:30.848+08:00",52664,"",""
235310,"awa","awa_(abc19502)",52664,7713,"active","2026-08-28T02:24:51.227+08:00","2026-08-28T02:24:51.227+08:00",52664,"",""
235307,"when_the_charisma","chu_yeon",52664,7713,"active","2026-08-28T02:23:38.704+08:00","2026-08-28T02:23:38.704+08:00",52664,"",""
235306,"shin_(pixiv44881978)","asou_shin",52664,7713,"active","2026-08-28T02:23:36.971+08:00","2026-08-28T02:23:36.971+08:00",52664,"",""
235297,"araki495","liku_(mofu_no_mi)",52664,7713,"active","2026-08-28T02:21:11.148+08:00","2026-08-28T02:21:11.148+08:00",52664,"",""
235295,"destroy_all_humans._they_can't_be_regenerated","subete_no_jinrui_wo_hakai_suru._sorera_wa_saisei_dekinai.",52664,16840,"active","2026-08-28T02:16:30.863+08:00","2026-08-28T02:16:30.863+08:00",52664,"",""
235293,"maeda_(alp)","maeda_yuuto",52664,37563,"active","2026-08-28T02:12:46.877+08:00","2026-08-28T02:12:46.877+08:00",52664,"",""
235292,"miyoshi_(alp)","miyoshi_suzu",52664,37563,"active","2026-08-28T02:12:41.918+08:00","2026-08-28T02:12:41.918+08:00",52664,"",""
235289,"jubilee","jubilee_(marvel)",52664,37301,"deleted","2026-08-28T02:10:07.186+08:00","2026-08-28T02:10:39.417+08:00",52664,"",""
235287,"shunshinkun_(kingdom)","lord_chunshen_(kingdom)",52664,37497,"active","2026-08-28T01:54:17.267+08:00","2026-08-28T01:54:17.267+08:00",52664,"",""
235286,"kanmei_(kingdom)","han_ming_(kingdom)",52664,37497,"active","2026-08-28T01:54:15.550+08:00","2026-08-28T01:54:15.550+08:00",52664,"",""
235285,"houken_(kingdom)","pang_nuan_(kingdom)",52664,37497,"active","2026-08-28T01:54:13.992+08:00","2026-08-28T01:54:13.992+08:00",52664,"",""
235284,"mangoku_(kingdom)","wan_ji_(kingdom)",52664,37497,"active","2026-08-28T01:54:12.245+08:00","2026-08-28T01:54:12.245+08:00",52664,"",""
235283,"gokei_(kingdom)","wu_qing_(kingdom)",52664,37497,"active","2026-08-28T01:54:10.325+08:00","2026-08-28T01:54:10.325+08:00",52664,"",""
235282,"hakuki_(kingdom)","bai_qi_(kingdom)",52664,37497,"active","2026-08-28T01:54:08.494+08:00","2026-08-28T01:54:08.494+08:00",52664,"",""
235281,"gakurai_(kingdom)","yue_lei_(kingdom)",52664,37497,"active","2026-08-28T01:54:06.549+08:00","2026-08-28T01:54:06.549+08:00",52664,"",""
235280,"kyoushou_(kingdom)","qiang_xiang_(kingdom)",52664,37497,"active","2026-08-28T01:54:04.562+08:00","2026-08-28T01:54:04.562+08:00",52664,"",""
235279,"rinko_(kingdom)","lun_hu_(kingdom)",52664,37497,"active","2026-08-28T01:54:02.865+08:00","2026-08-28T01:54:02.865+08:00",52664,"",""
235278,"kyouen_(kingdom)","jiang_yan_(kingdom)",52664,37497,"active","2026-08-28T01:54:00.734+08:00","2026-08-28T01:54:00.734+08:00",52664,"",""
235277,"kaishibou_(kingdom)","jie_zi_fang_(kingdom)",52664,37497,"active","2026-08-28T01:53:59.149+08:00","2026-08-28T01:53:59.149+08:00",52664,"",""
235276,"karin_(kingdom)","wa_lin_(kingdom)",52664,37497,"active","2026-08-28T01:53:57.862+08:00","2026-08-28T01:53:57.862+08:00",52664,"",""
235275,"kouyoku_(kingdom)","xiang_yi_(kingdom)",52664,37497,"active","2026-08-28T01:53:56.290+08:00","2026-08-28T01:53:56.290+08:00",52664,"",""
235274,"rou_ai_(kingdom)","liao_ai_(kingdom)",52664,37497,"active","2026-08-28T01:53:54.857+08:00","2026-08-28T01:53:54.857+08:00",52664,"",""
235273,"ren_pa_(kingdom)","lian_po_(kingdom)",52664,37497,"active","2026-08-28T01:53:53.366+08:00","2026-08-28T01:53:53.366+08:00",52664,"",""
235272,"takukei_(kingdom)","ze_gui_(kingdom)",52664,37497,"active","2026-08-28T01:53:51.569+08:00","2026-08-28T01:53:51.569+08:00",52664,"",""
235271,"hairou_(kingdom)","pei_lang_(kingdom)",52664,37497,"active","2026-08-28T01:53:49.841+08:00","2026-08-28T01:53:49.841+08:00",52664,"",""
235270,"seikai_(kingdom)","cheng_hui_(kingdom)",52664,37497,"active","2026-08-28T01:53:48.034+08:00","2026-08-28T01:53:48.034+08:00",52664,"",""
235269,"hakurei_(kingdom)","bai_li_(kingdom)",52664,37497,"active","2026-08-28T01:53:46.249+08:00","2026-08-28T01:53:46.249+08:00",52664,"",""
235268,"bihei_(kingdom)","wei_ping_(kingdom)",52664,37497,"active","2026-08-28T01:53:44.677+08:00","2026-08-28T01:53:44.677+08:00",52664,"",""
235267,"sosui_(kingdom)","chu_sui_(kingdom)",52664,37497,"active","2026-08-28T01:53:42.806+08:00","2026-08-28T01:53:42.806+08:00",52664,"",""
235266,"en_(kingdom)","yuan_(kingdom)",52664,37497,"active","2026-08-28T01:53:41.181+08:00","2026-08-28T01:53:41.181+08:00",52664,"",""
235265,"choutou_(kingdom)","zhang_tang_(kingdom)",52664,37497,"active","2026-08-28T01:53:39.640+08:00","2026-08-28T01:53:39.640+08:00",52664,"",""
235264,"mouki_(kingdom)","meng_yi_(kingdom)",52664,37497,"active","2026-08-28T01:53:38.094+08:00","2026-08-28T01:53:38.094+08:00",52664,"",""
235263,"raido_(kingdom)","lei_tu_(kingdom)",52664,37497,"active","2026-08-28T01:53:36.368+08:00","2026-08-28T01:53:36.368+08:00",52664,"",""
235262,"kokuou_(kingdom)","hei_ying_(kingdom)",52664,37497,"active","2026-08-28T01:53:34.518+08:00","2026-08-28T01:53:34.518+08:00",52664,"",""
235261,"mougou_(kingdom)","meng_ao_(kingdom)",52664,37497,"active","2026-08-28T01:53:32.342+08:00","2026-08-28T01:53:32.342+08:00",52664,"",""
235260,"tou_(kingdom)","teng_(kingdom)",52664,37497,"active","2026-08-28T01:53:30.388+08:00","2026-08-28T01:53:30.388+08:00",52664,"",""
235259,"riboku_(kingdom)","li_mu_(kingdom)",52664,37497,"active","2026-08-28T01:53:28.801+08:00","2026-08-28T01:53:28.801+08:00",52664,"",""
235258,"moubu_(kingdom)","meng_wu_(kingdom)",52664,37497,"active","2026-08-28T01:53:27.055+08:00","2026-08-28T01:53:27.055+08:00",52664,"",""
235257,"bi_ki_(kingdom)","zhao_ji_(kingdom)",52664,37497,"active","2026-08-28T01:53:25.063+08:00","2026-08-28T01:53:25.063+08:00",52664,"",""
235256,"seikyou_(kingdom)","cheng_jiao_(kingdom)",52664,37497,"active","2026-08-28T01:53:23.227+08:00","2026-08-28T01:53:23.227+08:00",52664,"",""
235255,"keisha_(kingdom)","qing_she_(kingdom)",52664,37497,"active","2026-08-28T01:53:21.340+08:00","2026-08-28T01:53:21.340+08:00",52664,"",""
235254,"you_(kingdom)","yang_(kingdom)",52664,37497,"active","2026-08-28T01:53:19.293+08:00","2026-08-28T01:53:19.293+08:00",52664,"",""
235253,"ouhon_(kingdom)","wang_ben_(kingdom)",52664,37497,"active","2026-08-28T01:53:17.578+08:00","2026-08-28T01:53:17.578+08:00",52664,"",""
235252,"ouki_(kingdom)","wang_yi_(kingdom)",52664,37497,"active","2026-08-28T01:53:13.539+08:00","2026-08-28T01:53:13.539+08:00",52664,"",""
235251,"mouten_(kingdom)","meng_tian_(kingdom)",52664,37497,"active","2026-08-28T01:53:11.327+08:00","2026-08-28T01:53:11.327+08:00",52664,"",""
235250,"ousen_(kingdom)","wang_jian_(kingdom)",52664,37497,"active","2026-08-28T01:53:08.739+08:00","2026-08-28T01:53:08.739+08:00",52664,"",""
235249,"gohoumei_(kingdom)","wu_feng_ming_(kingdom)",52664,37497,"active","2026-08-28T01:53:05.220+08:00","2026-08-28T01:53:05.220+08:00",52664,"",""
235248,"kanki_(kingdom)","huan_yi_(kingdom)",52664,37497,"active","2026-08-28T01:53:02.334+08:00","2026-08-28T01:53:02.334+08:00",52664,"",""
235247,"ei_sei_(kingdom)","ying_zheng_(kingdom)",52664,37497,"active","2026-08-28T01:52:58.882+08:00","2026-08-28T01:52:58.882+08:00",52664,"",""
235246,"kou_(kingdom)","xiang_(kingdom)",52664,37497,"active","2026-08-28T01:52:55.729+08:00","2026-08-28T01:52:55.729+08:00",52664,"",""
235245,"shin_(kingdom)","xin_(kingdom)",52664,37497,"active","2026-08-28T01:52:52.067+08:00","2026-08-28T01:52:52.067+08:00",52664,"",""
235244,"kyoukai_(kingdom)","qiang_lei_(kingdom)",52664,37497,"active","2026-08-28T01:52:47.299+08:00","2026-08-28T01:52:47.299+08:00",52664,"",""
235193,"mwron753","mwron",68250,33148,"active","2026-08-28T00:46:58.945+08:00","2026-08-28T00:46:58.945+08:00",68250,"",""
235192,"ashihara_leek","onegi_(ashihara_negi)",68250,33148,"active","2026-08-28T00:46:56.691+08:00","2026-08-28T00:46:56.691+08:00",68250,"",""
235191,"moriy0722","morico_(moriy0722)",68250,33148,"active","2026-08-28T00:46:53.947+08:00","2026-08-28T00:46:53.947+08:00",68250,"",""
235190,"isa_(31q_13)","amiya_(31q_13)",68250,33148,"active","2026-08-28T00:46:51.255+08:00","2026-08-28T00:46:51.255+08:00",68250,"",""
235189,"k-yosinori","ikashio_(ikayaki)",68250,33148,"active","2026-08-28T00:46:37.804+08:00","2026-08-28T00:46:37.804+08:00",68250,"",""
235188,"sudakoyarou","sudakonbu",68250,33148,"active","2026-08-28T00:46:33.249+08:00","2026-08-28T00:46:33.249+08:00",68250,"",""
235187,"toushouku","toushoku",68250,33148,"active","2026-08-28T00:46:30.014+08:00","2026-08-28T00:46:30.014+08:00",68250,"",""
235186,"sarara_(yoasobi)","yokaze_sarara",68250,33148,"active","2026-08-28T00:46:23.523+08:00","2026-08-28T00:46:23.523+08:00",68250,"",""
235185,"mof_0705","mofu_(keitodama)",68250,33148,"active","2026-08-28T00:46:22.171+08:00","2026-08-28T00:46:22.171+08:00",68250,"",""
235184,"ayas7538","mofu_(keitodama)",68250,33148,"active","2026-08-28T00:46:20.517+08:00","2026-08-28T00:46:20.517+08:00",68250,"",""
235183,"assari_gyoniso","asg_(karashi_mastard)",68250,33148,"active","2026-08-28T00:46:18.333+08:00","2026-08-28T00:46:18.333+08:00",68250,"",""
235182,"kakikaki_hakobu","hanihajime_hako",68250,33148,"retired","2026-08-28T00:46:16.776+08:00","2026-08-30T08:01:10.464+08:00",68250,"",""
235181,"tea_bl","mike_(tea_bl)",68250,33148,"active","2026-08-28T00:46:14.501+08:00","2026-08-28T00:46:14.501+08:00",68250,"",""
235180,"sosienatori","natori_soji",68250,33148,"active","2026-08-28T00:46:12.427+08:00","2026-08-28T00:46:12.427+08:00",68250,"",""
235179,"otona_kasuke","otonari_k-suke",68250,33148,"active","2026-08-28T00:46:08.510+08:00","2026-08-28T00:46:08.510+08:00",68250,"",""
235178,"noma_fruit","asahanada_noma",68250,33148,"active","2026-08-28T00:46:05.799+08:00","2026-08-28T00:46:05.799+08:00",68250,"",""
235111,"knightfury","bemrems",1123578,33148,"active","2026-08-27T23:25:02.501+08:00","2026-08-27T23:25:02.501+08:00",1123578,"",""
235099,"moyu_kuangren_ling_mao","cturasl",932445,33148,"active","2026-08-27T18:30:32.231+08:00","2026-08-27T18:30:32.231+08:00",932445,"",""
235076,"jmgelmybkxbgivg","kafuu_(user_nxhg3438)",932445,33148,"active","2026-08-27T16:01:56.531+08:00","2026-08-27T16:01:56.531+08:00",932445,"",""
235072,"bluprott","blueford",815449,33148,"active","2026-08-27T15:46:36.493+08:00","2026-08-27T15:46:36.493+08:00",815449,"",""
235068,"mushi_hara","musihara",1343385,33148,"active","2026-08-27T14:50:17.716+08:00","2026-08-27T14:50:17.716+08:00",1343385,"",""
235064,"drenbofv","drenbof",499293,7713,"active","2026-08-27T13:46:07.441+08:00","2026-08-27T13:46:07.441+08:00",499293,"",""
235062,"yin_xiehe_bu","serien",499293,7713,"active","2026-08-27T13:46:03.907+08:00","2026-08-27T13:46:03.907+08:00",499293,"",""
235056,"r3p9xvzrq9wdv1l","naasan_(r3p9xvzrq9wdv1l)",347755,33148,"active","2026-08-27T11:03:08.496+08:00","2026-08-27T11:03:08.496+08:00",347755,"",""
235052,"mitko","machin4719",802290,33148,"active","2026-08-27T09:52:03.512+08:00","2026-08-27T09:52:03.512+08:00",802290,"",""
234956,"oukkmn_h","harikomi",115784,33148,"active","2026-08-27T07:51:38.301+08:00","2026-08-27T07:51:38.301+08:00",115784,"",""
234952,"baichu36024","baichu14",1228669,33148,"active","2026-08-27T06:35:11.210+08:00","2026-08-27T06:35:11.210+08:00",1228669,"",""
234948,"suuuuica","yagi_(kyuhyun)",499293,7713,"active","2026-08-27T06:03:25.501+08:00","2026-08-27T06:03:25.501+08:00",499293,"",""
234944,"ushidori_(cowbirdfrog)","gyu_hydrogen",499293,7713,"active","2026-08-27T05:50:32.236+08:00","2026-08-27T05:50:32.236+08:00",499293,"",""
234929,"someao97036","oganessonishere",1329542,33148,"active","2026-08-27T02:04:05.565+08:00","2026-08-27T02:04:05.565+08:00",1329542,"",""
234925,"he_niunai","gyunyuoino_me",974737,33148,"active","2026-08-27T01:19:12.453+08:00","2026-08-27T01:19:12.453+08:00",974737,"",""
234921,"daransha","dalanxia",1053497,33148,"active","2026-08-27T00:37:07.931+08:00","2026-08-27T00:37:07.931+08:00",1053497,"",""
234917,"komugiinu","komugi-chan_(soltydogame)",1561614,33148,"active","2026-08-26T21:54:55.975+08:00","2026-08-26T21:54:55.975+08:00",1561614,"",""
234913,"glasses-wearing_odyssey_student_(blue_archive)","ami_(blue_archive)",508240,21341,"active","2026-08-26T21:39:26.106+08:00","2026-08-26T21:39:26.106+08:00",508240,"",""
234912,"blonde_odyssey_student_(blue_archive)","minato_(blue_archive)",508240,21341,"active","2026-08-26T21:39:22.831+08:00","2026-08-26T21:39:22.831+08:00",508240,"",""
234901,"pixiv12725231","shebao",1288648,33148,"active","2026-08-26T20:54:50.038+08:00","2026-08-26T20:54:50.038+08:00",1288648,"",""
234891,"zane51270","zane_(759072704)",1234382,7713,"active","2026-08-26T18:42:58.327+08:00","2026-08-26T18:42:58.327+08:00",1234382,"",""
234887,"yuki7zz","erunaria7",433258,33148,"active","2026-08-26T17:57:35.505+08:00","2026-08-26T17:57:35.505+08:00",433258,"",""
234883,"2_3up","tar_tntn",433258,33148,"active","2026-08-26T17:50:52.181+08:00","2026-08-26T17:50:52.181+08:00",433258,"",""
234882,"ssssmgk","tar_tntn",433258,33148,"active","2026-08-26T17:50:50.422+08:00","2026-08-26T17:50:50.422+08:00",433258,"",""
234875,"trsko_o","6x6_oxo_o",1446875,33148,"active","2026-08-26T14:16:51.448+08:00","2026-08-26T14:16:51.448+08:00",1446875,"",""
234871,"rutailxx","yoh4038",1368569,7713,"active","2026-08-26T13:39:54.167+08:00","2026-08-26T13:39:54.167+08:00",1368569,"",""
234869,"tempizza","tatsuki_(pizza_no_tempra)",1368569,7713,"active","2026-08-26T13:38:26.058+08:00","2026-08-26T13:38:26.058+08:00",1368569,"",""
234865,"skelly-chan","skellychan",1368569,7713,"active","2026-08-26T12:58:39.043+08:00","2026-08-26T12:58:39.043+08:00",1368569,"",""
234863,"hong_xigua_jisu_paxing","puyue",932445,33148,"active","2026-08-26T11:56:36.291+08:00","2026-08-26T11:56:36.291+08:00",932445,"",""
234857,"artist-squared","artistsquared",346837,7713,"active","2026-08-26T11:50:05.077+08:00","2026-08-26T11:50:05.077+08:00",346837,"",""
234845,"krmyiroiro","kurumiya_(krmy_p)",1307628,33148,"active","2026-08-26T10:47:04.024+08:00","2026-08-26T10:47:04.024+08:00",1307628,"",""
234834,"4cdji","a_(mitei7926)",861955,33148,"active","2026-08-26T05:37:23.424+08:00","2026-08-26T05:37:23.424+08:00",861955,"",""
234814,"kasou_mikan","natsukusa_mikan",764362,33148,"active","2026-08-26T04:55:17.025+08:00","2026-08-26T04:55:17.025+08:00",764362,"",""
234808,"shine_nabyss","shain_nabisu",1467895,33148,"active","2026-08-26T02:05:18.847+08:00","2026-08-26T02:05:18.847+08:00",1467895,"",""
234804,"wuxiandian6haoji","chirp_co2",1343385,33148,"active","2026-08-26T02:04:28.362+08:00","2026-08-26T02:04:28.362+08:00",1343385,"",""
234800,"debwi_mos_hamyeon_jugneun_byeong_geollim","debut_or_die!",52664,36491,"active","2026-08-26T01:39:23.379+08:00","2026-08-26T01:39:23.379+08:00",52664,"",""
234796,"holodori","hololive_dreams",52664,36157,"active","2026-08-26T00:53:07.301+08:00","2026-08-26T00:53:07.301+08:00",52664,"",""
234794,"destiny_hero_double_dude","destiny_hero_-_double_dude",52664,20444,"active","2026-08-26T00:47:45.834+08:00","2026-08-26T00:47:45.834+08:00",52664,"",""
234793,"destiny_hero_dogma","destiny_hero_-_dogma",52664,20444,"active","2026-08-26T00:47:43.411+08:00","2026-08-26T00:47:43.411+08:00",52664,"",""
234792,"destiny_hero_disk_commander","destiny_hero_-_disk_commander",52664,20444,"active","2026-08-26T00:47:41.212+08:00","2026-08-26T00:47:41.212+08:00",52664,"",""
234791,"destiny_hero_diamond_dude","destiny_hero_-_diamond_dude",52664,20444,"active","2026-08-26T00:47:38.935+08:00","2026-08-26T00:47:38.935+08:00",52664,"",""
234790,"destiny_hero_denier","destiny_hero_-_denier",52664,20444,"active","2026-08-26T00:47:37.190+08:00","2026-08-26T00:47:37.190+08:00",52664,"",""
234789,"destiny_hero_captain_tenacioua","destiny_hero_-_captain_tenacioua",52664,20444,"active","2026-08-26T00:47:35.280+08:00","2026-08-26T00:47:35.280+08:00",52664,"",""
234788,"destiny_hero_blade_master","destiny_hero_-_blade_master",52664,20444,"active","2026-08-26T00:47:31.135+08:00","2026-08-26T00:47:31.135+08:00",52664,"",""
234780,"flowering_etoile_the_melodious_grand_choir","flowering_etoile_the_melodious_magnificat",52664,20444,"active","2026-08-26T00:47:12.921+08:00","2026-08-26T00:47:12.921+08:00",52664,"",""
234778,"kine-san_no_1-ri_de_cinema","kine-san_no_hitori_de_cinema",52664,31740,"active","2026-08-26T00:46:42.500+08:00","2026-08-26T00:46:42.500+08:00",52664,"",""
234776,"y41y0","yuhata_(yuh4t4)",1054326,33148,"active","2026-08-26T00:37:24.949+08:00","2026-08-26T00:37:24.949+08:00",1054326,"",""
234766,"denciu","tanbo_no_naka",438160,33148,"active","2026-08-26T00:17:21.706+08:00","2026-08-26T00:17:21.706+08:00",438160,"",""
234762,"f9387dora","mochi_(f_do93)",718515,33148,"active","2026-08-25T22:41:39.700+08:00","2026-08-25T22:41:39.700+08:00",718515,"",""
234758,"koto6a_prsk","koto6a",983878,33148,"active","2026-08-25T22:12:29.870+08:00","2026-08-25T22:12:29.870+08:00",983878,"",""
234754,"maya_(gpmp3825)","koto6a",983878,33148,"active","2026-08-25T22:10:09.039+08:00","2026-08-25T22:10:09.039+08:00",983878,"",""
234750,"tezhiyunpian_yuanmianbao","nangu0417",1234382,7713,"active","2026-08-25T21:32:45.505+08:00","2026-08-25T21:32:45.505+08:00",1234382,"",""
234746,"rqxmqau0lh2259","janporu",1288648,33148,"active","2026-08-25T20:13:03.924+08:00","2026-08-25T20:13:03.924+08:00",1288648,"",""
234742,"hasami098","bloodmery2875",926897,33148,"active","2026-08-25T19:58:49.379+08:00","2026-08-25T19:58:49.379+08:00",926897,"",""
234738,"user_xfmp4355","yu_huan_huan",1288648,33148,"active","2026-08-25T19:47:53.826+08:00","2026-08-25T19:47:53.826+08:00",1288648,"",""
234734,"desper4te","hisui_(ashiurakyou)",1054326,7713,"active","2026-08-25T18:22:04.181+08:00","2026-08-25T18:22:04.181+08:00",1054326,"",""
234728,"mehlyru","meph1us",433258,33148,"active","2026-08-25T17:06:03.103+08:00","2026-08-25T17:06:03.103+08:00",433258,"",""
234708,"burrrntlemon","meimone",1343385,33148,"active","2026-08-25T14:57:58.942+08:00","2026-08-25T14:57:58.942+08:00",1343385,"",""
234704,"woowieowo","owoowie",1237642,7713,"active","2026-08-25T14:27:50.723+08:00","2026-08-25T14:27:50.723+08:00",1237642,"",""
234700,"inori_(inory)","inoryyy000",1343385,33148,"active","2026-08-25T14:23:59.895+08:00","2026-08-25T14:23:59.895+08:00",1343385,"",""
234694,"kugawachie","guishenshi",1362110,33148,"active","2026-08-25T11:32:13.039+08:00","2026-08-25T11:32:13.039+08:00",1362110,"",""
234690,"chal_nnn","chachalnene",567822,33148,"active","2026-08-25T10:09:38.011+08:00","2026-08-25T10:09:38.011+08:00",567822,"",""
234683,"artofbrunson","raymar_brunson",908237,33148,"active","2026-08-25T05:03:53.863+08:00","2026-08-25T05:03:53.863+08:00",908237,"",""
234659,"rin_(pgdz)","rin_(pokemon:_yeah!_i_got_pokemon!)",52664,37514,"active","2026-08-25T04:08:19.061+08:00","2026-08-25T04:08:19.061+08:00",52664,"",""
234658,"ran_(pgdz)","ran_(pokemon:_yeah!_i_got_pokemon!)",52664,37514,"active","2026-08-25T04:08:14.906+08:00","2026-08-25T04:08:14.906+08:00",52664,"",""
234657,"shuu_(pgdz)","shu_(pokemon:_yeah!_i_got_pokemon!)",52664,37514,"active","2026-08-25T04:08:10.572+08:00","2026-08-25T04:08:10.572+08:00",52664,"",""
234653,"ariel_dayan","alove_555",764362,33148,"active","2026-08-25T04:08:00.051+08:00","2026-08-25T04:08:00.051+08:00",764362,"",""
234649,"pokemon_gotta_catch_'em_all","pokemon:_yeah!_i_got_pokemon!",52664,37514,"active","2026-08-25T04:00:01.176+08:00","2026-08-25T04:00:01.176+08:00",52664,"",""
234648,"pokemon_golden_boys","pokemon_gold_&_silver:_the_golden_boys",52664,37514,"active","2026-08-25T03:59:56.872+08:00","2026-08-25T03:59:56.872+08:00",52664,"",""
234647,"pokemon_dp_(manga)","pokemon_diamond_and_pearl_adventure!",52664,37514,"active","2026-08-25T03:59:50.588+08:00","2026-08-25T03:59:50.588+08:00",52664,"",""
234643,"mysterious_girl_(gunvolt)","zonda_(gunvolt)",52664,37510,"active","2026-08-25T03:51:31.057+08:00","2026-08-25T03:51:31.057+08:00",52664,"",""
234641,"pantera_(gunvolt)","zonda_(gunvolt)",52664,37510,"active","2026-08-25T03:51:27.968+08:00","2026-08-25T03:51:27.968+08:00",52664,"",""
234639,"giant_fork","oversized_fork",52664,37518,"active","2026-08-25T03:44:53.498+08:00","2026-08-25T03:44:53.498+08:00",52664,"",""
234637,"mansahyeong","mansahyung",932445,33148,"active","2026-08-25T03:18:59.735+08:00","2026-08-25T03:18:59.735+08:00",932445,"",""
234633,"akrsta21","o3ohi",1130582,33148,"active","2026-08-25T02:37:11.204+08:00","2026-08-25T02:37:11.204+08:00",1130582,"",""
234629,"nice_knee_socks_day","good_thighhighs_day",52664,37505,"active","2026-08-25T02:07:17.105+08:00","2026-08-25T02:07:17.105+08:00",52664,"",""
234627,"ii_fuufu_no_hi","good_couple_day",52664,37505,"active","2026-08-25T01:56:17.605+08:00","2026-08-25T01:56:17.605+08:00",52664,"",""
234625,"user_fzyp5444","fuupapa_7",1368569,33148,"active","2026-08-25T00:46:41.704+08:00","2026-08-25T00:46:41.704+08:00",1368569,"",""
234621,"merling_(project_rx)","merling_(fareidolia)",52664,37534,"active","2026-08-25T00:44:51.566+08:00","2026-08-25T00:44:51.566+08:00",52664,"",""
234620,"shami_(project_rx)","shami_(fareidolia)",52664,37534,"active","2026-08-25T00:44:45.116+08:00","2026-08-25T00:44:45.116+08:00",52664,"",""
234619,"ohana_(project_rx)","ohana_(fareidolia)",52664,37534,"active","2026-08-25T00:44:41.023+08:00","2026-08-25T00:44:41.023+08:00",52664,"",""
234618,"minieh_(project_rx)","minieh_(fareidolia)",52664,37534,"active","2026-08-25T00:44:32.580+08:00","2026-08-25T00:44:32.580+08:00",52664,"",""
234613,"uemura_(bocchi_the_rock!)","kamimura_(bocchi_the_rock!)",52664,36920,"active","2026-08-25T00:32:58.026+08:00","2026-08-25T00:32:58.026+08:00",52664,"",""
234611,"transparent_hat","see-through_hat",52664,37536,"active","2026-08-25T00:30:23.295+08:00","2026-08-25T00:30:23.295+08:00",52664,"",""
234609,"the_legend_of_hei","the_legend_of_luo_xiaohei",52664,36491,"active","2026-08-25T00:25:27.159+08:00","2026-08-25T00:25:27.159+08:00",52664,"",""
234607,"lunar","lunar_(series)",52664,9465,"active","2026-08-25T00:22:20.877+08:00","2026-08-25T00:22:20.877+08:00",52664,"",""
234605,"8_(mmm_st_bbb)","ry_(mmm_st_bbb2)",52664,7713,"active","2026-08-25T00:19:48.243+08:00","2026-08-25T00:19:48.243+08:00",52664,"",""
234603,"buri04660072364","buri_(retty9349)",52664,7713,"active","2026-08-25T00:18:41.774+08:00","2026-08-25T00:18:41.774+08:00",52664,"",""
234601,"meat7955","stars_4993",52664,7713,"active","2026-08-25T00:17:08.210+08:00","2026-08-25T00:17:08.210+08:00",52664,"",""
234599,"vults_(spindle_(aidenr0))","vults_(spindlesong)",52664,7713,"active","2026-08-25T00:16:54.441+08:00","2026-08-25T00:16:54.441+08:00",52664,"",""
234598,"spindle_(aidenr0)","spindlesong",52664,7713,"active","2026-08-25T00:16:40.103+08:00","2026-08-25T00:16:40.103+08:00",52664,"",""
234596,"ottilie_(spindle_(aidenr0))","ottilie_(spindlesong)",52664,7713,"active","2026-08-25T00:16:34.101+08:00","2026-08-25T00:16:34.101+08:00",52664,"",""
234595,"morishima_hitoshi","nimori_shimatsukasa",52664,7713,"active","2026-08-25T00:16:23.585+08:00","2026-08-25T00:16:23.585+08:00",52664,"",""
234593,"asimov_(spindle_(aidenr0))","asimov_(spindlesong)",52664,7713,"active","2026-08-25T00:16:10.299+08:00","2026-08-25T00:16:10.299+08:00",52664,"",""
234592,"felt_(spindle_(aidenr0))","felt_(spindlesong)",52664,7713,"active","2026-08-25T00:16:04.116+08:00","2026-08-25T00:16:04.116+08:00",52664,"",""
234591,"therese_(spindle_(aidenr0))","therese_(spindlesong)",52664,7713,"active","2026-08-25T00:16:00.532+08:00","2026-08-25T00:16:00.532+08:00",52664,"",""
234590,"tether_(spindle_(aidenr0))","tether_(spindlesong)",52664,7713,"active","2026-08-25T00:15:56.070+08:00","2026-08-25T00:15:56.070+08:00",52664,"",""
234589,"izaria_(spindle_(aidenr0))","izaria_(spindlesong)",52664,7713,"active","2026-08-25T00:15:52.770+08:00","2026-08-25T00:15:52.770+08:00",52664,"",""
234588,"lyn_(spindle_(aidenr0))","lyn_(spindlesong)",52664,7713,"active","2026-08-25T00:15:50.168+08:00","2026-08-25T00:15:50.168+08:00",52664,"",""
234587,"nanami_(spindle_(aidenr0))","nanami_(spindlesong)",52664,7713,"active","2026-08-25T00:15:47.847+08:00","2026-08-25T00:15:47.847+08:00",52664,"",""
234586,"kitt_(spindle_(aidenr0))","kitt_(spindlesong)",52664,7713,"active","2026-08-25T00:15:43.946+08:00","2026-08-25T00:15:43.946+08:00",52664,"",""
234585,"peltha_(spindle_(aidenr0))","peltha_(spindlesong)",52664,7713,"active","2026-08-25T00:15:40.160+08:00","2026-08-25T00:15:40.160+08:00",52664,"",""
234584,"ev_(spindle_(aidenr0))","ev_(spindlesong)",52664,7713,"active","2026-08-25T00:15:37.479+08:00","2026-08-25T00:15:37.479+08:00",52664,"",""
234583,"patt_(spindle_(aidenr0))","patt_(spindlesong)",52664,7713,"active","2026-08-25T00:15:35.587+08:00","2026-08-25T00:15:35.587+08:00",52664,"",""
234582,"apollo_(spindle_(aidenr0))","apollo_(spindlesong)",52664,7713,"active","2026-08-25T00:15:30.893+08:00","2026-08-25T00:15:30.893+08:00",52664,"",""
234581,"enoch_(spindle_(aidenr0))","enoch_(spindlesong)",52664,7713,"active","2026-08-25T00:15:28.526+08:00","2026-08-25T00:15:28.526+08:00",52664,"",""
234580,"matteo_(spindle_(aidenr0))","matteo_(spindlesong)",52664,7713,"active","2026-08-25T00:15:26.367+08:00","2026-08-25T00:15:26.367+08:00",52664,"",""
234579,"v_(spindle_(aidenr0))","v_(spindlesong)",52664,7713,"active","2026-08-25T00:15:24.372+08:00","2026-08-25T00:15:24.372+08:00",52664,"",""
234578,"cotton_(aidenr0)","cotton_(spindlesong)",52664,7713,"active","2026-08-25T00:15:22.507+08:00","2026-08-25T00:15:22.507+08:00",52664,"",""
234577,"eboneen_(aidenr0)","eboneen_(spindlesong)",52664,7713,"active","2026-08-25T00:15:20.705+08:00","2026-08-25T00:15:20.705+08:00",52664,"",""
234576,"nettle_(aidenr0)","nettle_(spindlesong)",52664,7713,"active","2026-08-25T00:15:18.492+08:00","2026-08-25T00:15:18.492+08:00",52664,"",""
234575,"pomeline_(aidenr0)","pomeline_(spindlesong)",52664,7713,"active","2026-08-25T00:15:16.310+08:00","2026-08-25T00:15:16.310+08:00",52664,"",""
234574,"petra_(aidenr0)","petra_(spindlesong)",52664,7713,"active","2026-08-25T00:15:14.303+08:00","2026-08-25T00:15:14.303+08:00",52664,"",""
234573,"pyxis_(aidenr0)","pyxis_(spindlesong)",52664,7713,"active","2026-08-25T00:15:11.838+08:00","2026-08-25T00:15:11.838+08:00",52664,"",""
234572,"lolo_(kemonono)","ro_(nyankone)",52664,7713,"active","2026-08-25T00:15:11.781+08:00","2026-08-25T00:15:11.781+08:00",52664,"",""
234570,"noemie_(aidenr0)","noemie_(spindlesong)",52664,7713,"active","2026-08-25T00:15:09.362+08:00","2026-08-25T00:15:09.362+08:00",52664,"",""
234569,"medea_(spindle_(aidenr0))","medea_(spindlesong)",52664,7713,"active","2026-08-25T00:15:07.320+08:00","2026-08-25T00:15:07.320+08:00",52664,"",""
234568,"meiya_(spindle_(aidenr0))","meiya_(spindlesong)",52664,7713,"active","2026-08-25T00:15:05.162+08:00","2026-08-25T00:15:05.162+08:00",52664,"",""
234567,"tess_(spindle_(aidenr0))","tess_(spindlesong)",52664,7713,"active","2026-08-25T00:15:02.986+08:00","2026-08-25T00:15:02.986+08:00",52664,"",""
234566,"halden_(spindle_(aidenr0))","halden_(spindlesong)",52664,7713,"active","2026-08-25T00:15:00.617+08:00","2026-08-25T00:15:00.617+08:00",52664,"",""
234565,"anni_marcielle_(spindle_(aidenr0))","anni_marcielle_(spindlesong)",52664,7713,"active","2026-08-25T00:14:55.654+08:00","2026-08-25T00:14:55.654+08:00",52664,"",""
234564,"spindle_(spindle_(aidenr0))","spindle_(spindlesong)",52664,7713,"active","2026-08-25T00:14:50.928+08:00","2026-08-25T00:14:50.928+08:00",52664,"",""
234563,"charlotte_(spindle_(aidenr0))","charlotte_(spindlesong)",52664,7713,"active","2026-08-25T00:14:44.557+08:00","2026-08-25T00:14:44.557+08:00",52664,"",""
234562,"heidi_(spindle_(aidenr0))","heidi_(spindlesong)",52664,7713,"active","2026-08-25T00:14:41.473+08:00","2026-08-25T00:14:41.473+08:00",52664,"",""
234561,"marta_(spindle_(aidenr0))","marta_(spindlesong)",52664,7713,"active","2026-08-25T00:14:37.542+08:00","2026-08-25T00:14:37.542+08:00",52664,"",""
234560,"nyx_(spindle_(aidenr0))","nyx_(spindlesong)",52664,7713,"active","2026-08-25T00:14:33.948+08:00","2026-08-25T00:14:33.948+08:00",52664,"",""
234559,"petra_(spindle_(aidenr0))","petra_(spindlesong)",52664,7713,"active","2026-08-25T00:14:31.728+08:00","2026-08-25T00:14:31.728+08:00",52664,"",""
234523,"chiyotsu1616","yotsubaringo",433258,33148,"active","2026-08-25T00:06:27.827+08:00","2026-08-25T00:06:27.827+08:00",433258,"",""
234517,"lordoftheguns","bigmsaxon",433258,33148,"active","2026-08-24T23:20:01.548+08:00","2026-08-24T23:20:01.548+08:00",433258,"",""
234513,"samayouyoro14","samayou",861955,33148,"active","2026-08-24T23:18:59.720+08:00","2026-08-24T23:18:59.720+08:00",861955,"",""
234509,"tamako_mos969","mosu-rin",516394,33148,"active","2026-08-24T22:39:51.049+08:00","2026-08-24T22:39:51.049+08:00",516394,"",""
234505,"hootari2","hootari",983878,33148,"active","2026-08-24T22:37:57.268+08:00","2026-08-24T22:37:57.268+08:00",983878,"",""
234501,"osegawa_null","padako",983878,33148,"active","2026-08-24T22:34:49.106+08:00","2026-08-24T22:34:49.106+08:00",983878,"",""
234496,"xiaxia_(shidu233)","xiaxiayizhihua",1449841,33148,"active","2026-08-24T22:26:20.901+08:00","2026-08-24T22:26:20.901+08:00",1449841,"",""
234492,"user_djwx7332","alfuu_121",1228669,33148,"active","2026-08-24T22:18:29.798+08:00","2026-08-24T22:18:29.798+08:00",1228669,"",""
234488,"elise_(wdsm2344)","elise_(cho_colat)",103979,33148,"active","2026-08-24T22:00:11.689+08:00","2026-08-24T22:00:11.689+08:00",103979,"",""
234484,"f19ed814","takenoko_(f19ed814)",1144072,33148,"active","2026-08-24T21:05:13.853+08:00","2026-08-24T21:05:13.853+08:00",1144072,"",""
234472,"ningqi666","dong_ningqi",1449841,33148,"active","2026-08-24T19:59:11.938+08:00","2026-08-24T19:59:11.938+08:00",1449841,"",""
234468,"liuwanpai","wanpai_liu",1054326,7713,"active","2026-08-24T19:40:16.795+08:00","2026-08-24T19:40:16.795+08:00",1054326,"",""
234464,"fanqie_zhi_quan_kending","koroy",474329,7713,"active","2026-08-24T19:28:47.695+08:00","2026-08-24T19:28:47.695+08:00",474329,"",""
234460,"nya_nyaf","midva_(midva_art)",1237642,7713,"active","2026-08-24T19:12:56.705+08:00","2026-08-24T19:12:56.705+08:00",1237642,"",""
234454,"shou_xian_wu","chun_plus",718515,33148,"active","2026-08-24T15:47:12.523+08:00","2026-08-24T15:47:12.523+08:00",718515,"",""
234450,"sglike365","bangsio",718515,33148,"active","2026-08-24T15:24:18.156+08:00","2026-08-24T15:24:18.156+08:00",718515,"",""
234446,"duck021530_(origogi1234)","origogi_(duck021530)",718515,33148,"active","2026-08-24T14:42:20.414+08:00","2026-08-24T14:42:20.414+08:00",718515,"",""
234439,"drakeraynier_(artist)","drakeraynier",718515,7713,"active","2026-08-24T14:13:38.316+08:00","2026-08-24T14:13:38.316+08:00",718515,"",""
234435,"troble7410","simaoo_3rd",974737,33148,"active","2026-08-24T13:41:35.712+08:00","2026-08-24T13:41:35.712+08:00",974737,"",""
234431,"project_rx","fareidolia",85307,37534,"active","2026-08-24T13:25:01.722+08:00","2026-08-24T13:25:01.722+08:00",85307,"",""
234427,"moer1551","yuxiangmuer",1228669,33148,"active","2026-08-24T13:10:59.722+08:00","2026-08-24T13:10:59.722+08:00",1228669,"",""
234423,"karehurin","kare_hurin",1350155,33148,"active","2026-08-24T13:02:29.415+08:00","2026-08-24T13:02:29.415+08:00",1350155,"",""
234419,"gujigugu","xianyu_guguzi",932445,33148,"active","2026-08-24T12:38:16.033+08:00","2026-08-24T12:38:16.033+08:00",932445,"",""
234415,"darlingdct3","mikmikdarling",433258,33148,"active","2026-08-24T12:01:59.427+08:00","2026-08-24T12:01:59.427+08:00",433258,"",""
234411,"mooneeart","moonee",1368569,33148,"active","2026-08-24T11:46:08.830+08:00","2026-08-24T11:46:08.830+08:00",1368569,"",""
234407,"visualizadorneo","vizualizador",103979,33148,"active","2026-08-24T11:42:41.275+08:00","2026-08-24T11:42:41.275+08:00",103979,"",""
234403,"piti_(xhs_5616398417)","gege113352",932445,33148,"active","2026-08-24T11:36:55.234+08:00","2026-08-24T11:36:55.234+08:00",932445,"",""
234399,"motoichi","ichinomiya_motohiro",433258,33148,"active","2026-08-24T10:52:00.720+08:00","2026-08-24T10:52:00.720+08:00",433258,"",""
234395,"24mugicha56666","souji_touban",974737,33148,"active","2026-08-24T10:35:56.124+08:00","2026-08-24T10:35:56.124+08:00",974737,"",""
234393,"eto_(eto96-1114)","eto_mato9",974737,7713,"active","2026-08-24T10:31:18.816+08:00","2026-08-24T10:31:18.816+08:00",974737,"",""
234391,"bingmwahbiing","mwahbiing",974737,7713,"active","2026-08-24T10:28:17.028+08:00","2026-08-24T10:28:17.028+08:00",974737,"",""
234388,"cotton100_me","m_nosuke87",1368569,33148,"active","2026-08-24T08:45:24.100+08:00","2026-08-24T08:45:24.100+08:00",1368569,"",""
234384,"xia_huahuaban","xiaxiayizhihua",1449841,33148,"active","2026-08-24T08:15:00.453+08:00","2026-08-24T08:15:00.453+08:00",1449841,"",""
234380,"bootheghoul","boo_the_ghoul",781002,33148,"active","2026-08-24T08:02:23.982+08:00","2026-08-24T08:02:23.982+08:00",781002,"",""
234372,"gaxix","guy-pascal_vallez",908237,33148,"active","2026-08-24T04:09:05.736+08:00","2026-08-24T04:09:05.736+08:00",908237,"",""
234368,"jadie-jadie","stefanie_battalene",908237,33148,"retired","2026-08-24T04:03:31.318+08:00","2026-08-30T08:01:10.456+08:00",908237,"",""
234367,"glitter_blood","stefanie_battalene",908237,33148,"retired","2026-08-24T04:03:29.069+08:00","2026-08-30T08:01:10.445+08:00",908237,"",""
234360,"ababaoi","masa_masashi",280788,33148,"active","2026-08-24T03:09:47.115+08:00","2026-08-24T03:09:47.115+08:00",280788,"",""
234319,"harumeguruff","haru_meguru",1368569,33148,"active","2026-08-24T01:04:48.241+08:00","2026-08-24T01:04:48.241+08:00",1368569,"",""
234309,"user_auxn2737","robert_poole",1053497,33148,"active","2026-08-23T22:19:43.524+08:00","2026-08-23T22:19:43.524+08:00",1053497,"",""
234305,"kome117tkgwww","tana_dekoko",1054326,33148,"active","2026-08-23T22:15:16.201+08:00","2026-08-23T22:15:16.201+08:00",1054326,"",""
234301,"user_pphp7524","rb-gs",1053497,33148,"active","2026-08-23T22:13:14.785+08:00","2026-08-23T22:13:14.785+08:00",1053497,"",""
234295,"yiban_leixing_de_huxi","nijiko_uro",932445,33148,"active","2026-08-23T20:56:47.918+08:00","2026-08-23T20:56:47.918+08:00",932445,"",""
234291,"yang_zhu_zhinan","yiyun_ke'ai_yao_fafen",932445,33148,"active","2026-08-23T20:52:55.813+08:00","2026-08-23T20:52:55.813+08:00",932445,"",""
234211,"sacchan_417","chan_satsu_(sacchan_db417)",344172,7713,"active","2026-08-23T10:46:17.169+08:00","2026-08-23T10:46:17.169+08:00",344172,"",""
234207,"switchyou","suichu_u",718515,33148,"active","2026-08-23T10:23:24.711+08:00","2026-08-23T10:23:24.711+08:00",718515,"",""
234201,"chocqloco","kotonesque",1123578,33148,"active","2026-08-23T08:08:28.223+08:00","2026-08-23T08:08:28.223+08:00",1123578,"",""
234183,"diep_(pixiv79733088)","melonchizu",1151956,7713,"active","2026-08-23T06:24:48.356+08:00","2026-09-05T12:31:40.212+08:00",1151956,"",""
234142,"hanamiyamee","hanamiya_mee",589498,33148,"active","2026-08-23T02:47:09.934+08:00","2026-08-23T02:47:09.934+08:00",589498,"",""
234118,"akaito","akaito_(fanloid)",52664,28271,"active","2026-08-23T01:01:45.221+08:00","2026-08-23T01:01:45.221+08:00",52664,"",""
234116,"kingdom_(series)","kingdom_(manga)",52664,37497,"active","2026-08-23T01:00:07.328+08:00","2026-08-23T01:00:07.328+08:00",52664,"",""
234114,"oshitari_ken'ya","oshitari_kenya",52664,36012,"active","2026-08-23T00:47:35.445+08:00","2026-08-23T00:47:35.445+08:00",52664,"",""
234113,"kai_yuujirou","kai_yujiroh",52664,36012,"active","2026-08-23T00:47:32.537+08:00","2026-08-23T00:47:32.537+08:00",52664,"",""
234112,"kite_eishirou","kite_eishiroh",52664,36012,"active","2026-08-23T00:47:29.166+08:00","2026-08-23T00:47:29.166+08:00",52664,"",""
234111,"tooyama_kintarou","toyama_kintaroh",52664,36012,"active","2026-08-23T00:47:25.335+08:00","2026-08-23T00:47:25.335+08:00",52664,"",""
234110,"fuji_yuuta","fuji_yuta",52664,36012,"active","2026-08-23T00:47:19.344+08:00","2026-08-23T00:47:19.344+08:00",52664,"",""
234109,"akazawa_yoshirou","akazawa_yoshiroh",52664,36012,"active","2026-08-23T00:47:16.505+08:00","2026-08-23T00:47:16.505+08:00",52664,"",""
234108,"saeki_kojirou","saeki_kojiroh",52664,36012,"active","2026-08-23T00:47:14.185+08:00","2026-08-23T00:47:14.185+08:00",52664,"",""
234107,"niou_masaharu","nioh_masaharu",52664,36012,"active","2026-08-23T00:47:08.645+08:00","2026-08-23T00:47:08.645+08:00",52664,"",""
234106,"sanada_gen'ichirou","sanada_genichiroh",52664,36012,"active","2026-08-23T00:47:03.632+08:00","2026-08-23T00:47:03.632+08:00",52664,"",""
234105,"akutagawa_jirou","akutagawa_jiroh",52664,36012,"active","2026-08-23T00:46:58.165+08:00","2026-08-23T00:46:58.165+08:00",52664,"",""
234104,"shishido_ryou","shishido_ryoh",52664,36012,"active","2026-08-23T00:46:55.005+08:00","2026-08-23T00:46:55.005+08:00",52664,"",""
234103,"ootori_choutarou","otori_chotaroh",52664,36012,"active","2026-08-23T00:46:51.591+08:00","2026-08-23T00:46:51.591+08:00",52664,"",""
234102,"oshitari_yuushi","oshitari_yushi",52664,36012,"active","2026-08-23T00:46:47.470+08:00","2026-08-23T00:46:47.470+08:00",52664,"",""
234101,"kaido_kaoru","kaidoh_kaoru",52664,36012,"active","2026-08-23T00:46:43.808+08:00","2026-08-23T00:46:43.808+08:00",52664,"",""
234100,"fuji_shuusuke","fuji_syusuke",52664,36012,"active","2026-08-23T00:46:38.748+08:00","2026-08-23T00:46:38.748+08:00",52664,"",""
234099,"ooishi_shuuichirou","oishi_shuichiroh",52664,36012,"active","2026-08-23T00:46:35.852+08:00","2026-08-23T00:46:35.852+08:00",52664,"",""
234082,"minerva_lightsworn_athena","minerva_the_athenian_lightsworn",52664,20444,"active","2026-08-23T00:44:13.473+08:00","2026-08-23T00:44:13.473+08:00",52664,"",""
234080,"cyrene_(cyrup)_(honkai:_star_rail)","cyrene_(demiurge)_(cyrup)_(honkai:_star_rail)",52664,24117,"active","2026-08-23T00:37:21.951+08:00","2026-08-23T00:37:21.951+08:00",52664,"",""
234079,"cyrene_(chimerric_park_countdown)_(honkai:_star_rail)","cyrene_(demiurge)_(chimerric_park_countdown)_(honkai:_star_rail)",52664,24117,"active","2026-08-23T00:37:18.862+08:00","2026-08-23T00:37:18.862+08:00",52664,"",""
234078,"cyrene_(chimerric_park)_(honkai:_star_rail)","cyrene_(demiurge)_(chimerric_park)_(honkai:_star_rail)",52664,24117,"active","2026-08-23T00:37:15.247+08:00","2026-08-23T00:37:15.247+08:00",52664,"",""
234077,"cyrene_(alternate_spacetime)_(honkai:_star_rail)","cyrene_(demiurge)_(alternate_spacetime)_(honkai:_star_rail)",52664,24117,"active","2026-08-23T00:37:12.182+08:00","2026-08-23T00:37:12.182+08:00",52664,"",""
234076,"cyrene_(galaxy_store)_(honkai:_star_rail)","cyrene_(demiurge)_(galaxy_store)_(honkai:_star_rail)",52664,24117,"active","2026-08-23T00:37:07.060+08:00","2026-08-23T00:37:07.060+08:00",52664,"",""
234075,"cyrene_(anta)_(honkai:_star_rail)","cyrene_(demiurge)_(anta)_(honkai:_star_rail)",52664,24117,"active","2026-08-23T00:36:57.143+08:00","2026-08-23T00:36:57.143+08:00",52664,"",""
234074,"cyrene_(wonderful_holiday)_(honkai:_star_rail)","cyrene_(demiurge)_(wonderful_holiday)_(honkai:_star_rail)",52664,24117,"active","2026-08-23T00:36:37.737+08:00","2026-08-23T00:36:37.737+08:00",52664,"",""
234066,"dan_heng_(toasty_dragon)_(honkai:_star_rail)","dan_heng_(permansor_terrae)_(toasty_dragon)_(honkai:_star_rail)",52664,24117,"active","2026-08-23T00:31:39.280+08:00","2026-08-23T00:31:39.280+08:00",52664,"",""
234065,"dan_heng_(alternate_spacetime)_(honkai:_star_rail)","dan_heng_(permansor_terrae)_(alternate_spacetime)_(honkai:_star_rail)",52664,24117,"active","2026-08-23T00:31:36.055+08:00","2026-08-23T00:31:36.055+08:00",52664,"",""
234064,"dan_heng_(lurking)_(honkai:_star_rail)","dan_heng_(permansor_terrae)_(lurking)_(honkai:_star_rail)",52664,24117,"active","2026-08-23T00:31:30.526+08:00","2026-08-23T00:31:30.526+08:00",52664,"",""
234060,"himeko_(nova)_(literary)_(honkai:_star_rail)","himeko_(literary)_(honkai:_star_rail)",52664,24117,"active","2026-08-23T00:30:11.939+08:00","2026-08-23T00:30:11.939+08:00",52664,"",""
234058,"epiphaneia_(racing)_(umamusume)","epiphaneia_(fate's_chosen_star)_(umamusume)",52664,29925,"active","2026-08-23T00:15:35.257+08:00","2026-08-23T00:15:35.257+08:00",52664,"",""
234056,"shinko_windy_(burst_out!_the_demon_king's_army_of_terror)_(umamusume)","shinko_windy_(onwards_demon_queen's_lackeys!)_(umamusume)",52664,29925,"active","2026-08-23T00:11:57.670+08:00","2026-08-23T00:11:57.670+08:00",52664,"",""
234054,"polus_(henry_stickmin)","polus_(among_us)",52664,37507,"active","2026-08-23T00:05:22.073+08:00","2026-08-23T00:05:22.073+08:00",52664,"",""
234052,"rhsiang_0521","rhsiang",718515,33148,"active","2026-08-22T23:25:40.891+08:00","2026-08-22T23:25:40.891+08:00",718515,"",""
234048,"321505","oshift1",1368569,33148,"active","2026-08-22T21:50:57.335+08:00","2026-08-22T21:50:57.335+08:00",1368569,"",""
234044,"1258643753","lucid_(pixiv_id_5458407)",1368569,33148,"active","2026-08-22T21:43:22.661+08:00","2026-08-22T21:43:22.661+08:00",1368569,"",""
234034,"hanr10","anrio",1123578,33148,"active","2026-08-22T19:31:37.860+08:00","2026-08-22T19:31:37.860+08:00",1123578,"",""
234030,"zelgeist92","zelgadisgw",433258,33148,"active","2026-08-22T17:38:05.635+08:00","2026-08-22T17:38:05.635+08:00",433258,"",""
234024,"zhong_yan_kitiorng","zhong-yan_(2669)",932445,33148,"active","2026-08-22T17:29:20.736+08:00","2026-08-22T17:29:20.736+08:00",932445,"",""
234016,"52_userhz","kulatasa",480070,33148,"active","2026-08-22T12:50:51.085+08:00","2026-08-22T12:50:51.085+08:00",480070,"",""
234007,"yohaku_(yo_o_489)","yo_o_489",1538132,33148,"active","2026-08-22T10:50:15.613+08:00","2026-08-22T10:50:15.613+08:00",1538132,"",""
233967,"tamaki_1101","kagura1101",1123578,33148,"active","2026-08-22T07:22:50.643+08:00","2026-08-22T07:22:50.643+08:00",1123578,"",""
233961,"ng_(pixiv_126441346)","mzsharows",786597,33148,"active","2026-08-22T02:25:20.821+08:00","2026-08-22T02:25:20.821+08:00",786597,"",""
233955,"silence_(pixiv18541142)","silence_(linnnn915)",103979,33148,"active","2026-08-22T02:05:33.891+08:00","2026-08-22T02:05:33.891+08:00",103979,"",""
233951,"trance_salamander_coral","trance_amarant_coral",52664,37480,"active","2026-08-22T01:08:16.435+08:00","2026-08-22T01:08:16.435+08:00",52664,"",""
233950,"trance_dagger_(ff9)","trance_garnet_til_alexandros_xvii",52664,37480,"active","2026-08-22T01:08:13.769+08:00","2026-08-22T01:08:13.769+08:00",52664,"",""
233949,"trance_garnet_(ff9)","trance_garnet_til_alexandros_xvii",52664,37480,"active","2026-08-22T01:08:11.732+08:00","2026-08-22T01:08:11.732+08:00",52664,"",""
233945,"dante_will_(winter)","dante_will_(spider)",52664,23520,"deleted","2026-08-22T01:00:58.535+08:00","2026-08-22T07:07:34.891+08:00",52664,"",""
233943,"camera_focus","focus_viewfinder",52664,37488,"active","2026-08-22T01:00:26.295+08:00","2026-08-22T01:00:26.295+08:00",52664,"",""
233941,"poster_tube","scroll_tube",52664,37489,"active","2026-08-22T00:36:10.648+08:00","2026-08-22T00:36:10.648+08:00",52664,"",""
233939,"exp_is_golden","ougon_no_keikenchi",52664,16840,"active","2026-08-22T00:34:16.957+08:00","2026-08-22T00:34:16.957+08:00",52664,"",""
233935,"nivalis","galanthus",1307628,33148,"active","2026-08-21T23:46:22.772+08:00","2026-08-21T23:46:22.772+08:00",1307628,"",""
233931,"user_jdxn7382","mutsumaru",1288648,33148,"active","2026-08-21T23:35:35.996+08:00","2026-08-21T23:35:35.996+08:00",1288648,"",""
233921,"long_white-haired_odyssey_student_(blue_archive)","sayuri_(blue_archive)",508240,21341,"active","2026-08-21T18:31:56.596+08:00","2026-08-21T18:31:56.596+08:00",508240,"",""
233917,"short_white-haired_odyssey_student_(blue_archive)","kotone_(blue_archive)",508240,21341,"active","2026-08-21T18:25:32.270+08:00","2026-08-21T18:25:32.270+08:00",508240,"",""
233916,"pink-haired_odyssey_student_(blue_archive)","kokoro_(blue_archive)",508240,21341,"active","2026-08-21T18:25:28.992+08:00","2026-08-21T18:25:28.992+08:00",508240,"",""
233905,"ki_(pixiv239687)","jou_(hino_ki)",454016,33148,"active","2026-08-21T15:10:26.026+08:00","2026-08-21T15:10:26.026+08:00",454016,"",""
233899,"adachi_tooru","adachi_tohru",85307,37493,"active","2026-08-21T13:58:28.343+08:00","2026-08-21T13:58:28.343+08:00",85307,"",""
233897,"chiliper_corp","1977_oj3",1116324,33148,"active","2026-08-21T13:50:08.062+08:00","2026-08-21T13:50:08.062+08:00",1116324,"",""
233893,"changgo_yeolsoe","dorok",1368569,33148,"active","2026-08-21T13:41:39.816+08:00","2026-08-21T13:41:39.816+08:00",1368569,"",""
233889,"urosuzu","uroko_onyanoko",699804,33148,"active","2026-08-21T13:00:42.595+08:00","2026-08-21T13:00:42.595+08:00",699804,"",""
233884,"ba_(user_44930310)","baba_(sushi0141good)",1130582,33148,"active","2026-08-21T12:18:12.233+08:00","2026-08-21T12:18:12.233+08:00",1130582,"",""
233880,"osc611","atten",981552,33148,"active","2026-08-21T11:00:25.011+08:00","2026-08-21T11:00:25.011+08:00",981552,"",""
233879,"77_orangeboy","atten",981552,33148,"active","2026-08-21T11:00:21.720+08:00","2026-08-21T11:00:21.720+08:00",981552,"",""
233868,"shirayui","shirayui_(shirakawaui)",1446875,33148,"active","2026-08-21T09:45:14.779+08:00","2026-08-21T09:45:14.779+08:00",1446875,"",""
233850,"usagigenki","poron",356497,33148,"active","2026-08-21T04:34:36.689+08:00","2026-08-21T04:34:36.689+08:00",356497,"",""
233846,"florian_(personal_ami)","florian_(cyrus_alarae)",52664,37462,"active","2026-08-21T04:04:14.948+08:00","2026-08-21T04:04:14.948+08:00",52664,"",""
233844,"emotional_lie_692","bion_(insomn_bion)",1070698,33148,"active","2026-08-21T03:58:32.745+08:00","2026-08-21T03:58:32.745+08:00",1070698,"",""
233840,"kiss_mark","lipstick_mark",52664,37449,"active","2026-08-21T03:36:36.378+08:00","2026-08-21T03:36:36.378+08:00",52664,"",""
233838,"koi_kaze_(the_idolmaster)","koi_kaze_(idolmaster)",52664,37188,"active","2026-08-21T03:25:36.461+08:00","2026-08-21T03:25:36.461+08:00",52664,"",""
233837,"little_riddle","little_riddle_(idolmaster)",52664,37188,"active","2026-08-21T03:25:28.506+08:00","2026-08-21T03:25:28.506+08:00",52664,"",""
233834,"gagaga_girl_-_zero_zero_call","gagaga_girl_-_cell_phone_subtraction",52664,20444,"active","2026-08-21T03:10:56.883+08:00","2026-08-21T03:10:56.883+08:00",52664,"",""
233832,"blackbird_(nte)","merula_(nte)",52664,35928,"deleted","2026-08-21T02:25:56.547+08:00","2026-08-28T02:31:30.081+08:00",52664,"",""
233830,"upst","cat02a",52664,7713,"active","2026-08-21T02:18:39.521+08:00","2026-08-21T02:18:39.521+08:00",52664,"",""
233828,"xxcaaan","26caaan",52664,7713,"active","2026-08-21T02:17:16.872+08:00","2026-08-21T02:17:16.872+08:00",52664,"",""
233826,"okome_(okome_l_l)","okomero",52664,7713,"active","2026-08-21T02:14:50.891+08:00","2026-08-21T02:14:50.891+08:00",52664,"",""
233824,"jingxiluoying","jingying",1146403,33148,"active","2026-08-21T01:55:26.335+08:00","2026-08-21T01:55:26.335+08:00",1146403,"",""
233820,"46-munakata","munakata_shirou",68250,33148,"active","2026-08-21T01:55:06.095+08:00","2026-08-21T01:55:06.095+08:00",68250,"",""
233815,"daliyang","nureta_kasa",109167,33148,"active","2026-08-21T01:33:21.590+08:00","2026-08-21T01:33:21.590+08:00",109167,"",""
233811,"bravo44","rookie425",781002,33148,"active","2026-08-20T23:46:23.080+08:00","2026-08-20T23:46:23.080+08:00",781002,"",""
233801,"neon_(pixiv_31150749)","neon_0000",1123578,33148,"active","2026-08-20T20:21:22.064+08:00","2026-08-20T20:21:22.064+08:00",1123578,"",""
233795,"cherrymilky","cherryrot",1079719,33148,"active","2026-08-20T18:27:15.750+08:00","2026-08-20T18:27:15.750+08:00",1079719,"",""
233789,"nema_nurumayu2","nema_nurumayu",1561614,33148,"active","2026-08-20T18:16:07.822+08:00","2026-08-20T18:16:07.822+08:00",1561614,"",""
233785,"user_exjv3823","you_(yo_865)",1288648,33148,"active","2026-08-20T17:22:29.076+08:00","2026-08-20T17:22:29.076+08:00",1288648,"",""
233765,"ettole","ettore",974737,7713,"active","2026-08-20T16:23:13.314+08:00","2026-08-20T16:23:13.314+08:00",974737,"",""
233761,"matsumaezuke","love_okome95",926897,33148,"active","2026-08-20T16:02:22.451+08:00","2026-08-20T16:02:22.451+08:00",926897,"",""
233755,"user_fcvk4234","yasaimono",718515,33148,"active","2026-08-20T14:53:20.433+08:00","2026-08-20T14:53:20.433+08:00",718515,"",""
233749,"gagseol","z-rain",1130070,33148,"active","2026-08-20T13:49:44.925+08:00","2026-08-20T13:49:44.925+08:00",1130070,"",""
233745,"654983249","do_brando",1130070,33148,"active","2026-08-20T13:45:00.910+08:00","2026-08-20T13:45:00.910+08:00",1130070,"",""
233741,"ouo_1123","jue_(jue_no_mess)",527891,33148,"active","2026-08-20T13:30:12.899+08:00","2026-08-20T13:30:12.899+08:00",527891,"",""
233737,"cwew33","chlorenw",1316376,7713,"active","2026-08-20T13:19:07.903+08:00","2026-08-20T13:19:07.903+08:00",1316376,"",""
233735,"mihasu_ll","miha_(mihasu_ll)",589498,33148,"active","2026-08-20T13:18:18.388+08:00","2026-08-20T13:18:18.388+08:00",589498,"",""
233729,"sdus1017","sadukitsune",433258,33148,"active","2026-08-20T12:47:59.206+08:00","2026-08-20T12:47:59.206+08:00",433258,"",""
233725,"megumaru_(mgml_mgmg)","natsumemugi",1288648,33148,"active","2026-08-20T12:22:37.441+08:00","2026-08-20T12:22:37.441+08:00",1288648,"",""
233719,"unacceptable_comics","dave_rapoza",908237,33148,"active","2026-08-20T09:31:47.591+08:00","2026-08-20T09:31:47.591+08:00",908237,"",""
233715,"23333_qimiao_de_luxing_zhe","qimiaodeluxingzhe",1561614,33148,"active","2026-08-20T09:22:10.093+08:00","2026-09-20T06:58:39.651+08:00",1561614,"",""
233711,"doli_palta","adultwithapen",781002,33148,"active","2026-08-20T08:48:49.137+08:00","2026-08-20T08:48:49.137+08:00",781002,"",""
233707,"user_hhyj8453","shanshan_faguang_de_cainiao",1316376,7713,"active","2026-08-20T08:40:53.089+08:00","2026-08-20T08:40:53.089+08:00",1316376,"",""
233705,"vb65655","nabang",1210048,33148,"active","2026-08-20T08:37:58.218+08:00","2026-08-20T08:37:58.218+08:00",1210048,"",""
233701,"fennel_(twobittactics)","tbtx_(twobittactics)",781002,33148,"active","2026-08-20T07:20:35.652+08:00","2026-08-20T07:20:35.652+08:00",781002,"",""
233697,"acidtherapist","acid_therapist",781002,33148,"active","2026-08-20T07:16:10.614+08:00","2026-08-20T07:16:10.614+08:00",781002,"",""
233693,"watasheepu","co_depend",433258,33148,"active","2026-08-20T05:40:16.303+08:00","2026-08-20T05:40:16.303+08:00",433258,"",""
233692,"has_paper","mikanosuke",433258,33148,"active","2026-08-20T05:40:14.086+08:00","2026-08-20T05:40:14.086+08:00",433258,"",""
233683,"ongiit","uginini",433258,33148,"active","2026-08-20T03:46:11.962+08:00","2026-08-20T03:46:11.962+08:00",433258,"",""
233679,"gypsy","romani",52664,37447,"active","2026-08-20T02:53:03.105+08:00","2026-08-20T02:53:03.105+08:00",52664,"",""
233677,"opposite_colors","complementary_colors",52664,37450,"active","2026-08-20T02:09:49.688+08:00","2026-08-20T02:09:49.688+08:00",52664,"",""
233673,"keyring","key_ring",52664,37451,"active","2026-08-20T02:06:35.541+08:00","2026-08-20T02:06:35.541+08:00",52664,"",""
233671,"fan_2-gou","kessoku_band_fan_2",52664,36920,"active","2026-08-20T01:50:50.027+08:00","2026-08-20T01:50:50.027+08:00",52664,"",""
233670,"fan_1-gou","kessoku_band_fan_1",52664,36920,"active","2026-08-20T01:50:45.839+08:00","2026-08-20T01:50:45.839+08:00",52664,"",""
233667,"hinata_erena","hinata_elena",52664,36920,"active","2026-08-20T01:50:44.943+08:00","2026-08-20T01:50:44.943+08:00",52664,"",""
233666,"ooyama_nene","oyama_nene",52664,36920,"active","2026-08-20T01:50:43.141+08:00","2026-08-20T01:50:43.141+08:00",52664,"",""
233663,"mixed_up_thought_and_speech_bubbles_(meme)","i_think_your_thought_and_speech_bubbles_are_mixed_up_(meme)",52664,37473,"active","2026-08-20T01:45:55.841+08:00","2026-08-20T01:45:55.841+08:00",52664,"",""
233658,"ricefox_(nonametofu)","fanhu",52664,37453,"active","2026-08-20T01:35:33.937+08:00","2026-08-20T01:35:33.937+08:00",52664,"",""
233656,"prosto_nashe","prostokvashino_(brand)",52664,37454,"active","2026-08-20T01:31:48.422+08:00","2026-08-20T01:31:48.422+08:00",52664,"",""
233654,"banana7f","kiui_(dagk8254)",52664,7713,"active","2026-08-20T01:30:43.825+08:00","2026-08-20T01:30:43.825+08:00",52664,"",""
233652,"ocota-cota_(cota)","yukinari00masara",52664,7713,"active","2026-08-20T01:29:46.377+08:00","2026-08-20T01:29:46.377+08:00",52664,"",""
233650,"yuuko_(pixiv_67031899)","youran_yuuko",52664,7713,"active","2026-08-20T01:28:12.216+08:00","2026-08-20T01:28:12.216+08:00",52664,"",""
233648,"soudilukisbarey","soudartwork",52664,7713,"active","2026-08-20T01:27:35.408+08:00","2026-08-20T01:27:35.408+08:00",52664,"",""
233646,"eeyoosekedooaat","miziseimelon",52664,7713,"active","2026-08-20T01:26:35.051+08:00","2026-08-20T01:26:35.051+08:00",52664,"",""
233644,"neptune_zx","austral_star",52664,7713,"active","2026-08-20T01:25:51.531+08:00","2026-08-20T01:25:51.531+08:00",52664,"",""
233638,"2786867956wuyu","wood_wuyu",52664,7713,"active","2026-08-20T01:24:24.107+08:00","2026-08-20T01:24:24.107+08:00",52664,"",""
233636,"molestache","mole-stache",52664,23919,"active","2026-08-20T01:21:21.455+08:00","2026-08-20T01:21:21.455+08:00",52664,"",""
233634,"argoyle_and_ugoyle_(mega_man)","argoyle_and_ugoyle_the_shisaroids_(mega_man)",52664,37458,"active","2026-08-20T01:20:29.337+08:00","2026-08-20T01:20:29.337+08:00",52664,"",""
233633,"hedgeshock_(mega_man)","hedgeshock_the_erinaceroid_(mega_man)",52664,37458,"active","2026-08-20T01:20:25.911+08:00","2026-08-20T01:20:25.911+08:00",52664,"",""
233632,"bifrost_(mega_man)","bifrost_the_crocoroid_(mega_man)",52664,37458,"active","2026-08-20T01:20:21.841+08:00","2026-08-20T01:20:21.841+08:00",52664,"",""
233631,"queenbee_(mega_man)","queenbee_the_hymenopteroid_(mega_man)",52664,37458,"active","2026-08-20T01:20:17.108+08:00","2026-08-20T01:20:17.108+08:00",52664,"",""
233630,"vulturon_(mega_man)","vulturon_the_condoroid_(mega_man)",52664,37458,"active","2026-08-20T01:20:13.583+08:00","2026-08-20T01:20:13.583+08:00",52664,"",""
233629,"rospark_(mega_man)","rospark_the_floroid_(mega_man)",52664,37458,"active","2026-08-20T01:20:08.813+08:00","2026-08-20T01:20:08.813+08:00",52664,"",""
233628,"chronoforce_(mega_man)","chronoforce_the_xiphosuroid_(mega_man)",52664,37458,"active","2026-08-20T01:20:04.609+08:00","2026-08-20T01:20:04.609+08:00",52664,"",""
233627,"buckfire_(mega_man)","buckfire_the_gaxelleroid_(mega_man)",52664,37458,"active","2026-08-20T01:20:01.015+08:00","2026-08-20T01:20:01.015+08:00",52664,"",""
233626,"hivolt_the_raptoroid","hivolt_the_raptoroid_(mega_man)",52664,37458,"active","2026-08-20T01:19:59.314+08:00","2026-08-20T01:19:59.314+08:00",52664,"",""
233625,"fistleo_(mega_man)","fistleo_the_predatoroid_(mega_man)",52664,37458,"active","2026-08-20T01:19:55.651+08:00","2026-08-20T01:19:55.651+08:00",52664,"",""
233624,"flammole_(mega_man)","flammole_the_moleroid_(mega_man)",52664,37458,"active","2026-08-20T01:19:51.822+08:00","2026-08-20T01:19:51.822+08:00",52664,"",""
233623,"lurerre_the_abysroid","lurerre_the_abysroid_(mega_man)",52664,37458,"active","2026-08-20T01:19:49.537+08:00","2026-08-20T01:19:49.537+08:00",52664,"",""
233622,"lurerre_(mega_man)","lurerre_the_abysroid_(mega_man)",52664,37458,"active","2026-08-20T01:19:44.975+08:00","2026-08-20T01:19:44.975+08:00",52664,"",""
233608,"the_colors_within","kimi_no_iro",52664,16840,"active","2026-08-20T01:10:56.827+08:00","2026-08-20T01:10:56.827+08:00",52664,"",""
233606,"hasuta_(nyaruko-san)","hastur_(nyaruko-san)",52664,37460,"active","2026-08-20T01:09:14.596+08:00","2026-08-20T01:09:14.596+08:00",52664,"",""
233605,"kuuko_(nyaruko-san)","cthugha_(nyaruko-san)",52664,37460,"active","2026-08-20T01:09:12.553+08:00","2026-08-20T01:09:12.553+08:00",52664,"",""
233604,"kuune_(nyaruko-san)","cuune_(nyaruko-san)",52664,37460,"active","2026-08-20T01:09:10.807+08:00","2026-08-20T01:09:10.807+08:00",52664,"",""
233594,"kijimuna_(fate)","verdandi_(fate)",52664,26405,"active","2026-08-20T00:58:31.442+08:00","2026-08-20T00:58:31.442+08:00",52664,"",""
233590,"nanase_mana_(manya_ravilia)","nanasemana",926897,33148,"active","2026-08-19T22:56:58.785+08:00","2026-08-19T22:56:58.785+08:00",926897,"",""
233584,"user_ugga4582","osayu_oishi1",1368569,33148,"active","2026-08-19T20:41:27.531+08:00","2026-08-19T20:41:27.531+08:00",1368569,"",""
233578,"mumeisan","oroka_(e7zg5)",1087973,33148,"active","2026-08-19T16:56:32.834+08:00","2026-08-19T16:56:32.834+08:00",1087973,"",""
233572,"ssss_fun","pingfan_de_mao",433258,33148,"active","2026-08-19T15:42:57.154+08:00","2026-08-19T15:42:57.154+08:00",433258,"",""
233568,"pingkang","wazh",1182530,33148,"active","2026-08-19T14:33:05.957+08:00","2026-08-19T14:33:05.957+08:00",1182530,"",""
233564,"natsume_ifuyu","cai_hong_mian_bao_xie",1087973,33148,"active","2026-08-19T13:30:03.987+08:00","2026-08-19T13:30:03.987+08:00",1087973,"",""
233560,"uwaaa_v16v","uwa_illust_v16v",1561614,33148,"active","2026-08-19T13:17:27.676+08:00","2026-08-19T13:17:27.676+08:00",1561614,"",""
233556,"azura_(user_rnfe8374)","endcore",280788,33148,"active","2026-08-19T12:18:41.829+08:00","2026-08-19T12:18:41.829+08:00",280788,"",""
233552,"localblackkidbm","africanmegaman",103979,33148,"active","2026-08-19T11:45:21.499+08:00","2026-08-19T11:45:21.499+08:00",103979,"",""
233548,"user_cgzz5334","uta_(xuyansong1996)",908237,7713,"active","2026-08-19T09:19:16.362+08:00","2026-08-19T09:19:16.362+08:00",908237,"",""
233546,"sen_(senchaaa)","towa_zz",433258,33148,"active","2026-08-19T07:55:18.114+08:00","2026-08-19T07:55:18.114+08:00",433258,"",""
233542,"w1024386007","nula1w",908237,33148,"active","2026-08-19T07:19:34.590+08:00","2026-08-19T07:19:34.590+08:00",908237,"",""
233538,"zelato","heyz",433258,33148,"active","2026-08-19T07:18:32.409+08:00","2026-08-19T07:18:32.409+08:00",433258,"",""
233532,"llmewmewll","mewsartworld",1070698,33148,"active","2026-08-19T05:52:04.195+08:00","2026-08-19T05:52:04.195+08:00",1070698,"",""
233528,"user_ptfp3458","miaofeng",1368569,33148,"active","2026-08-19T05:35:53.940+08:00","2026-08-19T05:35:53.940+08:00",1368569,"",""
233522,"lingyi_drake","ling_yi_de_lei_ke",1182530,33148,"active","2026-08-19T04:59:55.826+08:00","2026-08-19T04:59:55.826+08:00",1182530,"",""
233518,"user_umht2784","tiramisu_(artist)",1368569,33148,"active","2026-08-19T04:56:10.881+08:00","2026-08-19T04:56:10.881+08:00",1368569,"",""
233514,"why_all_this","nikel_(dr.nikel)",1352409,33148,"active","2026-08-19T04:22:38.645+08:00","2026-08-19T04:22:38.645+08:00",1352409,"",""
233504,"saolang1234567","kui_(uncleb)",280788,33148,"active","2026-08-19T03:01:44.252+08:00","2026-08-19T03:01:44.252+08:00",280788,"",""
233474,"donass108642","glazed108642",1368569,33148,"active","2026-08-19T01:35:24.846+08:00","2026-08-19T01:35:24.846+08:00",1368569,"",""
233468,"fu_r_y","jwnn",567822,33148,"active","2026-08-18T22:18:55.223+08:00","2026-08-18T22:18:55.223+08:00",567822,"",""
233464,"guess1023","anyimo85691",567822,33148,"active","2026-08-18T21:29:27.544+08:00","2026-08-18T21:29:27.544+08:00",567822,"",""
233460,"pixelpengu","pengucantdraw",567822,33148,"active","2026-08-18T21:01:08.844+08:00","2026-08-18T21:01:08.844+08:00",567822,"",""
233456,"raysmith_art","raysmith",1130070,33148,"active","2026-08-18T19:53:26.849+08:00","2026-08-18T19:53:26.849+08:00",1130070,"",""
233448,"baiterux","miyavi_arts",1087973,33148,"active","2026-08-18T17:18:16.737+08:00","2026-08-18T17:18:16.737+08:00",1087973,"",""
233442,"enx6559","enx_chacha",974737,33148,"active","2026-08-18T16:29:53.700+08:00","2026-08-18T16:29:53.700+08:00",974737,"",""
233438,"user_ecjr8472","kayoko0914",1054326,33148,"active","2026-08-18T15:52:39.685+08:00","2026-08-18T15:52:39.685+08:00",1054326,"",""
233430,"pyonderella","zahra_(pyonderella)",1130582,33148,"active","2026-08-18T15:20:41.967+08:00","2026-08-18T15:20:41.967+08:00",1130582,"",""
233429,"harenohisugarwave","zahra_(pyonderella)",1130582,33148,"active","2026-08-18T15:20:39.693+08:00","2026-08-18T15:20:39.693+08:00",1130582,"",""
233404,"shi3yin1","rumrum_lulu",454016,33148,"active","2026-08-18T10:37:17.385+08:00","2026-08-18T10:37:17.385+08:00",454016,"",""
233396,"daitaku_helios_(sunshine_angel)_(umamusume)","daitaku_helios_(sunlit_angel)_(umamusume)",52664,29925,"active","2026-08-18T09:30:51.815+08:00","2026-08-18T09:30:51.815+08:00",52664,"",""
233395,"mejiro_palmer_(devil_in_the_moonlight)_(umamusume)","mejiro_palmer_(moonlit_devil)_(umamusume)",52664,29925,"active","2026-08-18T09:30:39.973+08:00","2026-08-18T09:30:39.973+08:00",52664,"",""
233394,"agnes_digital_(lovely_jiangshi)_(umamusume)","agnes_digital_(fanatic_jiangshi)_(umamusume)",52664,29925,"active","2026-08-18T09:30:25.630+08:00","2026-08-18T09:30:25.630+08:00",52664,"",""
233390,"allerdale_cumberland_(arknights)","allerdale_(arknights)",52664,19647,"active","2026-08-18T09:30:10.183+08:00","2026-08-18T09:30:10.183+08:00",52664,"",""
233388,"pandaki_(aki)","aki_(aki_mechdoll)",433258,33148,"active","2026-08-18T08:31:34.525+08:00","2026-08-18T08:31:34.525+08:00",433258,"",""
233382,"perperogero","perperopemo",433258,33148,"active","2026-08-18T08:22:11.561+08:00","2026-08-18T08:22:11.561+08:00",433258,"",""
233378,"888_msb","meoseumbang",433258,33148,"active","2026-08-18T08:18:33.021+08:00","2026-08-18T08:18:33.021+08:00",433258,"",""
233374,"duvivi4duvivi","duvivi",433258,33148,"active","2026-08-18T07:59:04.648+08:00","2026-08-18T07:59:04.648+08:00",433258,"",""
233370,"pong_0012","nago_(pixiv_126786913)",433258,33148,"active","2026-08-18T07:05:36.350+08:00","2026-08-18T07:05:36.350+08:00",433258,"",""
233369,"arumaru","yukii_masako",433258,33148,"active","2026-08-18T07:05:35.007+08:00","2026-09-12T03:22:29.791+08:00",433258,"",""
233368,"zils_x","yoshida_(user_zusv5485)",433258,33148,"active","2026-08-18T07:05:32.864+08:00","2026-08-18T07:05:32.864+08:00",433258,"",""
233352,"cthugha","cthugha_(cthulhu_mythos)",52664,37301,"active","2026-08-18T05:19:04.291+08:00","2026-08-18T05:19:04.291+08:00",52664,"",""
233351,"shantak","shantak_(cthulhu_mythos)",52664,37301,"active","2026-08-18T05:19:02.339+08:00","2026-08-18T05:19:02.339+08:00",52664,"",""
233350,"nyarlathotep","nyarlathotep_(cthulhu_mythos)",52664,37301,"active","2026-08-18T05:18:51.239+08:00","2026-08-18T05:18:51.239+08:00",52664,"",""
233349,"cthulhu","cthulhu_(cthulhu_mythos)",52664,37301,"active","2026-08-18T05:18:27.738+08:00","2026-08-18T05:18:27.738+08:00",52664,"",""
233344,"raphodraws","raph_(raphodraws)",1352409,33148,"active","2026-08-18T04:37:28.371+08:00","2026-08-18T04:37:28.371+08:00",1352409,"",""
233334,"houshou_marine_(7th_anniversary)","houshou_marine_(jellyfish_swimsuit)",52664,23520,"active","2026-08-18T02:51:15.251+08:00","2026-08-18T02:51:15.251+08:00",52664,"",""
233332,"mistique_(swimsuit)_(stella_sora)","mistique_(carefree_in_the_golden_glow)_(stella_sora)",52664,33621,"active","2026-08-18T02:48:23.408+08:00","2026-08-18T02:48:23.408+08:00",52664,"",""
233330,"fifth_form_cooler_(dragon_ball)","final_form_cooler_(dragon_ball)",52664,37421,"active","2026-08-18T02:46:23.566+08:00","2026-08-18T02:46:23.566+08:00",52664,"",""
233328,"heavy_like_a_brinks_truck_(meme)","buff_tf2_mercenaries_(meme)",52664,37435,"active","2026-08-18T02:45:55.419+08:00","2026-08-18T02:45:55.419+08:00",52664,"",""
233322,"d36856_nanth","pum_hub",1146403,33148,"active","2026-08-18T01:50:52.802+08:00","2026-08-18T01:50:52.802+08:00",1146403,"",""
233316,"krjenl","turururukintama",454016,33148,"active","2026-08-17T23:06:37.582+08:00","2026-08-17T23:06:37.582+08:00",454016,"",""
233312,"datto_3","turururukintama",454016,33148,"active","2026-08-17T21:02:31.823+08:00","2026-08-17T21:02:31.823+08:00",454016,"",""
233304,"sekihan_(6kihan)","sekihan_(7kihan)",1144072,33148,"active","2026-08-17T19:00:38.780+08:00","2026-08-17T19:00:38.780+08:00",1144072,"",""
233300,"puchipon25251","powapoco",1054326,33148,"active","2026-08-17T18:07:33.522+08:00","2026-08-17T18:07:33.522+08:00",1054326,"",""
233299,"snxa8737","powapoco",1054326,33148,"active","2026-08-17T18:07:31.057+08:00","2026-08-17T18:07:31.057+08:00",1054326,"",""
233292,"guantong_chuangshang_2_xuruo","bc/bingtang",739901,33148,"active","2026-08-17T17:53:18.438+08:00","2026-08-17T17:53:18.438+08:00",739901,"",""
233286,"linne888","linne_(ruielinne)",556219,33148,"active","2026-08-17T15:39:58.356+08:00","2026-08-17T15:39:58.356+08:00",556219,"",""
233282,"lu_ul0307","irohaanzu",1561614,33148,"active","2026-08-17T14:28:49.938+08:00","2026-08-17T14:28:49.938+08:00",1561614,"",""
233276,"shachikowa40612","ya-1_(yaiyai123)",1561614,33148,"active","2026-08-17T14:09:02.112+08:00","2026-08-17T14:09:02.112+08:00",1561614,"",""
233272,"kurohi_drw","dorechan",280788,7713,"active","2026-08-17T10:55:21.924+08:00","2026-08-17T10:55:21.924+08:00",280788,"",""
233268,"m45_(pixiv_18905995)","sbr_(m45)",739901,33148,"active","2026-08-17T10:15:58.223+08:00","2026-08-17T10:15:58.223+08:00",739901,"",""
233264,"tarako4649","sbr_(m45)",739901,33148,"active","2026-08-17T10:03:35.103+08:00","2026-08-17T10:15:58.284+08:00",739901,"",""
233263,"1616subaru","sbr_(m45)",739901,33148,"active","2026-08-17T10:03:32.921+08:00","2026-08-17T10:15:58.289+08:00",739901,"",""
233254,"miyuki_(0331874)","miyukiboshi",454016,33148,"active","2026-08-17T09:41:34.468+08:00","2026-08-17T09:41:34.468+08:00",454016,"",""
233248,"guine","guine_(king_exit)",52664,37266,"active","2026-08-17T06:42:47.274+08:00","2026-08-17T06:42:47.274+08:00",52664,"",""
233247,"spiara_(king_exit)","stiara_(king_exit)",52664,37266,"active","2026-08-17T06:42:37.183+08:00","2026-08-17T06:42:37.183+08:00",52664,"",""
233246,"galoluise","geoluise_(king_exit)",52664,37266,"active","2026-08-17T06:42:34.383+08:00","2026-08-17T06:42:34.383+08:00",52664,"",""
233242,"senyuu._(series)","sen'yuu.",52664,37358,"active","2026-08-17T06:34:06.077+08:00","2026-08-17T06:34:06.077+08:00",52664,"",""
233240,"sheer_sleeves","see-through_sleeves",52664,37373,"active","2026-08-17T05:41:53.594+08:00","2026-08-17T05:41:53.594+08:00",52664,"",""
233239,"sheer_pantyhose","see-through_pantyhose",52664,37373,"active","2026-08-17T05:41:52.115+08:00","2026-08-17T05:41:52.115+08:00",52664,"",""
233237,"sheer_gloves","see-through_gloves",52664,37373,"active","2026-08-17T05:41:45.638+08:00","2026-08-17T05:41:45.638+08:00",52664,"",""
233234,"ichiha_001","ichiha_(pixiv_1450931203)",1146403,33148,"active","2026-08-17T04:31:03.402+08:00","2026-08-17T04:31:03.402+08:00",1146403,"",""
233230,"chilling","shinkodoku",1105289,33148,"active","2026-08-17T04:12:44.535+08:00","2026-08-17T04:12:44.535+08:00",1105289,"",""
233226,"flower_hairpin","flower_hairclip",52664,37389,"active","2026-08-17T04:01:22.298+08:00","2026-08-17T04:01:22.298+08:00",52664,"",""
233222,"angel_wings_hair_ornament","wing_hair_ornament",52664,37399,"active","2026-08-17T03:20:03.801+08:00","2026-08-17T03:20:03.801+08:00",52664,"",""
233220,"yu_miao_kanae","yumiao79",1228669,33148,"active","2026-08-17T03:06:57.192+08:00","2026-08-17T03:06:57.192+08:00",1228669,"",""
233216,"meta-cooler","metal_cooler_(dragon_ball)",52664,37421,"active","2026-08-17T02:55:00.088+08:00","2026-08-17T02:55:00.088+08:00",52664,"",""
233214,"fake_trading_card","card_parody",52664,37417,"active","2026-08-17T02:37:19.384+08:00","2026-08-17T02:37:19.384+08:00",52664,"",""
233212,"shiraha_maru","shirohane_maru",52664,7713,"active","2026-08-17T01:44:45.228+08:00","2026-08-17T01:44:45.228+08:00",52664,"",""
233202,"guinipigpapa","amidura",825936,7713,"active","2026-08-16T23:48:41.596+08:00","2026-08-16T23:48:41.596+08:00",825936,"",""
233198,"asmrflute","futemochi",908237,7713,"active","2026-08-16T23:44:24.525+08:00","2026-08-16T23:44:24.525+08:00",908237,"",""
233196,"orrrca1701","pilgrim_0909",908237,7713,"active","2026-08-16T23:42:45.315+08:00","2026-08-16T23:42:45.315+08:00",908237,"",""
233194,"village_in_the_shade","honogurashi_no_niwa",52664,16840,"active","2026-08-16T23:40:45.360+08:00","2026-08-16T23:40:45.360+08:00",52664,"",""
233192,"piero_san","piero_(sggp2345)",908237,7713,"active","2026-08-16T23:40:28.165+08:00","2026-08-16T23:40:28.165+08:00",908237,"",""
233190,"tozaki_makoto","mar_(majomar)",908237,7713,"active","2026-08-16T23:39:47.953+08:00","2026-08-16T23:39:47.953+08:00",908237,"",""
233188,"cfwm8873","ame_lane",1210048,33148,"active","2026-08-16T23:31:12.110+08:00","2026-08-16T23:31:12.110+08:00",1210048,"",""
233184,"junnasummer","junnatsu",1362110,33148,"active","2026-08-16T23:28:47.753+08:00","2026-08-16T23:28:47.753+08:00",1362110,"",""
233178,"ma_tu_07","matsu_mokuba",567822,33148,"active","2026-08-16T22:34:31.728+08:00","2026-08-16T22:34:31.728+08:00",567822,"",""
233174,"1027x0210","1027x0210_(commissioner)",983878,33148,"retired","2026-08-16T20:07:05.449+08:00","2026-08-23T08:01:09.548+08:00",983878,"",""
233168,"by_free_mind","atsukichi_(atkcpk)",68250,33148,"active","2026-08-16T17:18:00.909+08:00","2026-08-16T17:18:00.909+08:00",68250,"",""
233162,"asahi_takasu","yahi-san",68250,33148,"active","2026-08-16T15:35:48.609+08:00","2026-08-16T15:35:48.609+08:00",68250,"",""
233161,"madarao_arata","rakugaki_megane",68250,33148,"active","2026-08-16T15:35:46.311+08:00","2026-08-16T15:35:46.311+08:00",68250,"",""
233160,"11-chan","11chai",68250,33148,"active","2026-08-16T15:35:43.132+08:00","2026-08-16T15:35:43.132+08:00",68250,"",""
233159,"petrouchka0613","aoi_neko",68250,33148,"active","2026-08-16T15:35:41.107+08:00","2026-08-16T15:35:41.107+08:00",68250,"",""
233158,"ichino_tomizuki","tomizuki_ichino",68250,33148,"active","2026-08-16T15:35:18.680+08:00","2026-08-16T15:35:18.680+08:00",68250,"",""
233157,"peach84tea","peach_flavor_tea",68250,33148,"active","2026-08-16T15:35:15.899+08:00","2026-08-16T15:35:15.899+08:00",68250,"",""
233156,"hiroaki_(hiroaki)","akino_minori",68250,33148,"active","2026-08-16T15:35:13.916+08:00","2026-08-16T15:35:13.916+08:00",68250,"",""
233155,"otya_0430","ocha_no_inu_ma_ni",68250,33148,"active","2026-08-16T15:35:11.763+08:00","2026-08-16T15:35:11.763+08:00",68250,"",""
233154,"hinokuraomi","hinokura_omi",68250,33148,"active","2026-08-16T15:35:09.152+08:00","2026-08-16T15:35:09.152+08:00",68250,"",""
233153,"momohara_rile","toubaru_rairu",68250,33148,"active","2026-08-16T15:35:00.473+08:00","2026-08-16T15:35:00.473+08:00",68250,"",""
233152,"ichimatsuinfo","ichimatsu_kei",68250,33148,"active","2026-08-16T15:34:55.742+08:00","2026-08-16T15:34:55.742+08:00",68250,"",""
233151,"orota0609","orota_(tahata_no_yama)",68250,33148,"active","2026-08-16T15:34:53.298+08:00","2026-08-16T15:34:53.298+08:00",68250,"",""
233150,"pumichi","fuyaho",68250,33148,"active","2026-08-16T15:34:48.652+08:00","2026-08-16T15:34:48.652+08:00",68250,"",""
233149,"yoizuru","izukichi_(kichinosuke)",68250,33148,"active","2026-08-16T15:34:44.746+08:00","2026-08-16T15:34:44.746+08:00",68250,"",""
233148,"mrg2by","maruga_(mrg2by)",68250,33148,"active","2026-08-16T15:34:21.380+08:00","2026-08-16T15:34:21.380+08:00",68250,"",""
233147,"lupin_strawberry","akaba_(yume_carina)",68250,33148,"active","2026-08-16T15:34:12.025+08:00","2026-08-16T15:34:12.025+08:00",68250,"",""
233066,"masaya564","yukii_masako",556219,33148,"active","2026-08-16T14:42:09.337+08:00","2026-08-16T14:42:09.337+08:00",556219,"",""
233060,"a_li_mo","moridehuguang",1087973,33148,"active","2026-08-16T12:50:35.545+08:00","2026-08-16T12:50:35.545+08:00",1087973,"",""
233056,"yuzu01393865615","aoi_yuzu",862414,33148,"active","2026-08-16T12:49:42.865+08:00","2026-08-16T12:49:42.865+08:00",862414,"",""
233052,"enpitsu0208","enpitsuuu",866222,33148,"active","2026-08-16T12:00:08.649+08:00","2026-08-16T12:00:08.649+08:00",866222,"",""
233051,"tsubasaha2","enpitsuuu",866222,33148,"active","2026-08-16T12:00:05.407+08:00","2026-08-16T12:00:05.407+08:00",866222,"",""
233050,"enpitsu8xp","enpitsuuu",866222,33148,"active","2026-08-16T11:59:58.259+08:00","2026-08-16T11:59:58.259+08:00",866222,"",""
233040,"laurant","shenji_laurant",474329,7713,"active","2026-08-16T11:27:43.769+08:00","2026-08-16T11:27:43.769+08:00",474329,"",""
233036,"aaa_pan_xie_yangzhi","sasoil",932445,33148,"active","2026-08-16T11:10:02.643+08:00","2026-08-16T11:10:02.643+08:00",932445,"",""
233030,"miela_tachibana","miella_tachibana",718515,33148,"active","2026-08-16T10:15:01.688+08:00","2026-08-16T10:15:01.688+08:00",718515,"",""
233026,"user_afev3773","miella_tachibana",718515,33148,"active","2026-08-16T10:12:58.771+08:00","2026-08-16T10:15:01.709+08:00",718515,"",""
233022,"user_apzk3524","yuu_(1122chevalerie)",718515,33148,"active","2026-08-16T10:06:16.597+08:00","2026-08-16T10:06:16.597+08:00",718515,"",""
233016,"user_kvez8222","mimi_(mimis46564)",1053497,33148,"active","2026-08-16T09:27:23.196+08:00","2026-08-16T09:27:23.196+08:00",1053497,"",""
233012,"qin'ai_de_shen_er_te","xue_lang_po_jun_qianqi",52664,7713,"active","2026-08-16T07:13:01.916+08:00","2026-08-16T07:13:01.916+08:00",52664,"",""
233010,"chrom_966_1020","sora_neko1020",52664,7713,"active","2026-08-16T07:12:33.907+08:00","2026-08-16T07:12:33.907+08:00",52664,"",""
233008,"youko_(santarose)","umezu_youko",52664,7713,"active","2026-08-16T07:11:57.075+08:00","2026-08-16T07:11:57.075+08:00",52664,"",""
233006,"joy_bro","joihyeong114710",52664,7713,"active","2026-08-16T07:11:38.478+08:00","2026-08-16T07:11:38.478+08:00",52664,"",""
233004,"a-man","agal1502",52664,7713,"active","2026-08-16T07:10:52.044+08:00","2026-08-16T07:10:52.044+08:00",52664,"",""
233002,"akatonbo","aka_tonbo_(lililil)",52664,7713,"active","2026-08-16T07:09:57.295+08:00","2026-08-16T07:09:57.295+08:00",52664,"",""
233000,"user_pptn3554","yuki_hina_(pixiv_26472564)",52664,7713,"active","2026-08-16T07:08:50.682+08:00","2026-08-16T07:08:50.682+08:00",52664,"",""
232998,"1586087585","paocai_tuanzi",52664,7713,"active","2026-08-16T07:08:37.613+08:00","2026-08-16T07:08:37.613+08:00",52664,"",""
232996,"herrscherofzs","castraled",52664,7713,"active","2026-08-16T07:08:25.941+08:00","2026-08-16T07:08:25.941+08:00",52664,"",""
232994,"maki_dogville","rook_kawa",52664,7713,"active","2026-08-16T07:07:36.237+08:00","2026-08-16T07:07:36.237+08:00",52664,"",""
232992,"tanker_truck","tank_truck",52664,37412,"active","2026-08-16T07:02:35.445+08:00","2026-08-16T07:02:35.445+08:00",52664,"",""
232988,"hashiba_natsumi_(animare)","hashiba_natsumi_(nanashi_inc.)",52664,22844,"active","2026-08-16T06:36:14.405+08:00","2026-08-16T06:36:14.405+08:00",52664,"",""
232986,"hinata_haru_(mugen_live)","hinata_haru_(vtuber)",52664,22844,"active","2026-08-16T06:35:51.868+08:00","2026-08-16T06:35:51.868+08:00",52664,"",""
232985,"hinata_haru_(vspo!)","hinata_haru_(vtuber)",52664,22844,"active","2026-08-16T06:35:50.007+08:00","2026-08-16T06:35:50.007+08:00",52664,"",""
232984,"pafi_(mugen_live)","pafi_(vtuber)",52664,22844,"active","2026-08-16T06:35:48.601+08:00","2026-08-16T06:35:48.601+08:00",52664,"",""
232983,"pafi_(vspo!)","pafi_(vtuber)",52664,22844,"active","2026-08-16T06:35:46.745+08:00","2026-08-16T06:35:46.745+08:00",52664,"",""
232978,"tensura:_makoku_renpou_souseiki","tensei_shitara_slime_datta_ken:_makoku_renpou_souseiki",52664,37335,"active","2026-08-16T06:32:11.754+08:00","2026-08-16T06:32:11.754+08:00",52664,"",""
232976,"childhood_friend_(liya)","yamanashi_haruka",52664,37426,"active","2026-08-16T06:31:23.970+08:00","2026-08-16T06:31:23.970+08:00",52664,"",""
232926,"qr_wp4","yoshida_(user_zusv5485)",1561614,33148,"active","2026-08-15T23:19:52.264+08:00","2026-08-15T23:19:52.264+08:00",1561614,"",""
232921,"z2tdrcyvvjjk0gl","yagi_(z2tdrcyvvjjk0gl)",893687,33148,"active","2026-08-15T23:09:18.347+08:00","2026-08-15T23:09:18.347+08:00",893687,"",""
232920,"yamanouenoyagi","yagi_(z2tdrcyvvjjk0gl)",893687,33148,"active","2026-08-15T23:09:15.110+08:00","2026-08-15T23:09:15.110+08:00",893687,"",""
232913,"aakisketch","akim0tion",1352409,33148,"active","2026-08-15T21:31:50.460+08:00","2026-08-15T21:31:50.460+08:00",1352409,"",""
232907,"byenjee","yamiescupid",1368569,33148,"deleted","2026-08-15T20:32:15.541+08:00","2026-08-16T07:13:30.958+08:00",1368569,"",""
232903,"wumingshi79670","puffer_(pixiv_108837952)",1087973,33148,"active","2026-08-15T20:30:38.106+08:00","2026-08-15T20:30:38.106+08:00",1087973,"",""
232890,"actually_tanaka","goririnmaru",1368569,7713,"active","2026-08-15T12:01:31.990+08:00","2026-08-15T12:01:31.990+08:00",1368569,"",""
232886,"triplemoonbow","triple_moonbow",904806,33148,"active","2026-08-15T10:47:09.082+08:00","2026-08-15T10:47:09.082+08:00",904806,"",""
232880,"paulyt7","paulyt77",1070698,33148,"retired","2026-08-15T09:01:25.886+08:00","2026-08-16T08:01:08.233+08:00",1070698,"",""
232874,"uxoxu_hk","oroka_(e7zg5)",1087973,33148,"active","2026-08-15T05:49:38.840+08:00","2026-08-15T05:49:38.840+08:00",1087973,"",""
232870,"saddlebilled-stork_(kemono_friends)","saddle-billed_stork_(kemono_friends)",52664,37347,"active","2026-08-15T05:22:05.816+08:00","2026-08-15T05:22:05.816+08:00",52664,"",""
232869,"alaskan_sea_otter_(kemono_friends)","northern_sea_otter_(kemono_friends)",52664,37347,"active","2026-08-15T05:22:00.569+08:00","2026-08-15T05:22:00.569+08:00",52664,"",""
232868,"new_guinea_highland_wild_dog_(kemono_friends)","new_guinea_singing_dog_(kemono_friends)",52664,37347,"active","2026-08-15T05:21:56.699+08:00","2026-08-15T05:21:56.699+08:00",52664,"",""
232867,"spot-billed_duck_(old_design)_(kemono_friends)","eastern_spot-billed_duck_(old_design)_(kemono_friends)",52664,37347,"active","2026-08-15T05:21:50.576+08:00","2026-08-15T05:21:50.576+08:00",52664,"",""
232866,"spot-billed_duck_(kemono_friends)","eastern_spot-billed_duck_(kemono_friends)",52664,37347,"active","2026-08-15T05:21:40.692+08:00","2026-08-15T05:21:40.692+08:00",52664,"",""
232858,"ultimate_bracelet_(ultraman_zero)","ultra_zero_bracelet",52664,28186,"active","2026-08-15T05:17:50.712+08:00","2026-08-15T05:17:50.712+08:00",52664,"",""
232856,"magical_marine_pixel_maritan","mahou_no_kaiheitai_pixel_maritan",52664,37406,"active","2026-08-15T05:02:51.840+08:00","2026-08-15T05:02:51.840+08:00",52664,"",""
232854,"boxtie","box_tie",52664,37414,"active","2026-08-15T04:45:20.956+08:00","2026-08-15T04:45:20.956+08:00",52664,"",""
232850,"dogmatika_fleurdelis_the_thunderous","dogmatika_fleurdelis_the_thunderbolt",52664,20444,"active","2026-08-15T04:39:25.553+08:00","2026-08-15T04:39:25.553+08:00",52664,"",""
232848,"mary_stuart","mary_stuart_(kyoukaisenjou_no_horizon)",52664,37407,"deleted","2026-08-15T04:36:31.929+08:00","2026-08-15T04:36:47.009+08:00",52664,"",""
232846,"ultimate_zero","ultimate_aegis",52664,28186,"active","2026-08-15T04:33:19.578+08:00","2026-08-15T04:33:19.578+08:00",52664,"",""
232844,"rhino_tail","rhinoceros_tail",52664,37409,"active","2026-08-15T04:23:32.963+08:00","2026-08-15T04:23:32.963+08:00",52664,"",""
232843,"rhino_ears","rhinoceros_ears",52664,37409,"active","2026-08-15T04:23:29.965+08:00","2026-08-15T04:23:29.965+08:00",52664,"",""
232840,"gambit","gambit_(x-men)",52664,37301,"deleted","2026-08-15T04:17:18.261+08:00","2026-08-15T04:17:45.118+08:00",52664,"",""
232838,"luobote","luobote2",1538132,33148,"active","2026-08-15T04:07:49.997+08:00","2026-08-15T04:07:49.997+08:00",1538132,"",""
232834,"xxsgtcampbell","shanecampbell94",1368569,33148,"active","2026-08-15T01:49:51.794+08:00","2026-08-15T01:49:51.794+08:00",1368569,"",""
232830,"gardenofthe5un","pleasebemine00",1368569,7713,"active","2026-08-15T01:42:03.734+08:00","2026-08-15T01:42:03.734+08:00",1368569,"",""
232828,"transparent_(randomhs)","torutan_777",1368569,7713,"active","2026-08-15T01:36:55.157+08:00","2026-08-15T01:36:55.157+08:00",1368569,"",""
232809,"sagi_(sagi_0116)","sagi_0116",1130070,33148,"active","2026-08-14T20:07:35.612+08:00","2026-08-14T20:07:35.612+08:00",1130070,"",""
232805,"2na_(blue2na)","2na",1130070,33148,"active","2026-08-14T20:07:05.349+08:00","2026-08-14T20:07:05.349+08:00",1130070,"",""
232801,"yasu_(ssk444)","kv0vr",1307628,33148,"active","2026-08-14T20:05:16.717+08:00","2026-08-14T20:05:16.717+08:00",1307628,"",""
232797,"rena_(rena_emc2)","rena31415926",1130070,33148,"active","2026-08-14T19:57:57.707+08:00","2026-08-14T19:57:57.707+08:00",1130070,"",""
232791,"che6e","x8n2h",1182530,33148,"active","2026-08-14T19:08:56.827+08:00","2026-08-14T19:08:56.827+08:00",1182530,"",""
232787,"pepperoniraviol","pepperoni_ravioli",781002,33148,"active","2026-08-14T19:01:44.822+08:00","2026-08-14T19:01:44.822+08:00",781002,"",""
232783,"epg","discident_art",781002,33148,"active","2026-08-14T18:11:33.699+08:00","2026-08-14T18:11:33.699+08:00",781002,"",""
232779,"yune_shanyi","shanyi",433258,33148,"active","2026-08-14T17:55:53.197+08:00","2026-08-14T17:55:53.197+08:00",433258,"",""
232775,"takojiru","nashikajyu",1151956,33148,"active","2026-08-14T16:54:24.600+08:00","2026-08-14T16:54:24.600+08:00",1151956,"",""
232769,"suberi_gei","wolf_ggwin",454016,33148,"active","2026-08-14T14:35:10.972+08:00","2026-08-14T14:35:10.972+08:00",454016,"",""
232765,"minatism0707","wanju",1288648,33148,"active","2026-08-14T14:11:53.065+08:00","2026-08-14T14:11:53.065+08:00",1288648,"",""
232761,"okazu_umauma","okazu-umauma",724826,33148,"active","2026-08-14T12:30:27.674+08:00","2026-08-14T12:30:27.674+08:00",724826,"",""
232757,"suika_hozuki","suika_suigetsu",454016,33148,"active","2026-08-14T11:32:00.400+08:00","2026-08-14T11:32:00.400+08:00",454016,"",""
232753,"gagameiyo","wanju",1288648,33148,"active","2026-08-14T11:04:44.649+08:00","2026-08-14T11:04:44.649+08:00",1288648,"",""
232739,"abus55764787","hazuki-a",1053497,33148,"active","2026-08-14T07:30:38.812+08:00","2026-08-14T07:30:38.812+08:00",1053497,"",""
232729,"aaegat","subaritsuku",1087973,33148,"active","2026-08-14T06:20:01.186+08:00","2026-08-14T06:20:01.186+08:00",1087973,"",""
232725,"vbasiliskv","subaritsuku",1087973,33148,"active","2026-08-14T06:02:31.844+08:00","2026-08-14T06:02:31.844+08:00",1087973,"",""
232719,"ukag_zzz","yuukagu",1182530,33148,"active","2026-08-14T04:28:20.625+08:00","2026-08-14T04:28:20.625+08:00",1182530,"",""
232715,"xu_fu_(fgo_fes._2026)_(fate)","xu_fu_(academy_outfit)_(fate)",52664,26405,"active","2026-08-14T01:53:00.581+08:00","2026-08-14T01:53:00.581+08:00",52664,"",""
232714,"waver_velvet_(fgo_fes._2026)","waver_velvet_(academy_outfit)",52664,26405,"active","2026-08-14T01:52:58.146+08:00","2026-08-14T01:52:58.146+08:00",52664,"",""
232713,"van_gogh_(fgo_fes._2026)_(fate)","van_gogh_(academy_outfit)_(fate)",52664,26405,"active","2026-08-14T01:52:55.598+08:00","2026-08-14T01:52:55.598+08:00",52664,"",""
232712,"typhon_epsilon_(fgo_fes._2026)_(fate)","typhon_epsilon_(academy_outfit)_(fate)",52664,26405,"active","2026-08-14T01:52:51.680+08:00","2026-08-14T01:52:51.680+08:00",52664,"",""
232711,"typhon_ephemeros_(fgo_fes._2026)_(fate)","typhon_ephemeros_(academy_outfit)_(fate)",52664,26405,"active","2026-08-14T01:52:47.132+08:00","2026-08-14T01:52:47.132+08:00",52664,"",""
232710,"tutankhamun_(fgo_fes._2026)_(fate)","tutankhamun_(academy_outfit)_(fate)",52664,26405,"active","2026-08-14T01:52:44.535+08:00","2026-08-14T01:52:44.535+08:00",52664,"",""
232709,"toudou_heisuke_(fgo_fes._2026)_(fate)","toudou_heisuke_(academy_outfit)_(fate)",52664,26405,"active","2026-08-14T01:52:41.792+08:00","2026-08-14T01:52:41.792+08:00",52664,"",""
232708,"the_count_of_monte_cristo_(fgo_fes._2026)_(fate)","the_count_of_monte_cristo_(academy_outfit)_(fate)",52664,26405,"active","2026-08-14T01:52:39.237+08:00","2026-08-14T01:52:39.237+08:00",52664,"",""
232707,"tenochtitlan_(fgo_fes._2026)_(fate)","tenochtitlan_(academy_outfit)_(fate)",52664,26405,"active","2026-08-14T01:52:32.834+08:00","2026-08-14T01:52:32.834+08:00",52664,"",""
232706,"takasugi_shinsaku_(fgo_fes._2026)_(fate)","takasugi_shinsaku_(academy_outfit)_(fate)",52664,26405,"active","2026-08-14T01:52:29.857+08:00","2026-08-14T01:52:29.857+08:00",52664,"",""
232705,"shuten_douji_(fgo_fes._2026)_(fate)","shuten_douji_(academy_outfit)_(fate)",52664,26405,"active","2026-08-14T01:52:27.109+08:00","2026-08-14T01:52:27.109+08:00",52664,"",""
232704,"sei_shounagon_(fgo_fes._2026)_(fate)","sei_shounagon_(academy_outfit)_(fate)",52664,26405,"active","2026-08-14T01:52:24.144+08:00","2026-08-14T01:52:24.144+08:00",52664,"",""
232703,"saber_alter_(fgo_fes._2026)","saber_alter_(academy_outfit)",52664,26405,"active","2026-08-14T01:52:21.439+08:00","2026-08-14T01:52:21.439+08:00",52664,"",""
232702,"nero_claudius_(fgo_fes._2026)_(fate)","nero_claudius_(academy_outfit)_(fate)",52664,26405,"active","2026-08-14T01:52:15.648+08:00","2026-08-14T01:52:15.648+08:00",52664,"",""
232701,"miyamoto_musashi_(fgo_fes._2026)_(fate)","miyamoto_musashi_(academy_outfit)_(fate)",52664,26405,"active","2026-08-14T01:52:01.484+08:00","2026-08-14T01:52:01.484+08:00",52664,"",""
232700,"miyamoto_iori_(fgo_fes._2026)_(fate)","miyamoto_iori_(academy_outfit)_(fate)",52664,26405,"active","2026-08-14T01:51:58.813+08:00","2026-08-14T01:51:58.813+08:00",52664,"",""
232699,"azrael_(second_ascension)_(fate)","azrael_(fate)",52664,26405,"active","2026-08-14T01:51:56.398+08:00","2026-08-14T01:51:56.398+08:00",52664,"",""
232697,"merlin_(fgo_fes._2026)_(fate/prototype)","merlin_(academy_outfit)_(fate/prototype)",52664,26405,"active","2026-08-14T01:51:54.240+08:00","2026-08-14T01:51:54.240+08:00",52664,"",""
232696,"melusine_(fgo_fes._2026)_(fate)","melusine_(academy_outfit)_(fate)",52664,26405,"active","2026-08-14T01:51:51.310+08:00","2026-08-14T01:51:51.310+08:00",52664,"",""
232695,"mash_kyrielight_(fgo_fes._2026)","mash_kyrielight_(academy_outfit)",52664,26405,"active","2026-08-14T01:51:47.040+08:00","2026-08-14T01:51:47.040+08:00",52664,"",""
232694,"louhi_(fgo_fes._2026)_(fate)","louhi_(academy_outfit)_(fate)",52664,26405,"active","2026-08-14T01:51:44.681+08:00","2026-08-14T01:51:44.681+08:00",52664,"",""
232693,"kama_(fgo_fes._2026)_(fate)","kama_(academy_outfit)_(fate)",52664,26405,"active","2026-08-14T01:51:41.961+08:00","2026-08-14T01:51:41.961+08:00",52664,"",""
232692,"jeunesse_crane_(fgo_fes._2026)_(fate)","jeunesse_crane_(academy_outfit)_(fate)",52664,26405,"active","2026-08-14T01:51:39.320+08:00","2026-08-14T01:51:39.320+08:00",52664,"",""
232691,"james_moriarty_(fgo_fes._2026)_(fate)","james_moriarty_(academy_outfit)_(fate)",52664,26405,"active","2026-08-14T01:51:37.007+08:00","2026-08-14T01:51:37.007+08:00",52664,"",""
232690,"jacques_de_molay_(fgo_fes._2026)_(fate)","jacques_de_molay_(academy_outfit)_(fate)",52664,26405,"active","2026-08-14T01:51:34.791+08:00","2026-08-14T01:51:34.791+08:00",52664,"",""
232689,"illyasviel_von_einzbern_(fgo_fes._2026)","illyasviel_von_einzbern_(academy_outfit)",52664,26405,"active","2026-08-14T01:51:30.232+08:00","2026-08-14T01:51:30.232+08:00",52664,"",""
232688,"harada_sanosuke_(fgo_fes._2026)_(fate)","harada_sanosuke_(academy_outfit)_(fate)",52664,26405,"active","2026-08-14T01:51:27.495+08:00","2026-08-14T01:51:27.495+08:00",52664,"",""
232687,"gilgamesh_(fgo_fes._2026)_(fate)","gilgamesh_(academy_outfit)_(fate)",52664,26405,"active","2026-08-14T01:51:20.290+08:00","2026-08-14T01:51:20.290+08:00",52664,"",""
232686,"edward_teach_(fgo_fes._2026)_(fate)","edward_teach_(academy_outfit)_(fate)",52664,26405,"active","2026-08-14T01:51:17.767+08:00","2026-08-14T01:51:17.767+08:00",52664,"",""
232685,"demeter_(fgo_fes._2026)_(fate)","demeter_(academy_outfit)_(fate)",52664,26405,"active","2026-08-14T01:51:15.620+08:00","2026-08-14T01:51:15.620+08:00",52664,"",""
232684,"cu_chulainn_(caster)_(fgo_fes._2026)_(fate)","cu_chulainn_(academy_outfit)_(fate)",52664,26405,"active","2026-08-14T01:51:12.162+08:00","2026-08-14T01:51:12.162+08:00",52664,"",""
232683,"caren_hortensia_(fgo_fes._2026)","caren_hortensia_(academy_outfit)",52664,26405,"active","2026-08-14T01:51:08.284+08:00","2026-08-14T01:51:08.284+08:00",52664,"",""
232682,"britomart_(fgo_fes._2026)_(fate)","britomart_(academy_outfit)_(fate)",52664,26405,"active","2026-08-14T01:51:00.939+08:00","2026-08-14T01:51:00.939+08:00",52664,"",""
232681,"arthur_pendragon_(fgo_fes._2026)_(fate)","arthur_pendragon_(academy_outfit)_(fate)",52664,26405,"active","2026-08-14T01:50:41.514+08:00","2026-08-14T01:50:41.514+08:00",52664,"",""
232680,"alexander_(fgo_fes._2026)_(fate)","alexander_(academy_outfit)_(fate)",52664,26405,"active","2026-08-14T01:50:37.351+08:00","2026-08-14T01:50:37.351+08:00",52664,"",""
232645,"fujimaru_ritsuka_(male)_(fgo_fes._2026)","fujimaru_ritsuka_(male)_(chaldea_academy_school_uniform)",52664,26405,"active","2026-08-14T01:49:50.078+08:00","2026-08-14T01:49:50.078+08:00",52664,"",""
232644,"fujimaru_ritsuka_(female)_(fgo_fes._2026)","fujimaru_ritsuka_(female)_(chaldea_academy_school_uniform)",52664,26405,"active","2026-08-14T01:49:45.065+08:00","2026-08-14T01:49:45.065+08:00",52664,"",""
232641,"xochitonal_(fate)","kingprotea_alter_(fate)",52664,26405,"active","2026-08-14T01:47:05.437+08:00","2026-08-14T01:47:05.437+08:00",52664,"",""
232633,"fuku_(fuku12290574)","fuku_(fuku_1028)",52664,37392,"active","2026-08-14T01:08:52.107+08:00","2026-08-14T01:08:52.107+08:00",52664,"",""
232631,"serafina_(auroralivevr)","serafina_(vtuber)",52664,22844,"active","2026-08-14T01:07:14.121+08:00","2026-08-14T01:07:14.121+08:00",52664,"",""
232629,"saint_martha_(fate)","martha_(fate)",52664,34041,"active","2026-08-14T00:58:45.212+08:00","2026-08-14T00:58:45.212+08:00",52664,"",""
232627,"nero_claudius_(real_life)","nero_claudius_caesar_augustus_germanicus",52664,34041,"active","2026-08-14T00:55:59.908+08:00","2026-08-14T00:55:59.908+08:00",52664,"",""
232625,"glglmop","guruguru_mobbu",1182530,33148,"active","2026-08-14T00:44:17.824+08:00","2026-08-14T00:44:17.824+08:00",1182530,"",""
232621,"borderlands_the_presequel","borderlands:_the_pre-sequel",52664,37393,"active","2026-08-14T00:41:32.741+08:00","2026-08-14T00:41:32.741+08:00",52664,"",""
232619,"kanjianqian","qianxiaxiale",932445,33148,"active","2026-08-14T00:35:20.027+08:00","2026-08-14T00:35:20.027+08:00",932445,"",""
232615,"bletillashitan","fakura",1234382,7713,"active","2026-08-13T23:56:52.676+08:00","2026-08-13T23:56:52.676+08:00",1234382,"",""
232611,"cait","sashi.mi",433258,33148,"active","2026-08-13T23:47:55.096+08:00","2026-08-13T23:47:55.096+08:00",433258,"",""
232607,"iv_(gwps8853)","hotaru_(pixiv_125125899)",103979,33148,"active","2026-08-13T23:46:57.855+08:00","2026-08-13T23:46:57.855+08:00",103979,"",""
232602,"kinniku_cutie","zaco_(zacocom)",433258,33148,"active","2026-08-13T23:45:06.075+08:00","2026-08-13T23:45:06.075+08:00",433258,"",""
232596,"xxiv_gq","ri-ya",103979,33148,"active","2026-08-13T23:24:56.769+08:00","2026-08-13T23:24:56.769+08:00",103979,"",""
232592,"75g7oo7krmu827j","kinako_(75g7oo7krmu827j)",1368569,33148,"active","2026-08-13T22:43:23.382+08:00","2026-08-13T22:43:23.382+08:00",1368569,"",""
232588,"user_wmfe4578","sinfulplague",1368569,33148,"active","2026-08-13T22:34:32.255+08:00","2026-08-13T22:34:32.255+08:00",1368569,"",""
232582,"user_gxmc5274","uaf50",1368569,33148,"active","2026-08-13T22:29:55.417+08:00","2026-08-13T22:29:55.417+08:00",1368569,"",""
232576,"nya8392216","lanxing_pa",556219,33148,"active","2026-08-13T14:04:38.338+08:00","2026-08-13T14:04:38.338+08:00",556219,"",""
232572,"luis_figueiredo","inkartluis",1084933,7713,"active","2026-08-13T13:47:41.621+08:00","2026-08-13T13:47:41.621+08:00",1084933,"",""
232564,"yato1923","yato_(alphonse59)",556219,7713,"active","2026-08-13T10:36:23.586+08:00","2026-08-13T10:36:23.586+08:00",556219,"",""
232552,"lifeline_(a384079959)","lifeline_(sinc_emarch)",1368569,33148,"active","2026-08-13T06:54:10.883+08:00","2026-08-13T06:54:10.883+08:00",1368569,"",""
232547,"ansdeveur","noctamblue",1524782,33148,"active","2026-08-13T06:37:29.653+08:00","2026-08-13T06:37:29.653+08:00",1524782,"",""
232520,"kevintowerwam","kevin_tower",1123578,33148,"active","2026-08-13T06:01:28.140+08:00","2026-08-13T06:01:28.140+08:00",1123578,"",""
232512,"honoka3049","siraitokiko",52664,7713,"active","2026-08-13T03:20:28.675+08:00","2026-08-13T03:20:28.675+08:00",52664,"",""
232510,"yvette_(yvette's_personal_clothing)_(strinova)","yvette_(teddy_dough)_(strinova)",52664,32385,"active","2026-08-13T03:03:11.168+08:00","2026-08-13T03:03:11.168+08:00",52664,"",""
232508,"fairy_tail_wickat","fairy_tail_wiccat",52664,20444,"active","2026-08-13T03:01:17.462+08:00","2026-08-13T03:01:17.462+08:00",52664,"",""
232507,"wake_cup!_eri","wake_cup!_earl",52664,20444,"active","2026-08-13T03:01:14.478+08:00","2026-08-13T03:01:14.478+08:00",52664,"",""
232506,"sky_striker_ace_-_zero","sky_striker_ace_=_zero",52664,20444,"active","2026-08-13T03:01:08.393+08:00","2026-08-13T03:01:08.393+08:00",52664,"",""
232505,"bull_horn_(gear_senshi_dendou)","bull_horn_(dendoh)",52664,37378,"active","2026-08-13T03:01:06.768+08:00","2026-08-13T03:01:06.768+08:00",52664,"",""
232504,"draselea_the_blood_tree_dragon_princess","princess_dracaena_the_thirsting_tree",52664,20444,"active","2026-08-13T03:01:05.394+08:00","2026-08-13T03:01:05.394+08:00",52664,"",""
232503,"dendou","dendoh",52664,37378,"active","2026-08-13T03:01:03.484+08:00","2026-08-13T03:01:03.484+08:00",52664,"",""
232502,"clown_clan_flare","clown_crew_flair",52664,20444,"active","2026-08-13T03:00:55.647+08:00","2026-08-13T03:00:55.647+08:00",52664,"",""
232501,"clown_clan_drish","clown_crew_dristy",52664,20444,"active","2026-08-13T03:00:53.128+08:00","2026-08-13T03:00:53.128+08:00",52664,"",""
232500,"gear_senshi_dendou","gear_fighter_dendoh",52664,37378,"active","2026-08-13T03:00:51.248+08:00","2026-08-13T03:00:51.248+08:00",52664,"",""
232496,"sheena_twin_tempests_of_celestial_thunder","shiina_twin_tempests_of_celestial_thunder",52664,20444,"active","2026-08-13T03:00:49.938+08:00","2026-08-13T03:00:49.938+08:00",52664,"",""
232495,"zenna-no-tsuinagihime","zenna's_deceiving_doll_maidens",52664,20444,"active","2026-08-13T03:00:41.895+08:00","2026-08-13T03:00:41.895+08:00",52664,"",""
232494,"kewl_tune_back_2_back","kewl_tune_b2b",52664,20444,"active","2026-08-13T03:00:38.414+08:00","2026-08-13T03:00:38.414+08:00",52664,"",""
232493,"virakam_the_artificial_spirit","virakam_the_divine_spirit_of_artifice",52664,20444,"active","2026-08-13T03:00:36.298+08:00","2026-08-13T03:00:36.298+08:00",52664,"",""
232479,"dangaiou","dangaioh",52664,37374,"active","2026-08-13T02:49:39.581+08:00","2026-08-13T02:49:39.581+08:00",52664,"",""
232477,"choukou_senki_kikaiou","choukou_senki_kikaioh",52664,37374,"active","2026-08-13T02:48:33.926+08:00","2026-08-13T02:48:33.926+08:00",52664,"",""
232463,"african_elephant_(kemono_friends)","african_bush_elephant_(kemono_friends)",52664,37347,"active","2026-08-13T02:45:57.235+08:00","2026-08-13T02:45:57.235+08:00",52664,"",""
232456,"male_detective_(silver_palace)","hugin_(silver_palace)",52664,37376,"active","2026-08-13T02:45:19.714+08:00","2026-08-13T02:45:19.714+08:00",52664,"",""
232455,"female_detective_(silver_palace)","munin_(silver_palace)",52664,37376,"active","2026-08-13T02:45:04.128+08:00","2026-08-13T02:45:04.128+08:00",52664,"",""
232452,"virche_evermore","shuuen_no_virche",52664,16840,"active","2026-08-13T02:44:39.310+08:00","2026-08-13T02:44:39.310+08:00",52664,"",""
232451,"my_horse_prince","uma_no_prince-sama",52664,16840,"active","2026-08-13T02:44:36.749+08:00","2026-08-13T02:44:36.749+08:00",52664,"",""
232448,"psychic_squad","zettai_karen_children",52664,16840,"active","2026-08-13T02:44:33.310+08:00","2026-08-13T02:44:33.310+08:00",52664,"",""
232446,"occult_academy","seikimatsu_occult_gakuin",52664,16840,"active","2026-08-13T02:44:29.756+08:00","2026-08-13T02:44:29.756+08:00",52664,"",""
232444,"orb:_on_the_movements_of_the_earth","chi.:_chikyuu_no_undou_ni_tsuite",52664,16840,"active","2026-08-13T02:44:25.915+08:00","2026-08-13T02:44:25.915+08:00",52664,"",""
232436,"ludmilacerafoce","camille_fourcade",1070698,33148,"active","2026-08-13T02:16:25.234+08:00","2026-08-13T02:16:25.234+08:00",1070698,"",""
232432,"sren244","peachuu_peachyy",781002,33148,"active","2026-08-12T23:41:32.299+08:00","2026-08-12T23:41:32.299+08:00",781002,"",""
232428,"teru_(blue3737)","teru_(bluecielo)",1238495,33148,"active","2026-08-12T22:37:27.433+08:00","2026-08-12T22:37:27.433+08:00",1238495,"",""
232427,"bluecielo_est","teru_(bluecielo)",1238495,33148,"active","2026-08-12T22:37:25.716+08:00","2026-08-12T22:37:25.716+08:00",1238495,"",""
232422,"quercus_0117","doggie117",904806,33148,"active","2026-08-12T22:36:55.905+08:00","2026-08-12T22:36:55.905+08:00",904806,"",""
232412,"pink-haired_gehenna_student_(blue_archive)","karen_(blue_archive)",508240,21341,"active","2026-08-12T21:01:01.445+08:00","2026-08-12T21:01:01.445+08:00",508240,"",""
232411,"black-haired_gehenna_student_(blue_archive)","shouko_(blue_archive)",508240,21341,"active","2026-08-12T21:00:58.016+08:00","2026-08-12T21:00:58.016+08:00",508240,"",""
232404,"lambda9000","lambda4000",1197087,33148,"active","2026-08-12T19:56:20.476+08:00","2026-08-12T19:56:20.476+08:00",1197087,"",""
232400,"namako172","nishida_yume",1054326,33148,"active","2026-08-12T18:56:25.036+08:00","2026-08-12T18:56:25.036+08:00",1054326,"",""
232396,"kinokooooo","yunopan_chako",1054326,33148,"active","2026-08-12T17:23:23.489+08:00","2026-08-12T17:23:23.489+08:00",1054326,"",""
232392,"youjosaikou","hanjukubeibei",103979,33148,"active","2026-08-12T17:14:41.906+08:00","2026-08-12T17:14:41.906+08:00",103979,"",""
232388,"magnuswalker5","eivor_d_walker",454016,33148,"active","2026-08-12T15:52:58.372+08:00","2026-08-12T15:52:58.372+08:00",454016,"",""
232384,"rwft3bpgzzqk634","mochi_mugi",1087973,33148,"active","2026-08-12T13:48:25.492+08:00","2026-08-12T13:48:25.492+08:00",1087973,"",""
232380,"fangsheng_qi'e_sanhao","ashashio",1087973,33148,"active","2026-08-12T13:17:29.841+08:00","2026-08-12T13:17:29.841+08:00",1087973,"",""
232376,"noro_zt","nogo_(nogo_059)",109167,33148,"active","2026-08-12T13:01:07.259+08:00","2026-08-12T13:01:07.259+08:00",109167,"",""
232364,"chocoeiru","yashikikoi",1087973,7713,"active","2026-08-12T10:38:50.586+08:00","2026-08-12T10:38:50.586+08:00",1087973,"",""
232328,"nikumodoki_120","niku_toufu123",1561614,33148,"active","2026-08-12T08:08:45.799+08:00","2026-08-12T08:08:45.799+08:00",1561614,"",""
232286,"kiiro_no_tobira","garuye",1368569,33148,"active","2026-08-12T07:45:50.236+08:00","2026-08-12T07:45:50.236+08:00",1368569,"",""
232274,"hayatori_25","cloudxmoe",52664,7713,"active","2026-08-12T05:26:20.242+08:00","2026-08-12T05:26:20.242+08:00",52664,"",""
232272,"summerdeltarune","akitsuki_(oenothera)",52664,7713,"active","2026-08-12T05:25:43.215+08:00","2026-08-12T05:25:43.215+08:00",52664,"",""
232270,"male_ryona","reverse_ryona",52664,37367,"active","2026-08-12T05:23:39.118+08:00","2026-08-12T05:23:39.118+08:00",52664,"",""
232268,"yana_neru2209","yananeruu",1374836,33148,"active","2026-08-12T05:11:10.156+08:00","2026-08-12T05:11:10.156+08:00",1374836,"",""
232264,"gorilla_(old_design)_(kemono_friends)","western_lowland_gorilla_(old_design)_(kemono_friends)",52664,37347,"active","2026-08-12T05:01:50.374+08:00","2026-08-12T05:01:50.374+08:00",52664,"",""
232263,"chinchilla_(kemono_friends)","long-tailed_chinchilla_(kemono_friends)",52664,37347,"active","2026-08-12T05:01:39.454+08:00","2026-08-12T05:01:39.454+08:00",52664,"",""
232262,"japanese_otter_(kemono_friends)","japanese_river_otter_(kemono_friends)",52664,37347,"active","2026-08-12T05:01:30.044+08:00","2026-08-12T05:01:30.044+08:00",52664,"",""
232261,"peafowl_(kemono_friends)","indian_peafowl_(kemono_friends)",52664,37347,"active","2026-08-12T05:01:21.828+08:00","2026-08-12T05:01:21.828+08:00",52664,"",""
232260,"golden_tabby_tiger_(kemono_friends)","golden_tiger_(kemono_friends)",52664,37347,"active","2026-08-12T05:01:14.620+08:00","2026-08-12T05:01:14.620+08:00",52664,"",""
232259,"yak_(kemono_friends)","gannan_yak_(kemono_friends)",52664,37347,"active","2026-08-12T05:00:43.239+08:00","2026-08-12T05:00:43.239+08:00",52664,"",""
232258,"cave_lion_(kemono_friends)","european_cave_lion_(kemono_friends)",52664,37347,"active","2026-08-12T05:00:38.334+08:00","2026-08-12T05:00:38.334+08:00",52664,"",""
232257,"alpaca_suri_(kemono_friends)","suri_alpaca_(kemono_friends)",52664,37347,"active","2026-08-12T05:00:31.648+08:00","2026-08-12T05:00:31.648+08:00",52664,"",""
232256,"canadian_lynx_(kemono_friends)","canada_lynx_(kemono_friends)",52664,37347,"active","2026-08-12T05:00:29.868+08:00","2026-08-12T05:00:29.868+08:00",52664,"",""
232255,"baweng_satanic_leaf_gecko_(old_design)_(kemono_friends)","satanic_leaf-tailed_gecko_(old_design)_(kemono_friends)",52664,37347,"active","2026-08-12T05:00:26.874+08:00","2026-08-12T05:00:26.874+08:00",52664,"",""
232254,"rock_hyrax_(kemono_friends)","bush_hyrax_(kemono_friends)",52664,37347,"active","2026-08-12T05:00:24.305+08:00","2026-08-12T05:00:24.305+08:00",52664,"",""
232253,"baweng_satanic_leaf_gecko_(kemono_friends)","satanic_leaf-tailed_gecko_(kemono_friends)",52664,37347,"active","2026-08-12T05:00:17.375+08:00","2026-08-12T05:00:17.375+08:00",52664,"",""
232252,"alpaca_huacaya_(kemono_friends)","huacaya_alpaca_(kemono_friends)",52664,37347,"active","2026-08-12T05:00:06.509+08:00","2026-08-12T05:00:06.509+08:00",52664,"",""
232246,"tiger_(kemono_friends)","bengal_tiger_(kemono_friends)",52664,37347,"active","2026-08-12T05:00:02.470+08:00","2026-08-12T05:00:02.470+08:00",52664,"",""
232236,"gray_thoroughbred_(kemono_friends)","gray_thoroughbred_horse_(kemono_friends)",52664,37347,"active","2026-08-12T04:59:16.671+08:00","2026-08-12T04:59:16.671+08:00",52664,"",""
232234,"kari_kenji","kenji_(suisounobeta)",52664,37301,"active","2026-08-12T04:51:32.123+08:00","2026-08-12T04:51:32.123+08:00",52664,"",""
232232,"j-kisarazu","jkisaradu",490901,33148,"active","2026-08-12T04:48:53.928+08:00","2026-08-12T04:48:53.928+08:00",490901,"",""
232228,"ochi_ody","ochiody",1146403,33148,"active","2026-08-12T04:35:37.091+08:00","2026-08-12T04:35:37.091+08:00",1146403,"",""
232218,"teo_(186_178_)","chacha_(186_178_)",1146403,33148,"active","2026-08-12T04:12:03.074+08:00","2026-08-12T04:15:39.569+08:00",1146403,"",""
232208,"kuangbao_qie_ren","ki26",861955,7713,"active","2026-08-12T03:46:16.280+08:00","2026-08-12T03:46:16.280+08:00",861955,"",""
232204,"fateauthor","rotitops",1303946,33148,"active","2026-08-12T02:51:11.747+08:00","2026-08-12T02:51:11.747+08:00",1303946,"",""
232200,"yamato_(kjz61ubkr367683)","imudegozaimasu",480070,33148,"active","2026-08-12T01:39:51.568+08:00","2026-08-12T01:39:51.568+08:00",480070,"",""
232196,"zhizuo_yuzhou_suo_xu_de_juejing_wu_xu","xinghuangbeijixing",932445,33148,"active","2026-08-12T01:36:27.899+08:00","2026-08-12T01:36:27.899+08:00",932445,"",""
232190,"xiiverio","saodaiyo",433258,33148,"active","2026-08-12T00:50:41.267+08:00","2026-08-12T00:50:41.267+08:00",433258,"",""
232185,"bilibili_52369141","taoxisama",1343385,33148,"active","2026-08-11T21:48:07.300+08:00","2026-08-11T21:48:07.300+08:00",1343385,"",""
232177,"bumi0w0","hanasaki_coa",1424647,33148,"active","2026-08-11T20:14:47.872+08:00","2026-08-11T20:14:47.872+08:00",1424647,"",""
232173,"moro_(pixiv_107749255)","m_oroart",1116324,33148,"active","2026-08-11T20:06:03.455+08:00","2026-08-11T20:06:03.455+08:00",1116324,"",""
232165,"chise6868","chise_(isle)",68250,33148,"active","2026-08-11T18:47:54.328+08:00","2026-08-11T18:47:54.328+08:00",68250,"",""
232164,"mitsubachi82","chiichi_(ichibanchi)",68250,33148,"active","2026-08-11T18:47:51.883+08:00","2026-08-11T18:47:51.883+08:00",68250,"",""
232163,"hntk778","hanatsuka_nanaha",68250,33148,"active","2026-08-11T18:47:49.975+08:00","2026-08-11T18:47:49.975+08:00",68250,"",""
232162,"suzuri_ishi","kurumingu",68250,33148,"active","2026-08-11T18:47:46.855+08:00","2026-08-11T18:47:46.855+08:00",68250,"",""
232161,"dyugina_06","gina_(dyugina_06)",68250,33148,"active","2026-08-11T18:47:45.377+08:00","2026-08-11T18:47:45.377+08:00",68250,"",""
232160,"neru_ika","uki_(uotoradou)",68250,33148,"active","2026-08-11T18:47:38.268+08:00","2026-08-11T18:47:38.268+08:00",68250,"",""
232159,"kamitosayu","kamiyama_(sayumimskz)",68250,33148,"active","2026-08-11T18:47:28.612+08:00","2026-08-11T18:47:28.612+08:00",68250,"",""
232158,"mamemix","mameko_(mamedaifukuya)",68250,33148,"active","2026-08-11T18:47:17.574+08:00","2026-08-11T18:47:17.574+08:00",68250,"",""
232157,"k1tune_k1k1","kiqi_(kiki_kitune)",68250,33148,"active","2026-08-11T18:47:16.347+08:00","2026-08-11T18:47:16.347+08:00",68250,"",""
232156,"poteto_poteto11","nishi_23ku",68250,33148,"active","2026-08-11T18:47:15.090+08:00","2026-08-11T18:47:15.090+08:00",68250,"",""
232155,"zeinikunosekai","omocha_no_heitai",68250,33148,"active","2026-08-11T18:47:12.535+08:00","2026-08-11T18:47:12.535+08:00",68250,"",""
232121,"asakishiosugishiro","araekochab",932445,33148,"active","2026-08-11T18:24:18.473+08:00","2026-08-11T18:24:18.473+08:00",932445,"",""
232117,"wudianduo068","wudian_wuxian_duo",932445,33148,"active","2026-08-11T18:16:38.631+08:00","2026-08-11T18:16:38.631+08:00",932445,"",""
232113,"weibo_7893510258","shenlan_shan_die_huan_yi",1146403,33148,"active","2026-08-11T17:55:49.290+08:00","2026-08-11T17:55:49.290+08:00",1146403,"",""
232112,"xinjinjumin8578221","shenlan_shan_die_huan_yi",1146403,33148,"active","2026-08-11T17:55:47.491+08:00","2026-08-11T17:55:49.451+08:00",1146403,"",""
232105,"kasasabinet","kasasabi_(fixakaraka)",433258,33148,"active","2026-08-11T16:50:04.412+08:00","2026-08-11T16:50:04.412+08:00",433258,"",""
232101,"ovxyw","honjou_exe",718515,33148,"active","2026-08-11T16:31:07.386+08:00","2026-08-11T16:31:07.386+08:00",718515,"",""
232097,"gao_wu","continue_gaowu",759947,33148,"active","2026-08-11T15:25:16.273+08:00","2026-08-11T15:25:16.273+08:00",759947,"",""
232088,"wuya891877","haruud0879",528900,7713,"active","2026-08-11T12:01:23.661+08:00","2026-08-11T12:01:23.661+08:00",528900,"",""
232086,"user_mpyw7844","lucia_fanxing",528900,7713,"active","2026-08-11T12:01:16.472+08:00","2026-08-11T12:01:16.472+08:00",528900,"",""
232084,"holeun","hohuragi",528900,7713,"active","2026-08-11T11:58:23.887+08:00","2026-08-11T11:58:23.887+08:00",528900,"",""
232050,"envar","envar_studio",908237,33148,"active","2026-08-11T08:28:59.301+08:00","2026-08-11T08:28:59.301+08:00",908237,"",""
232040,"1115takuan","takuanoisi",1352409,33148,"active","2026-08-11T06:04:40.984+08:00","2026-08-11T06:04:40.984+08:00",1352409,"",""
232036,"umum5353","takuanoisi",1352409,33148,"active","2026-08-11T06:02:59.401+08:00","2026-08-11T06:02:59.401+08:00",1352409,"",""
232032,"ashiyaart","ashiya_kisa",1070698,33148,"active","2026-08-11T05:40:41.787+08:00","2026-08-11T05:40:41.787+08:00",1070698,"",""
232028,"v_a_l_v_e","valve_core",1035810,33148,"active","2026-08-11T04:29:32.089+08:00","2026-08-11T04:29:32.089+08:00",1035810,"",""
232022,"geara_zulu_ellic_hugo_custom","geara_zulu_(ellic_hugo_use)",52664,26989,"active","2026-08-11T03:58:12.540+08:00","2026-08-11T03:58:12.540+08:00",52664,"",""
232020,"finger_framing","finger_frame",52664,37333,"active","2026-08-11T03:50:19.521+08:00","2026-08-11T03:50:19.521+08:00",52664,"",""
232018,"glowing_whip","energy_whip",52664,37337,"active","2026-08-11T03:34:56.525+08:00","2026-08-11T03:34:56.525+08:00",52664,"",""
232016,"pipkin_pippa_(knight)","pipkin_pippa_(wippa)",52664,23520,"active","2026-08-11T03:32:02.470+08:00","2026-08-11T03:32:02.470+08:00",52664,"",""
232015,"pipkin_pippa_(4th_costume)","pipkin_pippa_(wippa)",52664,23520,"active","2026-08-11T03:31:58.739+08:00","2026-08-11T03:31:58.739+08:00",52664,"",""
232012,"civilight_eterna","civilight_eterna_(arknights)",52664,19647,"deleted","2026-08-11T02:41:14.470+08:00","2026-08-11T02:41:46.035+08:00",52664,"",""
232010,"bringer_(zenless_zone_zero)","justin_bringer",52664,30085,"active","2026-08-11T02:33:29.981+08:00","2026-08-11T02:33:29.981+08:00",52664,"",""
232008,"mammoth_(kemono_friends)","woolly_mammoth_(kemono_friends)",52664,37347,"active","2026-08-11T02:24:04.077+08:00","2026-08-11T02:24:04.077+08:00",52664,"",""
232007,"white_thoroughbred_(kemono_friends)","white_horse_(kemono_friends)",52664,37347,"active","2026-08-11T02:23:46.449+08:00","2026-08-11T02:23:46.449+08:00",52664,"",""
232004,"rockhopper_penguin_(kemono_friends)","southern_rockhopper_penguin_(kemono_friends)",52664,37347,"active","2026-08-11T02:22:20.065+08:00","2026-08-11T02:22:20.065+08:00",52664,"",""
232003,"brown_thoroughbred_(kemono_friends)","seal_brown_horse_(kemono_friends)",52664,37347,"active","2026-08-11T02:21:40.568+08:00","2026-08-11T02:21:40.568+08:00",52664,"",""
232002,"pale-throated_three-toed_sloth_(kemono_friends)","pale-throated_sloth_(kemono_friends)",52664,37347,"active","2026-08-11T02:21:36.029+08:00","2026-08-11T02:21:36.029+08:00",52664,"",""
232001,"hilgendorf's_tube-nose_bat_(kemono_friends)","hilgendorf's_tube-nosed_bat_(kemono_friends)",52664,37347,"active","2026-08-11T02:21:24.784+08:00","2026-08-11T02:21:24.784+08:00",52664,"",""
232000,"chestnut_thoroughbred_(kemono_friends)","chestnut_horse_(kemono_friends)",52664,37347,"active","2026-08-11T02:21:11.601+08:00","2026-08-11T02:21:11.601+08:00",52664,"",""
231999,"mexico_salamander_(kemono_friends)","axolotl_(kemono_friends)",52664,37347,"active","2026-08-11T02:20:58.420+08:00","2026-08-11T02:20:58.420+08:00",52664,"",""
231994,"small-clawed_otter_(kemono_friends)","asian_small-clawed_otter_(kemono_friends)",52664,37347,"active","2026-08-11T02:19:46.493+08:00","2026-08-11T02:19:46.493+08:00",52664,"",""
231984,"365_days_to_the_wedding","kekkon_suru_tte_hontou_desu_ka",52664,16840,"active","2026-08-11T02:08:08.579+08:00","2026-08-11T02:08:08.579+08:00",52664,"",""
231982,"judith_neutron","judy_neutron",52664,37346,"active","2026-08-11T01:41:26.155+08:00","2026-08-11T01:41:26.155+08:00",52664,"",""
231980,"elegy_0303","wanxiaoge",861955,7713,"active","2026-08-11T01:37:04.312+08:00","2026-08-11T01:37:04.312+08:00",861955,"",""
231972,"makotosub1101","kudou_makoto",1316376,33148,"active","2026-08-10T23:32:59.910+08:00","2026-08-10T23:32:59.910+08:00",1316376,"",""
231968,"load18111126","saftyload7",861955,33148,"active","2026-08-10T23:03:29.982+08:00","2026-08-10T23:03:29.982+08:00",861955,"",""
231966,"harumakigohlove","ai_chi_chunjuan_fan",932445,33148,"active","2026-08-10T22:47:36.202+08:00","2026-08-10T22:47:36.202+08:00",932445,"",""
231962,"ssssir_lo","nogi_lace",1316376,33148,"active","2026-08-10T22:11:12.829+08:00","2026-08-10T22:11:12.829+08:00",1316376,"",""
231958,"saya001","kasumi_(k_kazumi76)",1054326,33148,"active","2026-08-10T22:09:59.638+08:00","2026-08-10T22:09:59.638+08:00",1054326,"",""
231954,"mhmaomaoto","ying_miao",1054326,7713,"active","2026-08-10T21:26:09.177+08:00","2026-08-10T21:26:09.177+08:00",1054326,"",""
231950,"khloeee_1031","kannazukii",1449841,33148,"active","2026-08-10T20:47:37.844+08:00","2026-08-10T20:47:37.844+08:00",1449841,"",""
231946,"wtvr_ccc","al_7xyz",718515,33148,"active","2026-08-10T19:52:21.663+08:00","2026-08-10T19:52:21.663+08:00",718515,"",""
231942,"5nq_zs1","arichi_(ariarikiwami)",474329,7713,"active","2026-08-10T18:50:44.740+08:00","2026-08-10T18:50:44.740+08:00",474329,"",""
231936,"yue_lai_yue_wuliao_zhuansheng_chengwei_wodi","regenerate0330",1316376,33148,"active","2026-08-10T16:46:15.423+08:00","2026-08-10T16:46:15.423+08:00",1316376,"",""
231935,"regenerate57707","regenerate0330",1316376,33148,"active","2026-08-10T16:46:13.231+08:00","2026-08-10T16:46:13.231+08:00",1316376,"",""
231917,"cloudfoxshira","yu_zuo_jian_lian_jie",1343385,33148,"active","2026-08-10T14:17:26.294+08:00","2026-08-10T14:17:26.294+08:00",1343385,"",""
231892,"seele_o3o","xilin",1146403,33148,"active","2026-08-10T11:23:56.679+08:00","2026-08-10T11:23:56.679+08:00",1146403,"",""
231886,"nalyo1","ivi-x",1146403,33148,"active","2026-08-10T11:01:13.068+08:00","2026-08-10T11:01:13.068+08:00",1146403,"",""
231882,"sifrzy","79nusr",1182530,33148,"active","2026-08-10T10:40:02.658+08:00","2026-08-10T10:40:02.658+08:00",1182530,"",""
231858,"aomizusan33","jyuunankyuu",1538132,33148,"active","2026-08-10T07:49:43.193+08:00","2026-08-10T07:49:43.193+08:00",1538132,"",""
231854,"xinjinjumin268235574659","325_maka_baka",1524782,33148,"active","2026-08-10T06:15:26.035+08:00","2026-08-10T06:15:26.035+08:00",1524782,"",""
231853,"xinjinjumin599630364259","zhengchang_ren",1524782,33148,"active","2026-08-10T06:15:24.234+08:00","2026-08-10T06:15:24.234+08:00",1524782,"",""
231852,"xinjinjumin239481433972","huahua_lu_maoyi",1524782,33148,"active","2026-08-10T06:15:22.781+08:00","2026-08-10T06:15:22.781+08:00",1524782,"",""
231851,"xinjinjumin6388745","niness",1524782,33148,"active","2026-08-10T06:15:21.355+08:00","2026-08-10T06:15:21.355+08:00",1524782,"",""
231850,"xinjinjumin634378499782","laz_(lofter_2023555668)",1524782,33148,"active","2026-08-10T06:15:19.568+08:00","2026-08-10T06:15:19.568+08:00",1524782,"",""
231834,"susanoo_(gundam)","susanowo_(gundam)",52664,26989,"active","2026-08-10T06:07:04.808+08:00","2026-09-08T06:58:17.209+08:00",52664,"",""
231832,"ive_(9fd7cjed8q89150)","tsukumotwins619",518683,33148,"active","2026-08-10T06:02:20.589+08:00","2026-08-10T06:02:20.589+08:00",518683,"",""
231828,"cosette_(swimsuit)_(stella_sora)","cosette_(a_taste_of_summer_all_to_herself)_(stella_sora)",52664,37314,"active","2026-08-10T05:55:34.007+08:00","2026-08-10T05:55:34.007+08:00",52664,"",""
231826,"cold_compress","cold_pack",52664,37321,"active","2026-08-10T05:44:10.771+08:00","2026-08-10T05:44:10.771+08:00",52664,"",""
231824,"tokoyo:_the_tower_of_perpetuity","tokoyo_no_tou",52664,16840,"active","2026-08-10T05:12:58.502+08:00","2026-08-10T05:12:58.502+08:00",52664,"",""
231823,"tokoyo_tower_of_perpetuity","tokoyo_no_tou",52664,16840,"active","2026-08-10T05:12:55.807+08:00","2026-08-10T05:12:55.807+08:00",52664,"",""
231820,"penis_drawing","penis_doodle",52664,37318,"active","2026-08-10T04:56:06.254+08:00","2026-08-10T04:56:06.254+08:00",52664,"",""
231818,"french_gendarmerie","gendarmerie_nationale",52664,37320,"active","2026-08-10T04:55:17.311+08:00","2026-08-10T04:55:17.311+08:00",52664,"",""
231817,"french_national_police","police_nationale",52664,37320,"active","2026-08-10T04:55:15.694+08:00","2026-08-10T04:55:15.694+08:00",52664,"",""
231814,"belgian_police","federale_politie",52664,37320,"active","2026-08-10T04:54:48.864+08:00","2026-08-10T04:54:48.864+08:00",52664,"",""
231813,"german_police","bundespolizei",52664,37320,"active","2026-08-10T04:54:47.124+08:00","2026-08-10T04:54:47.124+08:00",52664,"",""
231812,"italian_police","polizia_di_stato",52664,37320,"active","2026-08-10T04:54:45.535+08:00","2026-08-10T04:54:45.535+08:00",52664,"",""
231804,"japanese_national_police_agency_(emblem)","national_police_agency_(japan)",52664,37320,"active","2026-08-10T04:52:38.363+08:00","2026-08-10T04:52:38.363+08:00",52664,"",""
231802,"japanese_house","east_asian_architecture",52664,37322,"active","2026-08-10T04:46:23.974+08:00","2026-08-10T04:46:23.974+08:00",52664,"",""
231800,"kagejitsu","kage_no_jitsuryokusha_ni_naritakute!",52664,37336,"active","2026-08-10T04:39:01.305+08:00","2026-08-10T04:39:01.305+08:00",52664,"",""
231798,"ant0coffee","nakuta",861955,7713,"active","2026-08-10T04:36:03.343+08:00","2026-08-10T04:36:03.343+08:00",861955,"",""
231796,"victoria_roman_(2nd_costume)","victoria_roman_(summer_festival)",52664,23520,"active","2026-08-10T04:29:06.874+08:00","2026-08-10T04:29:06.874+08:00",52664,"",""
231792,"smiling_lime","bobbletank",433258,33148,"active","2026-08-10T04:20:50.913+08:00","2026-08-10T04:20:50.913+08:00",433258,"",""
231788,"yumemiya_saya","utamame",433258,33148,"active","2026-08-10T04:18:52.735+08:00","2026-08-10T04:18:52.735+08:00",433258,"",""
231784,"maoli45222137","maojiii",1343385,33148,"active","2026-08-10T04:16:23.684+08:00","2026-08-10T04:16:23.684+08:00",1343385,"",""
231777,"weibo_5148960822","dengdeng_chong",1524782,33148,"active","2026-08-10T03:14:31.286+08:00","2026-08-10T03:14:31.286+08:00",1524782,"",""
231769,"moeshimo_(pixiv)","moesimo_(pixiv_26665)",103979,33148,"active","2026-08-10T02:02:48.035+08:00","2026-08-10T02:02:48.035+08:00",103979,"",""
231765,"user_xkrd4252","huan_xiang_ling_hun_zhi_meng",1087973,33148,"active","2026-08-10T01:40:41.152+08:00","2026-08-10T01:40:41.152+08:00",1087973,"",""
231761,"gununu_(pixiv)","gununu_(pixiv_67038)",103979,33148,"active","2026-08-10T01:32:15.759+08:00","2026-08-10T01:32:15.759+08:00",103979,"",""
231757,"poki_(pixiv)","poki_(neira)",103979,33148,"active","2026-08-10T01:24:52.965+08:00","2026-08-10T01:24:52.965+08:00",103979,"",""
231756,"ichii_(pixiv)","ichii_(pixiv_72047)",103979,33148,"active","2026-08-10T01:24:50.014+08:00","2026-08-10T01:24:50.014+08:00",103979,"",""
231755,"moko_(pixiv)","moko_(momooekaki)",103979,33148,"active","2026-08-10T01:24:48.588+08:00","2026-08-10T01:24:48.588+08:00",103979,"",""
231754,"makkusu_(pixiv)","makkusu_(cannon)",103979,33148,"active","2026-08-10T01:24:46.282+08:00","2026-08-10T01:24:46.282+08:00",103979,"",""
231741,"ren_(pixiv)","ren_(ren_k)",103979,33148,"active","2026-08-10T01:16:35.600+08:00","2026-08-10T01:16:35.600+08:00",103979,"",""
231737,"makino_(pixiv)","makino_(pixiv_21632)",103979,33148,"active","2026-08-10T01:12:31.294+08:00","2026-08-10T01:12:31.294+08:00",103979,"",""
231733,"yue_(pixiv)","yue_(yue-yt)",103979,33148,"active","2026-08-10T01:05:01.977+08:00","2026-08-10T01:05:01.977+08:00",103979,"",""
231732,"marble_(pixiv)","marble_(si771kokoro)",103979,33148,"active","2026-08-10T01:04:58.642+08:00","2026-08-10T01:04:58.642+08:00",103979,"",""
231723,"piko_(pixiv)","piko_(picpicppun)",103979,33148,"active","2026-08-10T00:51:00.867+08:00","2026-08-10T00:51:00.867+08:00",103979,"",""
231719,"tulaca_(pixiv)","tulaca_(pixiv_12395)",103979,33148,"active","2026-08-10T00:48:12.610+08:00","2026-08-10T00:48:12.610+08:00",103979,"",""
231715,"rcatboki","fdd95f",1340120,33148,"active","2026-08-10T00:45:02.995+08:00","2026-08-10T00:45:02.995+08:00",1340120,"",""
231711,"mako_(pixiv)","mako_(supirubann)",103979,33148,"active","2026-08-10T00:37:58.085+08:00","2026-08-10T00:37:58.085+08:00",103979,"",""
231710,"kusano_(pixiv)","kusano_(kusano6603)",103979,33148,"active","2026-08-10T00:37:55.089+08:00","2026-08-10T00:37:55.089+08:00",103979,"",""
231703,"nagi_(pixiv)","nagi_(nagitya)",103979,33148,"active","2026-08-10T00:31:37.554+08:00","2026-08-10T00:31:37.554+08:00",103979,"",""
231699,"nm_(pixiv)","nm_(mix90612)",103979,33148,"active","2026-08-10T00:26:38.023+08:00","2026-08-10T00:26:38.023+08:00",103979,"",""
231695,"soudesu_(pixiv)","soudesu_(sos202zoz)",103979,33148,"active","2026-08-10T00:25:29.504+08:00","2026-08-10T00:25:29.504+08:00",103979,"",""
231691,"setsuna_(pixiv)","setsuna_(pixiv_83764)",103979,33148,"active","2026-08-10T00:17:34.777+08:00","2026-08-10T00:17:34.777+08:00",103979,"",""
231687,"imo_(pixiv)","imo_(imo1988)",103979,33148,"active","2026-08-10T00:04:38.640+08:00","2026-08-10T00:04:38.640+08:00",103979,"",""
231686,"ozu_(pixiv)","ozu_(call-da6)",103979,33148,"active","2026-08-10T00:04:31.737+08:00","2026-08-10T00:04:31.737+08:00",103979,"",""
231685,"m_(pixiv)","m_(kkk002pc)",103979,33148,"active","2026-08-10T00:04:25.333+08:00","2026-08-10T00:04:25.333+08:00",103979,"",""
231671,"ito_(pixiv)","ito_(si_a)",103979,33148,"active","2026-08-09T23:54:30.964+08:00","2026-08-09T23:54:30.964+08:00",103979,"",""
231667,"shiho_(pixiv)","shiho_(nohohonnu)",103979,33148,"active","2026-08-09T23:48:21.347+08:00","2026-08-09T23:48:21.347+08:00",103979,"",""
231663,"leona_(pixiv)","leona_(leona48)",103979,33148,"active","2026-08-09T23:45:38.339+08:00","2026-08-09T23:45:38.339+08:00",103979,"",""
231659,"toki_(pixiv)","toki_(toki10key)",103979,33148,"active","2026-08-09T23:44:08.727+08:00","2026-08-09T23:44:08.727+08:00",103979,"",""
231655,"qishen_mana","nanakami_mana",861955,33148,"active","2026-08-09T23:42:10.787+08:00","2026-08-09T23:42:10.787+08:00",861955,"",""
231651,"cl_opium","morphine_(pixiv_33450)",103979,33148,"active","2026-08-09T23:36:44.713+08:00","2026-08-09T23:36:44.713+08:00",103979,"",""
231647,"morphine_(pixiv)","morphine_(pixiv_33450)",103979,33148,"active","2026-08-09T23:35:15.083+08:00","2026-08-09T23:35:15.083+08:00",103979,"",""
231641,"zangetsu_yuki_yuki","zangetsu_yuki",718515,33148,"active","2026-08-09T23:26:57.147+08:00","2026-08-09T23:26:57.147+08:00",718515,"",""
231635,"jettoburikku","jetbrick",1123578,33148,"active","2026-08-09T22:00:25.675+08:00","2026-08-09T22:00:25.675+08:00",1123578,"",""
231631,"nk_100345","suzka225",1561614,7713,"active","2026-08-09T21:28:45.775+08:00","2026-08-09T21:28:45.775+08:00",1561614,"",""
231627,"1kiyota0","sa_(1satsuki0)",1368569,7713,"active","2026-08-09T21:00:08.379+08:00","2026-08-09T21:00:08.379+08:00",1368569,"",""
231625,"1205125290","lenf_wind",1368569,7713,"active","2026-08-09T20:58:19.693+08:00","2026-08-09T20:58:19.693+08:00",1368569,"",""
231623,"wofu","wooxxwoo",1368569,7713,"active","2026-08-09T20:57:36.916+08:00","2026-08-09T20:57:36.916+08:00",1368569,"",""
231610,"qztoxidant","ya_ji_zhou",759947,33148,"active","2026-08-09T17:01:37.972+08:00","2026-08-09T17:01:37.972+08:00",759947,"",""
231604,"blackbird_(shilin)","carciphona",85307,37312,"active","2026-08-09T16:40:07.359+08:00","2026-08-09T16:40:07.359+08:00",85307,"",""
231602,"kjbb782723","anshayebuhuiaa",759947,33148,"active","2026-08-09T16:33:44.962+08:00","2026-08-09T16:33:44.962+08:00",759947,"",""
231596,"angelica_(pixiv)","angelica_(angelica38)",103979,33148,"active","2026-08-09T15:47:20.008+08:00","2026-08-09T15:47:20.008+08:00",103979,"",""
231592,"lanoir_(pixiv)","lanoir_(pixiv_219097)",103979,33148,"active","2026-08-09T15:31:57.634+08:00","2026-08-09T15:31:57.634+08:00",103979,"",""
231588,"sakurai_yuki_(pixiv)","sakurai_yuki_(yuki0706)",103979,33148,"active","2026-08-09T15:29:29.311+08:00","2026-08-09T15:29:29.311+08:00",103979,"",""
231584,"kame_(pixiv)","kame_(pixiv_923081)",103979,33148,"active","2026-08-09T15:27:18.882+08:00","2026-08-09T15:27:18.882+08:00",103979,"",""
231580,"susutake_(pixiv)","susutake_(pixiv_1152068)",103979,33148,"active","2026-08-09T15:22:56.646+08:00","2026-08-09T15:22:56.646+08:00",103979,"",""
231574,"naoya_(pixiv)","naoya_(motoki_aki)",103979,33148,"active","2026-08-09T15:16:58.291+08:00","2026-08-09T15:16:58.291+08:00",103979,"",""
231566,"sakai_(pixiv)","sakai_(sa-444)",103979,33148,"active","2026-08-09T14:43:34.836+08:00","2026-08-09T14:43:34.836+08:00",103979,"",""
231562,"la_ciero_(pixiv)","la_ciero_(pixiv_40131)",103979,33148,"active","2026-08-09T14:38:29.615+08:00","2026-08-09T14:38:29.615+08:00",103979,"",""
231558,"kuro_ari_(pixiv)","kuro_ari_(pixiv_238822)",103979,33148,"active","2026-08-09T14:37:01.764+08:00","2026-08-09T14:37:01.764+08:00",103979,"",""
231554,"harukana_(pixiv)","harukana_(pixiv_246355)",103979,33148,"active","2026-08-09T14:33:48.017+08:00","2026-08-09T14:33:48.017+08:00",103979,"",""
231550,"ginger_(pixiv)","ginger_(ginger666)",103979,33148,"active","2026-08-09T14:31:11.345+08:00","2026-08-09T14:31:11.345+08:00",103979,"",""
231544,"mooys2s2","mooy29",983878,33148,"retired","2026-08-09T14:23:15.245+08:00","2026-08-16T08:01:08.250+08:00",983878,"",""
231540,"toys_(pixiv)","toys_(pixiv_265073)",103979,33148,"active","2026-08-09T14:22:44.927+08:00","2026-08-09T14:22:44.927+08:00",103979,"",""
231502,"xinjinjumin169212733922","diao_jun",1524782,33148,"active","2026-08-09T13:46:53.792+08:00","2026-08-09T13:46:53.792+08:00",1524782,"",""
231501,"xinjinjumin9460634","juzi_keke_pai",1524782,33148,"active","2026-08-09T13:46:51.676+08:00","2026-08-09T13:46:51.676+08:00",1524782,"",""
231500,"xinjinjumin545645049986","zhou_kebu_xi_zhou",1524782,33148,"active","2026-08-09T13:46:48.840+08:00","2026-08-09T13:46:48.840+08:00",1524782,"",""
231499,"xinjinjumin337795297409","chi_dian_yexiao_ba",1524782,33148,"active","2026-08-09T13:46:45.988+08:00","2026-08-09T13:46:45.988+08:00",1524782,"",""
231498,"xinjinjumin847756427966","bai_xiniu_jiao_bao",1524782,33148,"active","2026-08-09T13:46:43.194+08:00","2026-08-09T13:46:43.194+08:00",1524782,"",""
231497,"xinjinjumin171156922692","mimi_(lofter_2205442494)",1524782,33148,"active","2026-08-09T13:46:39.935+08:00","2026-08-09T13:46:39.935+08:00",1524782,"",""
231496,"xinjinjumin3035107","moxi_(lofter_2126477964)",1524782,33148,"active","2026-08-09T13:46:34.407+08:00","2026-08-09T13:46:34.407+08:00",1524782,"",""
231495,"xinjinjumin919593854790","jiang_(lofter_2898957235)",1524782,33148,"active","2026-08-09T13:46:29.738+08:00","2026-08-09T13:46:29.738+08:00",1524782,"",""
231442,"bb9g3vc7kp3721","soborogohan",1368569,33148,"active","2026-08-09T10:51:51.097+08:00","2026-08-09T10:51:51.097+08:00",1368569,"",""
231438,"bluenoto_(pixiv)","bluenoto_(pixiv_864368)",103979,33148,"active","2026-08-09T09:32:14.861+08:00","2026-08-09T09:32:14.861+08:00",103979,"",""
231437,"orihara_(pixiv)","orihara_(orihara1638)",103979,33148,"active","2026-08-09T09:32:13.101+08:00","2026-08-09T09:32:13.101+08:00",103979,"",""
231436,"560_(pixiv)","zura-k_(pixiv_131880)",103979,33148,"active","2026-08-09T09:32:11.487+08:00","2026-08-09T09:32:11.487+08:00",103979,"",""
231435,"yuchi_(pixiv)","yuchi_(yuki0820)",103979,33148,"active","2026-08-09T09:32:09.770+08:00","2026-08-09T09:32:09.770+08:00",103979,"",""
231434,"towa_(pixiv)","towa_(weltia)",103979,33148,"active","2026-08-09T09:32:07.672+08:00","2026-08-09T09:32:07.672+08:00",103979,"",""
231433,"rinne_(pixiv)","rinne_(rinne7)",103979,33148,"active","2026-08-09T09:32:05.724+08:00","2026-08-09T09:32:05.724+08:00",103979,"",""
231432,"yukino_(pixiv)","yukino_(yukino1229)",103979,33148,"active","2026-08-09T09:32:03.822+08:00","2026-08-09T09:32:03.822+08:00",103979,"",""
231431,"saku_(pixiv)","saku_(rirakkuma29)",103979,33148,"active","2026-08-09T09:32:01.422+08:00","2026-08-09T09:32:01.422+08:00",103979,"",""
231430,"shikimi_(pixiv)","shikimi_(pixiv_1004492)",103979,33148,"active","2026-08-09T09:31:59.460+08:00","2026-08-09T09:31:59.460+08:00",103979,"",""
231429,"meno_(pixiv)","meno_(yume_juno)",103979,33148,"active","2026-08-09T09:31:56.890+08:00","2026-08-09T09:31:56.890+08:00",103979,"",""
231398,"potato_pois","potato_soys",1352409,33148,"active","2026-08-09T09:19:38.449+08:00","2026-08-09T09:19:38.449+08:00",1352409,"",""
231394,"okosan_(pixiv)","okosan_(pixiv_36888)",103979,33148,"active","2026-08-09T08:55:21.390+08:00","2026-08-09T08:55:21.390+08:00",103979,"",""
231393,"yama_(pixiv)","yama_(pixiv_2683678)",103979,33148,"active","2026-08-09T08:55:20.078+08:00","2026-08-09T08:55:20.078+08:00",103979,"",""
231392,"koto_(pixiv)","koto_(pixiv_7597466)",103979,33148,"active","2026-08-09T08:55:18.593+08:00","2026-08-09T08:55:18.593+08:00",103979,"",""
231391,"konno_(pixiv)","konno_(pixiv_2813255)",103979,33148,"active","2026-08-09T08:55:17.086+08:00","2026-08-09T08:55:17.086+08:00",103979,"",""
231390,"kagaya_(pixiv)","kagaya_(pixiv_3516733)",103979,33148,"active","2026-08-09T08:55:15.250+08:00","2026-08-09T08:55:15.250+08:00",103979,"",""
231374,"natsuki_(pixiv)","natsukisimapan",103979,33148,"active","2026-08-09T08:36:20.987+08:00","2026-08-09T08:36:20.987+08:00",103979,"",""
231370,"chinako_(pixiv)","momo_h2o",103979,33148,"active","2026-08-09T08:33:30.383+08:00","2026-08-09T08:33:30.383+08:00",103979,"",""
231366,"renka_(pixiv)","renka_(renka0401)",103979,33148,"active","2026-08-09T08:25:20.288+08:00","2026-08-09T08:25:20.288+08:00",103979,"",""
231365,"snowdust_(pixiv)","snowdust_(pixiv_62581)",103979,33148,"active","2026-08-09T08:25:18.295+08:00","2026-08-09T08:25:18.295+08:00",103979,"",""
231364,"halya_(pixiv)","halya_(pixiv_30331)",103979,33148,"active","2026-08-09T08:25:16.442+08:00","2026-08-09T08:25:16.442+08:00",103979,"",""
231363,"kaguya_(pixiv)","kaguya_(pixiv_5606)",103979,33148,"active","2026-08-09T08:25:14.898+08:00","2026-08-09T08:25:14.898+08:00",103979,"",""
231362,"shirishiriu-tan_(pixiv)","shirishiriu-tan",103979,33148,"active","2026-08-09T08:25:13.161+08:00","2026-08-09T08:25:13.161+08:00",103979,"",""
231361,"black_(pixiv)","black_(pixiv_375954)",103979,33148,"active","2026-08-09T08:25:11.181+08:00","2026-08-09T08:25:11.181+08:00",103979,"",""
231342,"91_(968087)","izilier_(pixiv_7897115)",103979,33148,"active","2026-08-09T07:59:49.687+08:00","2026-08-09T07:59:49.687+08:00",103979,"",""
231336,"tateha_(pixiv)","tateha_(ta_te_ha)",103979,33148,"active","2026-08-09T06:55:55.145+08:00","2026-08-09T06:55:55.145+08:00",103979,"",""
231332,"mare_(pixiv)","fiogilee",103979,33148,"active","2026-08-09T06:53:57.254+08:00","2026-08-09T06:53:57.254+08:00",103979,"",""
231328,"erufa_(pixiv)","victorysaber",103979,33148,"active","2026-08-09T06:53:03.090+08:00","2026-08-09T06:53:03.090+08:00",103979,"",""
231303,"cakiada","caki",1199319,33148,"active","2026-08-09T04:48:56.707+08:00","2026-08-09T04:48:56.707+08:00",1199319,"",""
231299,"ulitusya","ulitochka",1054326,7713,"active","2026-08-09T04:38:17.978+08:00","2026-08-09T04:38:17.978+08:00",1054326,"",""
231295,"e169","booro_(169b)",433258,33148,"active","2026-08-09T02:42:06.883+08:00","2026-08-09T02:42:06.883+08:00",433258,"",""
231291,"necrolyte","necrophos_(dota)",52664,19815,"active","2026-08-09T02:00:39.889+08:00","2026-08-09T02:00:39.889+08:00",52664,"",""
231289,"pyonko_(blue_archive)","bun_bun_(blue_archive)",52664,37290,"active","2026-08-09T01:53:12.970+08:00","2026-08-09T01:53:12.970+08:00",52664,"",""
231287,"stuffed_rhinoceros_beetle","stuffed_beetle",52664,37298,"active","2026-08-09T01:51:03.466+08:00","2026-08-09T01:51:03.466+08:00",52664,"",""
231285,"stuffed_bull","stuffed_cow",52664,37298,"active","2026-08-09T01:50:17.332+08:00","2026-08-09T01:50:17.332+08:00",52664,"",""
231283,"the-mirror-of-mind3021","okome3021",861955,7713,"active","2026-08-09T01:16:21.043+08:00","2026-08-09T01:16:21.043+08:00",861955,"",""
231281,"tentei87","ryota_tentei",861955,7713,"active","2026-08-09T01:07:20.145+08:00","2026-08-09T01:07:20.145+08:00",861955,"",""
231279,"ura_a","urano_aa",861955,33148,"active","2026-08-09T00:55:59.247+08:00","2026-08-09T00:55:59.247+08:00",861955,"",""
231277,"tsumiki_ura","luluwi",861955,33148,"active","2026-08-08T23:45:33.110+08:00","2026-08-08T23:45:33.110+08:00",861955,"",""
231271,"yamamura_(pixiv)","yamamura_(atr88)",103979,33148,"active","2026-08-08T23:42:36.009+08:00","2026-08-08T23:42:36.009+08:00",103979,"",""
231270,"lustoid_(pixiv)","lustoid_(oxlu74okerdjdj)",103979,33148,"active","2026-08-08T23:42:33.792+08:00","2026-08-08T23:42:33.792+08:00",103979,"",""
231269,"sabahage_(pixiv)","sabahage_(ohshow)",103979,33148,"active","2026-08-08T23:42:31.571+08:00","2026-08-08T23:42:31.571+08:00",103979,"",""
231268,"sorakujira_(pixiv)","sorakujira_(pixiv_966122)",103979,33148,"active","2026-08-08T23:42:28.665+08:00","2026-08-08T23:42:28.665+08:00",103979,"",""
231267,"kiye_(pixiv)","izumin0816",103979,33148,"active","2026-08-08T23:42:25.784+08:00","2026-08-08T23:42:25.784+08:00",103979,"",""
231266,"kilo_(2466414482)","kilo_(kl0ppq2a)",103979,33148,"active","2026-08-08T23:42:22.162+08:00","2026-08-08T23:42:22.162+08:00",103979,"",""
231265,"satori_(kxdm8872)","satori_(pixiv_32709797)",103979,33148,"active","2026-08-08T23:42:13.443+08:00","2026-08-08T23:42:13.443+08:00",103979,"",""
231243,"kenji_twx","mr_thecatman",483328,7713,"active","2026-08-08T23:33:32.819+08:00","2026-08-08T23:33:32.819+08:00",483328,"",""
231232,"alan_(acealan5)","melapis",1123578,33148,"active","2026-08-08T20:07:19.700+08:00","2026-08-08T20:07:19.700+08:00",1123578,"",""
231228,"ametsuchidoji","lokvia",1054326,7713,"active","2026-08-08T17:48:03.992+08:00","2026-08-08T17:48:03.992+08:00",1054326,"",""
231226,"uands999","bababa",1054326,7713,"active","2026-08-08T17:47:06.456+08:00","2026-08-08T17:47:06.456+08:00",1054326,"",""
231222,"ma_jiujiu_l","majiujiul",932445,33148,"active","2026-08-08T16:45:21.141+08:00","2026-08-08T16:45:21.141+08:00",932445,"",""
231218,"bu_ying_(xhs_5642988186)","yesubuying",932445,33148,"active","2026-08-08T16:08:46.819+08:00","2026-08-08T16:08:46.819+08:00",932445,"",""
231214,"tomatostyles17","tomato_styles",433258,33148,"active","2026-08-08T15:52:37.581+08:00","2026-08-08T15:52:37.581+08:00",433258,"",""
231208,"inaz","inari_(rabbit292)",1333332,7713,"active","2026-08-08T15:29:04.766+08:00","2026-08-08T15:29:04.766+08:00",1333332,"",""
231206,"enjy5488","xingqingdabian",932445,33148,"active","2026-08-08T13:50:36.512+08:00","2026-08-08T13:50:36.512+08:00",932445,"",""
231200,"lin_(xhs_173882989)","erqi_lin_chu_yang",932445,33148,"active","2026-08-08T12:58:06.350+08:00","2026-08-08T12:58:06.350+08:00",932445,"",""
231196,"user_ptff7423","ogurisbathwater",895489,33148,"active","2026-08-08T11:28:16.622+08:00","2026-08-08T11:28:16.622+08:00",895489,"",""
231192,"comrade_dragonmaid","fxblanket",433258,33148,"active","2026-08-08T09:45:34.241+08:00","2026-08-08T09:45:34.241+08:00",433258,"",""
231186,"sarari_keren","keren_illust",1260551,33148,"active","2026-08-08T07:46:46.594+08:00","2026-08-08T07:46:46.594+08:00",1260551,"",""
231182,"akane_maholo","maholooon",1260551,33148,"active","2026-08-08T07:32:33.275+08:00","2026-08-08T07:32:33.275+08:00",1260551,"",""
231178,"funabara","funabara_(sksn_herb)",872990,33148,"active","2026-08-08T06:20:57.831+08:00","2026-08-08T06:20:57.831+08:00",872990,"",""
231171,"geara_zulu_angelo_sauper_custom","geara_zulu_(angelo_sauper_use)",52664,26989,"active","2026-08-08T05:17:22.480+08:00","2026-08-08T05:17:22.480+08:00",52664,"",""
231169,"en_dwi_gast","grandmaster_(marvel)",52664,37260,"active","2026-08-08T05:09:53.706+08:00","2026-08-08T05:09:53.706+08:00",52664,"",""
231168,"taneleer_tivan","the_collector_(marvel)",52664,37260,"active","2026-08-08T05:09:50.138+08:00","2026-08-08T05:09:50.138+08:00",52664,"",""
231165,"licking_fruit","licking_food",52664,37286,"active","2026-08-08T05:09:05.186+08:00","2026-08-08T05:09:05.186+08:00",52664,"",""
231163,"good22897766","jkjkjjk28",1070698,33148,"active","2026-08-08T04:56:13.226+08:00","2026-08-08T04:56:13.226+08:00",1070698,"",""
231159,"a04me","miis0r",861955,33148,"active","2026-08-08T04:50:56.520+08:00","2026-08-08T04:50:56.520+08:00",861955,"",""
231153,"doakes_looking_at_guerrero_(meme)","but_you_can't_prove_it_(meme)",52664,19634,"active","2026-08-08T04:00:08.854+08:00","2026-08-08T04:00:08.854+08:00",52664,"",""
231149,"nodk","genkitarou",475832,33148,"active","2026-08-08T03:52:31.960+08:00","2026-08-08T03:52:31.960+08:00",475832,"",""
231145,"roxy_(zenless_zone_zero)","roxy_ifrita_pryce",52664,36628,"active","2026-08-08T03:52:23.668+08:00","2026-08-08T05:40:48.909+08:00",52664,"",""
231143,"peko_taro","pekokota",802290,33148,"active","2026-08-08T03:49:35.784+08:00","2026-08-08T03:49:35.784+08:00",802290,"",""
231139,"noah_(pixiv)","noah_(supermoon_estar)",103979,33148,"active","2026-08-08T03:18:38.530+08:00","2026-08-08T03:18:38.530+08:00",103979,"",""
231138,"yaka_(pixiv13345828)","yaka_(pixiv_13345828)",103979,33148,"active","2026-08-08T03:18:35.077+08:00","2026-08-08T03:18:35.077+08:00",103979,"",""
231137,"hayasuiarts_(pixiv)","hayasuiarts_(pixiv_51073915)",103979,33148,"active","2026-08-08T03:18:30.177+08:00","2026-08-08T03:18:30.177+08:00",103979,"",""
231136,"q_t_(pixiv)","q_t_(qt96991576)",103979,33148,"active","2026-08-08T03:18:27.702+08:00","2026-08-08T03:18:27.702+08:00",103979,"",""
231135,"brave_(pixiv)","brave_(pixiv_31904260)",103979,33148,"active","2026-08-08T03:18:26.095+08:00","2026-08-08T03:18:26.095+08:00",103979,"",""
231134,"5emon_(pixiv)","5emon_(pixiv_181756)",103979,33148,"active","2026-08-08T03:18:24.099+08:00","2026-08-08T03:18:24.099+08:00",103979,"",""
231133,"sakichi_(pixiv)","sakichi_(pixiv_157787)",103979,33148,"active","2026-08-08T03:18:21.806+08:00","2026-08-08T03:18:21.806+08:00",103979,"",""
231132,"barubaru_(pixiv)","barubaru_(baru3)",103979,33148,"active","2026-08-08T03:18:20.139+08:00","2026-08-08T03:18:20.139+08:00",103979,"",""
231131,"noumu_(pixiv)","noumu_(pixiv_46150012)",103979,33148,"active","2026-08-08T03:18:05.248+08:00","2026-08-08T03:18:05.248+08:00",103979,"",""
231103,"mikamiovo_(pixiv)","mikamiovo_(pixiv_20052163)",103979,33148,"active","2026-08-08T02:48:53.735+08:00","2026-08-08T02:48:53.735+08:00",103979,"",""
231102,"anianon_(pixiv)","anianon_(pixiv_4854149)",103979,33148,"active","2026-08-08T02:48:51.947+08:00","2026-08-08T02:48:51.947+08:00",103979,"",""
231101,"vinceprice_(pixiv)","vinceprice_(pixiv_84794324)",103979,33148,"active","2026-08-08T02:48:50.260+08:00","2026-08-08T02:48:50.260+08:00",103979,"",""
231100,"chalk_(pixiv)","chalk_(chalk_2)",103979,33148,"active","2026-08-08T02:48:47.633+08:00","2026-08-08T02:48:47.633+08:00",103979,"",""
231099,"hobotam_(pixiv)","hobotam",103979,33148,"active","2026-08-08T02:48:44.646+08:00","2026-08-08T02:48:44.646+08:00",103979,"",""
231098,"et_(pixiv)","et_(pixiv_41137655)",103979,33148,"active","2026-08-08T02:48:42.246+08:00","2026-08-08T02:48:42.246+08:00",103979,"",""
231097,"hoya_(pixiv_id_101471793)","hoya_(pixiv_101471793)",103979,33148,"active","2026-08-08T02:48:38.658+08:00","2026-08-08T02:48:38.658+08:00",103979,"",""
231096,"mikemori_(pixiv)","mikemori_(pixiv_2601523)",103979,33148,"active","2026-08-08T02:48:34.350+08:00","2026-08-08T02:48:34.350+08:00",103979,"",""
231095,"diag_(pixiv)","diag_(pixiv_66963807)",103979,33148,"active","2026-08-08T02:48:32.266+08:00","2026-08-08T02:48:32.266+08:00",103979,"",""
231094,"menchi_(pixiv)","menchi_(menchi9160)",103979,33148,"active","2026-08-08T02:48:25.212+08:00","2026-08-08T02:48:25.212+08:00",103979,"",""
231050,"pachyphytum","sophiestory",861955,7713,"active","2026-08-08T00:33:05.905+08:00","2026-08-08T00:33:05.905+08:00",861955,"",""
231030,"sorauta_(prsn7888)","sorauta_(sorauta_p)",103979,33148,"active","2026-08-08T00:13:07.632+08:00","2026-08-08T00:13:07.632+08:00",103979,"",""
231026,"naze1027","sasaki_musashi",861955,7713,"active","2026-08-08T00:09:03.890+08:00","2026-08-08T00:09:03.890+08:00",861955,"",""
231016,"lee_zue_ky","namacinaa",1123578,33148,"active","2026-08-07T20:59:46.925+08:00","2026-08-07T20:59:46.925+08:00",1123578,"",""
231006,"akegs","akeggle",1144072,33148,"active","2026-08-07T18:40:33.210+08:00","2026-08-07T18:40:33.210+08:00",1144072,"",""
231000,"watagechan","okayu_(headless)",508240,7713,"active","2026-08-07T16:45:07.352+08:00","2026-08-07T16:45:07.352+08:00",508240,"",""
230998,"raulkuro1995","raulkuro",508240,7713,"active","2026-08-07T16:43:31.293+08:00","2026-08-07T16:43:31.293+08:00",508240,"",""
230996,"meg_(poketoon)","meg_(pokemon)",508240,21955,"active","2026-08-07T16:32:43.951+08:00","2026-08-07T16:32:43.951+08:00",508240,"",""
230995,"bozly_(poketoon)","bozley_(pokemon)",508240,21955,"active","2026-08-07T16:32:40.690+08:00","2026-08-07T16:32:40.690+08:00",508240,"",""
230990,"bugonisx2","rickybryantjr",1084933,7713,"active","2026-08-07T12:57:36.283+08:00","2026-08-07T12:57:36.283+08:00",1084933,"",""
230982,"tall_woman_lifting_short_woman_(meme)","lauren_phillips_lifting_alice_merchesi_(meme)",85307,37265,"active","2026-08-07T11:00:55.161+08:00","2026-08-07T11:00:55.161+08:00",85307,"",""
230976,"okome3021","the-mirror-of-mind3021",1368569,33148,"deleted","2026-08-07T10:54:18.515+08:00","2026-08-09T01:16:21.048+08:00",1368569,"",""
230972,"side_cut","sidecut",85307,18290,"active","2026-08-07T10:53:54.570+08:00","2026-08-07T10:53:54.570+08:00",85307,"",""
230970,"zen'in_maki_(post_shibuya)","zen'in_maki_(post-shibuya)",85307,36848,"active","2026-08-07T10:36:55.671+08:00","2026-08-07T10:36:55.671+08:00",85307,"",""
230968,"tenten_kakumei","tensei_oujo_to_tensai_reijou_no_mahou_kakumei",85307,37274,"active","2026-08-07T10:36:43.325+08:00","2026-08-07T10:36:43.325+08:00",85307,"",""
230966,"magirevo","tensei_oujo_to_tensai_reijou_no_mahou_kakumei",85307,37274,"active","2026-08-07T10:36:40.022+08:00","2026-08-07T10:36:40.022+08:00",85307,"",""
230960,"self_cosplay","self-cosplay",85307,37275,"active","2026-08-07T10:29:04.044+08:00","2026-08-07T10:29:04.044+08:00",85307,"",""
230958,"opened_by_self","opening_own_clothes",85307,37282,"active","2026-08-07T10:19:30.888+08:00","2026-08-07T10:19:30.888+08:00",85307,"",""
230956,"frowntownart","frowntown",1123578,33148,"active","2026-08-07T09:31:45.333+08:00","2026-08-07T09:31:45.333+08:00",1123578,"",""
230952,"dele7n","snji7n",433258,33148,"active","2026-08-07T09:24:39.719+08:00","2026-08-07T09:24:39.719+08:00",433258,"",""
230948,"gotchi_(ewdr3454)","takoyaki_oisiii",1123578,33148,"active","2026-08-07T09:21:59.407+08:00","2026-08-07T09:21:59.407+08:00",1123578,"",""
230944,"kagura_azumakina","kagurazu",105940,33148,"active","2026-08-07T07:36:43.924+08:00","2026-08-07T07:36:43.924+08:00",105940,"",""
230910,"yurika_kanazawa","kanazawa_yurika",52664,37251,"active","2026-08-07T01:52:38.357+08:00","2026-08-07T01:52:38.357+08:00",52664,"",""
230909,"hiroto_nishi","nishi_hiroto",52664,37251,"active","2026-08-07T01:52:35.024+08:00","2026-08-07T01:52:35.024+08:00",52664,"",""
230908,"miyako_nishi","nishi_miyako",52664,37251,"active","2026-08-07T01:52:33.387+08:00","2026-08-07T01:52:33.387+08:00",52664,"",""
230907,"touko_nishi","nishi_touko",52664,37251,"active","2026-08-07T01:52:29.940+08:00","2026-08-07T01:52:29.940+08:00",52664,"",""
230894,"gelley_j0","gelleytoast",454016,33148,"active","2026-08-07T01:42:22.171+08:00","2026-08-07T01:42:22.171+08:00",454016,"",""
230890,"ririimon","riri_mon",433258,33148,"active","2026-08-07T01:38:29.001+08:00","2026-08-07T01:38:29.001+08:00",433258,"",""
230886,"penetration_while_penetrated","penetrating_while_penetrated",52664,37270,"active","2026-08-07T00:59:40.539+08:00","2026-08-07T00:59:40.539+08:00",52664,"",""
230884,"grandmaster_(marvel)","en_dwi_gast",52664,37260,"deleted","2026-08-07T00:32:26.459+08:00","2026-08-08T05:09:53.723+08:00",52664,"",""
230883,"the_collector_(marvel)","taneleer_tivan",52664,37260,"deleted","2026-08-07T00:32:18.777+08:00","2026-08-08T05:09:50.146+08:00",52664,"",""
230880,"shanna_o'hara","shanna_the_she-devil",52664,37262,"active","2026-08-07T00:28:45.535+08:00","2026-08-07T00:28:45.535+08:00",52664,"",""
230878,"geara_zulu_guards-type","geara_zulu_(guards_type)",52664,26989,"active","2026-08-07T00:22:33.490+08:00","2026-08-07T00:22:33.490+08:00",52664,"",""
230876,"whoever_steals_this_book","kono_hon_wo_nusumu_mono_wa",52664,37272,"active","2026-08-07T00:15:29.876+08:00","2026-08-07T00:15:29.876+08:00",52664,"",""
230875,"kono_hon_o_nusumu_mono_wa","kono_hon_wo_nusumu_mono_wa",52664,37272,"active","2026-08-07T00:15:19.541+08:00","2026-08-07T00:15:19.541+08:00",52664,"",""
230868,"dr38ttler","sabatora_(38ttler)",499293,33148,"active","2026-08-06T23:39:44.593+08:00","2026-08-06T23:39:44.593+08:00",499293,"",""
230860,"about:embedded_notes","help:embedded_notes",508240,35768,"retired","2026-08-06T22:59:34.948+08:00","2026-08-09T08:01:00.767+08:00",508240,"",""
230859,"about:upload_limits","help:upload_limits",508240,35768,"retired","2026-08-06T22:59:31.828+08:00","2026-08-09T08:01:00.755+08:00",508240,"",""
230858,"about:mod_queue","help:mod_queue",508240,35768,"retired","2026-08-06T22:59:26.206+08:00","2026-08-09T08:01:00.745+08:00",508240,"",""
230857,"about:note_formatting","help:note_formatting",508240,35768,"retired","2026-08-06T22:59:14.547+08:00","2026-08-09T08:01:00.731+08:00",508240,"",""
230848,"dailyumazed","sirius_ica",1151956,33148,"active","2026-08-06T21:51:02.873+08:00","2026-08-06T21:51:02.873+08:00",1151956,"",""
230844,"se_s_mi","shiroiro_obake",895489,33148,"active","2026-08-06T20:24:55.208+08:00","2026-08-06T20:24:55.208+08:00",895489,"",""
230840,"noa_(id:72490674)","noa_(pixiv_id_72490674)",1368569,33148,"active","2026-08-06T20:17:34.317+08:00","2026-08-06T20:17:34.317+08:00",1368569,"",""
230836,"llmy20250303","fragrice",1333332,7713,"active","2026-08-06T19:56:56.712+08:00","2026-08-06T19:56:56.712+08:00",1333332,"",""
230834,"valavarii","valavari",1144072,33148,"active","2026-08-06T18:16:35.418+08:00","2026-08-06T18:16:35.418+08:00",1144072,"",""
230830,"zhixing_kyouko","qianhai_chu_ui",1449841,33148,"active","2026-08-06T17:45:20.678+08:00","2026-08-06T17:45:20.678+08:00",1449841,"",""
230820,"lian1545360","daschko12kz",974737,33148,"active","2026-08-06T16:12:44.357+08:00","2026-08-06T16:12:44.357+08:00",974737,"",""
230816,"nanoja_(haigototta)","nanoda_jun",718515,33148,"active","2026-08-06T14:32:52.535+08:00","2026-08-06T14:32:52.535+08:00",718515,"",""
230812,"sepo_(mito609)","cepo",1288648,33148,"active","2026-08-06T11:29:08.599+08:00","2026-08-06T11:29:08.599+08:00",1288648,"",""
230805,"guruhk_kk","sepo",1288648,33148,"active","2026-08-06T11:25:16.570+08:00","2026-08-06T11:25:16.570+08:00",1288648,"",""
230795,"mitsumi_neguchi","mitsumine-guchi",280788,33148,"active","2026-08-06T11:16:14.257+08:00","2026-08-06T11:16:14.257+08:00",280788,"",""
230791,"merinn5","vmerin",861955,7713,"active","2026-08-06T10:57:19.287+08:00","2026-08-06T10:57:19.287+08:00",861955,"",""
230783,"striped_cat","tabby_cat",85307,37258,"active","2026-08-06T09:31:58.857+08:00","2026-08-06T09:31:58.857+08:00",85307,"",""
230781,"mizuki_(kinpatsu)","mizuki_(kinpatsu_syokusyu)",52664,37256,"active","2026-08-06T09:31:08.307+08:00","2026-08-06T09:31:08.307+08:00",52664,"",""
230780,"chiichan_(kinpatsu)","chichinobe_chie_(kinpatsu_syokusyu)",52664,37256,"active","2026-08-06T09:31:06.642+08:00","2026-08-06T09:31:06.642+08:00",52664,"",""
230779,"micchan_(kinpatsu)","futamiya_minami_(kinpatsu_syokusyu)",52664,37256,"active","2026-08-06T09:31:04.521+08:00","2026-08-06T09:31:04.521+08:00",52664,"",""
230775,"rubix_cube","rubik's_cube",52664,37253,"active","2026-08-06T09:25:29.051+08:00","2026-08-06T09:25:29.051+08:00",52664,"",""
230773,"v-cube_6","6x6_rubik's_cube",52664,37253,"active","2026-08-06T09:24:38.764+08:00","2026-08-06T09:24:38.764+08:00",52664,"",""
230772,"professor's_cube","5x5_rubik's_cube",52664,37253,"active","2026-08-06T09:24:36.878+08:00","2026-08-06T09:24:36.878+08:00",52664,"",""
230771,"rubik's_revenge","4x4_rubik's_cube",52664,37253,"active","2026-08-06T09:24:33.971+08:00","2026-08-06T09:24:33.971+08:00",52664,"",""
230770,"pocket_rubik's_cube","2x2_rubik's_cube",52664,37253,"active","2026-08-06T09:24:31.076+08:00","2026-08-06T09:24:31.076+08:00",52664,"",""
230763,"user_xdvy8727","oyasaitenpura",1130582,33148,"active","2026-08-06T09:01:23.356+08:00","2026-08-06T09:01:23.356+08:00",1130582,"",""
230757,"mfcrossfire","crosfy",433258,33148,"active","2026-08-06T08:27:10.834+08:00","2026-08-06T08:27:10.834+08:00",433258,"",""
230753,"mugimugis_4","mugimugis",1105289,33148,"active","2026-08-06T05:52:38.925+08:00","2026-08-06T05:52:38.925+08:00",1105289,"",""
230749,"mitsuko_tan","doodly_sheery",1116846,7713,"active","2026-08-06T05:33:25.519+08:00","2026-08-06T05:33:25.519+08:00",1116846,"",""
230739,"arasfwitch","araorenda",433258,33148,"active","2026-08-06T04:18:59.942+08:00","2026-08-06T04:18:59.942+08:00",433258,"",""
230735,"dnishe0_0","dnis_he0",433258,33148,"active","2026-08-06T04:16:35.501+08:00","2026-08-06T04:16:35.501+08:00",433258,"",""
230731,"ltstarlitef","ltstarlite",764362,33148,"active","2026-08-06T04:08:22.413+08:00","2026-08-06T04:08:22.413+08:00",764362,"",""
230723,"soureeek","soureeeek",1132913,33148,"active","2026-08-06T02:23:58.488+08:00","2026-08-06T02:23:58.488+08:00",1132913,"",""
230719,"shielding_eyes_from_sun","shading_eyes",52664,27660,"active","2026-08-06T02:08:54.200+08:00","2026-08-06T02:08:54.200+08:00",52664,"",""
230717,"drifting_home","ame_wo_tsugeru_hyouryuu_danchi",52664,16840,"active","2026-08-06T01:54:53.431+08:00","2026-08-06T01:54:53.431+08:00",52664,"",""
230709,"yukino_bijin_(cute_sweet_flower_of_mutsu)_(umamusume)","yukino_bijin_(darl'n_snowflake)_(umamusume)",52664,29925,"active","2026-08-06T01:48:32.066+08:00","2026-08-06T01:48:32.066+08:00",52664,"",""
230707,"kinpatsu","kinpatsu_syokusyu",1144072,33148,"active","2026-08-06T01:34:13.510+08:00","2026-08-06T01:34:13.510+08:00",1144072,"",""
230703,"renoahh","noah_273",52664,7713,"active","2026-08-06T01:33:29.295+08:00","2026-08-06T01:33:29.295+08:00",52664,"",""
230701,"the_count_of_groundsoaking_blood","daichi_wo_nurasu_chi_no_hakushaku",52664,37252,"active","2026-08-06T01:31:33.037+08:00","2026-08-06T01:31:33.037+08:00",52664,"",""
230699,"kirita_producer","kirita_ohana",718718,33148,"active","2026-08-06T00:33:02.934+08:00","2026-08-06T00:33:02.934+08:00",718718,"",""
230666,"baishangwuding","yiqi_bai",1072351,33148,"active","2026-08-05T20:49:13.043+08:00","2026-08-05T20:49:13.043+08:00",1072351,"",""
230662,"mofa_shaonu_xiang_wan","wangongzhuovo",1333332,7713,"active","2026-08-05T20:03:16.499+08:00","2026-08-05T20:03:16.499+08:00",1333332,"",""
230660,"ouda","harimoto_09",1087973,33148,"active","2026-08-05T19:45:08.632+08:00","2026-08-05T19:45:08.632+08:00",1087973,"",""
230652,"cherri_saurio","cherry_beries",1130070,7713,"active","2026-08-05T18:14:22.754+08:00","2026-08-05T18:14:22.754+08:00",1130070,"",""
230648,"si_ji_huagaole_ma","moriyama_meiko",1130070,7713,"active","2026-08-05T17:42:03.978+08:00","2026-08-05T17:42:03.978+08:00",1130070,"",""
230646,"ep73x","koffeekuma",433258,33148,"active","2026-08-05T17:41:22.042+08:00","2026-08-05T17:41:22.042+08:00",433258,"",""
230642,"user_gjwz5538","ikayo_(pixiv_117420071)",1151956,33148,"active","2026-08-05T17:38:03.054+08:00","2026-08-05T17:38:03.054+08:00",1151956,"",""
230638,"matcha_(yajima)","matcha_z",433258,33148,"active","2026-08-05T17:36:29.061+08:00","2026-08-05T17:36:29.061+08:00",433258,"",""
230637,"reii_nemui","nemuireii",433258,33148,"active","2026-08-05T17:36:26.989+08:00","2026-08-05T17:36:26.989+08:00",433258,"",""
230630,"daspertz","moyu_shuang",1130070,7713,"active","2026-08-05T17:29:33.802+08:00","2026-08-05T17:29:33.802+08:00",1130070,"",""
230628,"rasputin_(syr_syr_ss)","rikaz",433258,33148,"active","2026-08-05T17:29:02.794+08:00","2026-08-05T17:29:02.794+08:00",433258,"",""
230624,"zlllct","zleng1126",1130070,7713,"active","2026-08-05T17:15:46.403+08:00","2026-08-05T17:15:46.403+08:00",1130070,"",""
230622,"skippy_2001","suckillpak",1130070,7713,"active","2026-08-05T17:13:41.706+08:00","2026-08-05T17:13:41.706+08:00",1130070,"",""
230603,"kubo-konomi","kono_(konomi9a)",1288648,33148,"active","2026-08-05T11:47:47.557+08:00","2026-08-05T11:47:47.557+08:00",1288648,"",""
230539,"mushromeonsfw","mushromeow",908237,33148,"deleted","2026-08-05T09:49:48.063+08:00","2026-08-06T01:42:31.165+08:00",908237,"",""
230538,"mushromeo","mushromeow",908237,33148,"deleted","2026-08-05T09:49:46.825+08:00","2026-08-06T01:42:31.146+08:00",908237,"",""
230537,"fungushere","mushromeow",908237,33148,"deleted","2026-08-05T09:49:45.470+08:00","2026-08-06T01:42:31.126+08:00",908237,"",""
230536,"kronebroke","mintbreak",908237,33148,"deleted","2026-08-05T09:49:44.119+08:00","2026-08-06T01:42:31.108+08:00",908237,"",""
230535,"minh_tran","mintbreak",908237,33148,"deleted","2026-08-05T09:49:42.551+08:00","2026-08-06T01:42:31.086+08:00",908237,"",""
230534,"mintbreakart","mintbreak",908237,33148,"deleted","2026-08-05T09:49:40.906+08:00","2026-08-06T01:42:31.070+08:00",908237,"",""
230533,"nnniph","niphthehuman",908237,33148,"deleted","2026-08-05T09:49:39.581+08:00","2026-08-06T01:42:31.048+08:00",908237,"",""
230532,"art_of_nnniph","niphthehuman",908237,33148,"deleted","2026-08-05T09:49:37.887+08:00","2026-08-06T01:42:31.023+08:00",908237,"",""
230531,"niphstudio","niphthehuman",908237,33148,"deleted","2026-08-05T09:49:36.272+08:00","2026-08-06T01:42:31.008+08:00",908237,"",""
230530,"bubbeloonsfw","monkers",908237,33148,"deleted","2026-08-05T09:49:34.765+08:00","2026-08-06T01:42:30.995+08:00",908237,"",""
230529,"monkers_art","monkers",908237,33148,"deleted","2026-08-05T09:49:32.916+08:00","2026-08-06T01:42:30.981+08:00",908237,"",""
230528,"milkmountainart","milkmountain",908237,33148,"deleted","2026-08-05T09:49:30.260+08:00","2026-08-06T01:42:30.964+08:00",908237,"",""
230527,"missicy","iseenudepeople",908237,33148,"deleted","2026-08-05T09:49:29.058+08:00","2026-08-06T01:42:30.949+08:00",908237,"",""
230526,"missicyart","iseenudepeople",908237,33148,"active","2026-08-05T09:49:27.675+08:00","2026-08-05T09:49:27.675+08:00",908237,"",""
230525,"dreamsbellart","dreamsbell",908237,33148,"deleted","2026-08-05T09:49:26.280+08:00","2026-08-06T01:42:30.936+08:00",908237,"",""
230524,"delicioussoups","delicious_soup",908237,33148,"deleted","2026-08-05T09:49:24.720+08:00","2026-08-06T01:42:30.923+08:00",908237,"",""
230523,"9delicioussoups","delicious_soup",908237,33148,"active","2026-08-05T09:49:22.889+08:00","2026-08-05T09:49:22.889+08:00",908237,"",""
230522,"the-other-half","the_other_half",908237,33148,"deleted","2026-08-05T09:49:21.133+08:00","2026-08-06T01:42:30.911+08:00",908237,"",""
230521,"theotherhalf","the_other_half",908237,33148,"deleted","2026-08-05T09:49:19.221+08:00","2026-08-06T01:42:30.897+08:00",908237,"",""
230520,"lajbros1","slippypunk",908237,33148,"active","2026-08-05T09:49:17.591+08:00","2026-08-05T09:49:17.591+08:00",908237,"",""
230519,"onaeart","onaefruit",908237,33148,"deleted","2026-08-05T09:49:15.968+08:00","2026-08-06T01:42:30.883+08:00",908237,"",""
230518,"onae","onaefruit",908237,33148,"deleted","2026-08-05T09:49:14.213+08:00","2026-08-06T01:42:30.870+08:00",908237,"",""
230451,"mintbreakfast","mintbreak",908237,33148,"active","2026-08-05T09:43:41.220+08:00","2026-08-05T09:43:41.220+08:00",908237,"",""
230450,"delicioussoup","delicious_soup",908237,33148,"active","2026-08-05T09:43:39.581+08:00","2026-08-05T09:43:39.581+08:00",908237,"",""
230435,"soundresonance","the_other_half",908237,33148,"active","2026-08-05T09:38:41.743+08:00","2026-08-05T09:38:41.743+08:00",908237,"",""
230288,"bryan_song","anom3dsculptor",433258,33148,"active","2026-08-05T08:03:00.625+08:00","2026-08-05T08:03:00.625+08:00",433258,"",""
230284,"kznsq","andrii_frolov",908237,33148,"active","2026-08-05T07:59:34.905+08:00","2026-08-05T07:59:34.905+08:00",908237,"",""
230280,"ntrev","ohnarev",433258,33148,"active","2026-08-05T06:19:37.507+08:00","2026-08-05T06:19:37.507+08:00",433258,"",""
230274,"kuiko_(1748965794)","uchikaze",433258,33148,"active","2026-08-05T05:39:46.645+08:00","2026-08-05T05:39:46.645+08:00",433258,"",""
230264,"yoona_(li_mozi)","limozi",932445,33148,"active","2026-08-05T03:36:04.537+08:00","2026-08-05T03:36:04.537+08:00",932445,"",""
230254,"cattleya_(shiny_colors)","cattleya_(idolmaster)",52664,37233,"active","2026-08-05T01:35:24.112+08:00","2026-08-05T01:35:24.112+08:00",52664,"",""
230253,"mamemaru_(shiny_colors)","mamemaru_(idolmaster)",52664,37233,"active","2026-08-05T01:35:15.781+08:00","2026-08-05T01:35:15.781+08:00",52664,"",""
230252,"burning_girl_(idolmaster_million_live!)","burning_girl_(idolmaster)",52664,37233,"active","2026-08-05T01:35:12.401+08:00","2026-08-05T01:35:12.401+08:00",52664,"",""
230248,"unko_(himegoto)","sadako_(himegoto)",52664,37240,"active","2026-08-05T01:10:43.558+08:00","2026-08-05T01:10:43.558+08:00",52664,"",""
230247,"aruku_18_kin_(himegoto)","shimoshina_touya",52664,37240,"active","2026-08-05T01:10:39.023+08:00","2026-08-05T01:10:39.023+08:00",52664,"",""
230246,"servant_no.1","ichigou_ichigo",52664,37240,"active","2026-08-05T01:10:29.054+08:00","2026-08-05T01:10:29.054+08:00",52664,"",""
230245,"hiro_(himegoto)","toyotomi_hiro",52664,37240,"active","2026-08-05T01:10:26.330+08:00","2026-08-05T01:10:26.330+08:00",52664,"",""
230240,"482221511","rainsextet",1333332,33148,"active","2026-08-05T01:03:39.880+08:00","2026-08-05T01:03:39.880+08:00",1333332,"",""
230236,"comically_large_hands","yaoi_hands",508240,37245,"active","2026-08-05T00:04:29.758+08:00","2026-08-05T00:04:29.758+08:00",508240,"",""
230232,"acura_nsx","honda_nsx",52664,21658,"active","2026-08-04T23:54:47.251+08:00","2026-08-04T23:54:47.251+08:00",52664,"",""
230230,"china_(ppfjvdjudk54073)","china_(kokkimusume)",52664,37242,"active","2026-08-04T23:47:04.304+08:00","2026-08-04T23:47:04.304+08:00",52664,"",""
230229,"japan_(ppfjvdjudk54073)","japan_(kokkimusume)",52664,37242,"active","2026-08-04T23:46:52.126+08:00","2026-08-04T23:46:52.126+08:00",52664,"",""
230228,"south_korea_(ppfjvdjudk54073)","south_korea_(kokkimusume)",52664,37242,"active","2026-08-04T23:46:43.093+08:00","2026-08-04T23:46:43.093+08:00",52664,"",""
230227,"united_states_(ppfjvdjudk54073)","united_states_(kokkimusume)",52664,37242,"active","2026-08-04T23:46:39.080+08:00","2026-08-04T23:46:39.080+08:00",52664,"",""
230226,"philippines_(ppfjvdjudk54073)","philippines_(kokkimusume)",52664,37242,"active","2026-08-04T23:46:36.448+08:00","2026-08-04T23:46:36.448+08:00",52664,"",""
230225,"vietnam_(ppfjvdjudk54073)","vietnam_(kokkimusume)",52664,37242,"active","2026-08-04T23:46:34.461+08:00","2026-08-04T23:46:34.461+08:00",52664,"",""
230224,"united_kingdom_(ppfjvdjudk54073)","united_kingdom_(kokkimusume)",52664,37242,"active","2026-08-04T23:46:28.345+08:00","2026-08-04T23:46:28.345+08:00",52664,"",""
230223,"canada_(ppfjvdjudk54073)","canada_(kokkimusume)",52664,37242,"active","2026-08-04T23:46:25.691+08:00","2026-08-04T23:46:25.691+08:00",52664,"",""
230222,"australia_(ppfjvdjudk54073)","australia_(kokkimusume)",52664,37242,"active","2026-08-04T23:46:23.124+08:00","2026-08-04T23:46:23.124+08:00",52664,"",""
230221,"india_(ppfjvdjudk54073)","india_(kokkimusume)",52664,37242,"active","2026-08-04T23:46:21.154+08:00","2026-08-04T23:46:21.154+08:00",52664,"",""
230220,"russia_(ppfjvdjudk54073)","russia_(kokkimusume)",52664,37242,"active","2026-08-04T23:46:18.645+08:00","2026-08-04T23:46:18.645+08:00",52664,"",""
230219,"germany_(ppfjvdjudk54073)","germany_(kokkimusume)",52664,37242,"active","2026-08-04T23:46:15.134+08:00","2026-08-04T23:46:15.134+08:00",52664,"",""
230218,"poland_(ppfjvdjudk54073)","poland_(kokkimusume)",52664,37242,"active","2026-08-04T23:46:12.625+08:00","2026-08-04T23:46:12.625+08:00",52664,"",""
230217,"indonesia_(ppfjvdjudk54073)","indonesia_(kokkimusume)",52664,37242,"active","2026-08-04T23:46:10.498+08:00","2026-08-04T23:46:10.498+08:00",52664,"",""
230216,"netherlands_(ppfjvdjudk54073)","netherlands_(kokkimusume)",52664,37242,"active","2026-08-04T23:46:07.008+08:00","2026-08-04T23:46:07.008+08:00",52664,"",""
230215,"italy_(ppfjvdjudk54073)","italy_(kokkimusume)",52664,37242,"active","2026-08-04T23:46:04.066+08:00","2026-08-04T23:46:04.066+08:00",52664,"",""
230214,"france_(ppfjvdjudk54073)","france_(kokkimusume)",52664,37242,"active","2026-08-04T23:46:01.360+08:00","2026-08-04T23:46:01.360+08:00",52664,"",""
230213,"north_korea_(ppfjvdjudk54073)","north_korea_(kokkimusume)",52664,37242,"active","2026-08-04T23:45:58.738+08:00","2026-08-04T23:45:58.738+08:00",52664,"",""
230212,"taiwan_(ppfjvdjudk54073)","taiwan_(kokkimusume)",52664,37242,"active","2026-08-04T23:45:55.726+08:00","2026-08-04T23:45:55.726+08:00",52664,"",""
230211,"brazil_(ppfjvdjudk54073)","brazil_(kokkimusume)",52664,37242,"active","2026-08-04T23:45:53.331+08:00","2026-08-04T23:45:53.331+08:00",52664,"",""
230210,"palau_(ppfjvdjudk54073)","palau_(kokkimusume)",52664,37242,"active","2026-08-04T23:45:50.879+08:00","2026-08-04T23:45:50.879+08:00",52664,"",""
230209,"singapore_(ppfjvdjudk54073)","singapore_(kokkimusume)",52664,37242,"active","2026-08-04T23:45:48.749+08:00","2026-08-04T23:45:48.749+08:00",52664,"",""
230208,"thailand_(ppfjvdjudk54073)","thailand_(kokkimusume)",52664,37242,"active","2026-08-04T23:45:46.838+08:00","2026-08-04T23:45:46.838+08:00",52664,"",""
230207,"mongolia_(ppfjvdjudk54073)","mongolia_(kokkimusume)",52664,37242,"active","2026-08-04T23:45:44.604+08:00","2026-08-04T23:45:44.604+08:00",52664,"",""
230206,"turkey_(ppfjvdjudk54073)","turkey_(kokkimusume)",52664,37242,"active","2026-08-04T23:45:42.367+08:00","2026-08-04T23:45:42.367+08:00",52664,"",""
230205,"mexico_(ppfjvdjudk54073)","mexico_(kokkimusume)",52664,37242,"active","2026-08-04T23:45:40.046+08:00","2026-08-04T23:45:40.046+08:00",52664,"",""
230204,"united_arab_emirates_(ppfjvdjudk54073)","united_arab_emirates_(kokkimusume)",52664,37242,"active","2026-08-04T23:45:37.015+08:00","2026-08-04T23:45:37.015+08:00",52664,"",""
230176,"ame-chan","ame-chan_(ameneko_1)",1492054,33148,"deleted","2026-08-04T23:40:17.365+08:00","2026-08-06T01:33:10.385+08:00",1492054,"",""
230172,"fried_hoshino_(meme)","hoshino_crunchy_(meme)",52664,37236,"active","2026-08-04T23:33:43.867+08:00","2026-08-04T23:33:43.867+08:00",52664,"",""
230170,"shindou_nayuta","shindo_nayuta",52664,37241,"active","2026-08-04T23:24:38.731+08:00","2026-08-04T23:24:38.731+08:00",52664,"",""
230169,"senba_youta","senba_yota",52664,37241,"active","2026-08-04T23:24:35.975+08:00","2026-08-04T23:24:35.975+08:00",52664,"",""
230168,"senba_souta","senba_sota",52664,37241,"active","2026-08-04T23:24:32.523+08:00","2026-08-04T23:24:32.523+08:00",52664,"",""
230167,"senba_shouta","senba_shota",52664,37241,"active","2026-08-04T23:24:28.304+08:00","2026-08-04T23:24:28.304+08:00",52664,"",""
230166,"nikaidou_reika","nikaido_reika",52664,37241,"active","2026-08-04T23:24:19.507+08:00","2026-08-04T23:24:19.507+08:00",52664,"",""
230165,"nakajou_akina","nakajo_akina",52664,37241,"active","2026-08-04T23:24:17.162+08:00","2026-08-04T23:24:17.162+08:00",52664,"",""
230164,"kondou_nana","kondo_nana",52664,37241,"active","2026-08-04T23:24:14.905+08:00","2026-08-04T23:24:14.905+08:00",52664,"",""
230156,"toudou_taira_(hachigatsu_no_cinderella_nine)","todo_taira_(hachigatsu_no_cinderella_nine)",52664,37241,"active","2026-08-04T23:24:06.378+08:00","2026-08-04T23:24:06.378+08:00",52664,"",""
230155,"oowada_sachi","owada_sachi",52664,37241,"active","2026-08-04T23:23:58.689+08:00","2026-08-04T23:23:58.689+08:00",52664,"",""
230154,"kousaka_tsubaki","kosaka_tsubaki",52664,37241,"active","2026-08-04T23:23:51.916+08:00","2026-08-04T23:23:51.916+08:00",52664,"",""
230153,"kondou_saki","kondo_saki",52664,37241,"active","2026-08-04T23:23:42.359+08:00","2026-08-04T23:23:42.359+08:00",52664,"",""
230152,"kishi_fuuka","kishi_fuka",52664,37241,"active","2026-08-04T23:23:37.981+08:00","2026-08-04T23:23:37.981+08:00",52664,"",""
230151,"joujima_momo","jojima_momo",52664,37241,"active","2026-08-04T23:23:33.870+08:00","2026-08-04T23:23:33.870+08:00",52664,"",""
230150,"izumida_kyouka","izumida_kyoka",52664,37241,"active","2026-08-04T23:23:27.306+08:00","2026-08-04T23:23:27.306+08:00",52664,"",""
230142,"gwendolynstore","maru_(maru_nyamaru)",718515,33148,"active","2026-08-04T21:45:50.414+08:00","2026-08-04T21:45:50.414+08:00",718515,"",""
230138,"bertstudent","buxian_de_xianyu",718515,33148,"active","2026-08-04T21:15:12.562+08:00","2026-08-04T21:15:12.562+08:00",718515,"",""
230128,"rihsehshuhn","rond_g",932445,33148,"active","2026-08-04T17:47:33.796+08:00","2026-08-04T17:47:33.796+08:00",932445,"",""
230119,"cocoakochan","tsuyoshi_(normal811)",18031,33148,"active","2026-08-04T11:59:00.501+08:00","2026-08-04T11:59:00.501+08:00",18031,"",""
230115,"loveu","robro3000",718515,33148,"active","2026-08-04T11:34:36.909+08:00","2026-08-04T11:34:36.909+08:00",718515,"",""
230111,"roam_hong","hongm",1449841,33148,"active","2026-08-04T11:22:37.834+08:00","2026-08-04T11:22:37.834+08:00",1449841,"",""
230107,"user_gfnm3572","kurokawa_gonshi",718515,33148,"active","2026-08-04T11:15:45.887+08:00","2026-08-04T11:15:45.887+08:00",718515,"",""
230103,"loyang","sepo",1288648,33148,"active","2026-08-04T11:00:29.614+08:00","2026-08-06T11:25:16.629+08:00",1288648,"",""
230043,"kimeitsune","kitsumei",718515,33148,"active","2026-08-04T09:54:35.162+08:00","2026-08-04T09:54:35.162+08:00",718515,"",""
229975,"tadanogomi","xu_(anniechika)",786597,33148,"active","2026-08-04T07:55:22.356+08:00","2026-08-04T07:55:22.356+08:00",786597,"",""
229971,"surume_208","aruke_(rk_prsk)",983878,33148,"active","2026-08-04T07:41:00.851+08:00","2026-08-04T07:41:00.851+08:00",983878,"",""
229967,"single_frame","still_animation",52664,37213,"active","2026-08-04T04:23:09.998+08:00","2026-08-04T04:23:09.998+08:00",52664,"",""
229965,"gyudonno","katsudonno",52664,7713,"active","2026-08-04T04:21:36.269+08:00","2026-08-04T04:21:36.269+08:00",52664,"",""
229963,"5fb5321f00000000010058b4","miix777",52664,7713,"active","2026-08-04T04:14:27.225+08:00","2026-08-04T04:14:27.225+08:00",52664,"",""
229961,"tagfly27qt","pumomo_(saito80276259)",52664,7713,"active","2026-08-04T04:14:01.070+08:00","2026-08-04T04:14:01.070+08:00",52664,"",""
229959,"ki-45_kai","ki-45_kai_toryuu",52664,37225,"active","2026-08-04T03:31:21.897+08:00","2026-08-04T03:31:21.897+08:00",52664,"",""
229958,"ki-45_toryu","ki-45_kai_toryuu",52664,37225,"active","2026-08-04T03:31:18.745+08:00","2026-08-04T03:31:18.745+08:00",52664,"",""
229955,"yuzuvdt","pazoinks",499293,33148,"active","2026-08-04T03:19:30.499+08:00","2026-08-04T03:19:30.499+08:00",499293,"",""
229951,"freight_container","shipping_container",52664,37221,"active","2026-08-04T03:11:02.918+08:00","2026-08-04T03:11:02.918+08:00",52664,"",""
229950,"intermodal_container","shipping_container",52664,37221,"active","2026-08-04T03:11:01.076+08:00","2026-08-04T03:11:01.076+08:00",52664,"",""
229947,"teasday","osakasa",1116846,7713,"active","2026-08-04T03:06:14.469+08:00","2026-08-04T03:06:14.469+08:00",1116846,"",""
229910,"canis_canem_edit","bully_(game)",52664,37230,"active","2026-08-04T02:53:02.501+08:00","2026-08-04T02:53:02.501+08:00",52664,"",""
229908,"gatack777","bbk_(bbkbebek7)",1228669,33148,"active","2026-08-04T01:11:25.242+08:00","2026-08-04T01:11:25.242+08:00",1228669,"",""
229904,"yoyo_(550098)","yoyo_(pixiv_6950851)",103979,33148,"active","2026-08-04T00:54:38.962+08:00","2026-08-04T00:54:38.962+08:00",103979,"",""
229903,"bubba_(user_nzhy7548)","bubba_(pixiv_116603407)",103979,33148,"active","2026-08-04T00:54:36.912+08:00","2026-08-04T00:54:36.912+08:00",103979,"",""
229902,"nazrin_(fwpt8745)","nazrin_(pixiv_53921432)",103979,33148,"active","2026-08-04T00:54:34.634+08:00","2026-08-04T00:54:34.634+08:00",103979,"",""
229892,"yul1n","yul1n812",932445,33148,"active","2026-08-04T00:45:21.939+08:00","2026-08-04T00:45:21.939+08:00",932445,"",""
229888,"da_zi_hongxin_fan_shiliu","daihao1863",932445,33148,"active","2026-08-04T00:09:58.248+08:00","2026-08-04T00:09:58.248+08:00",932445,"",""
229878,"yunohana_(yunoyunohana2)","oyumomochi",65793,33148,"active","2026-08-03T21:07:30.115+08:00","2026-08-03T21:07:30.115+08:00",65793,"",""
229874,"male_secretary","salaryman",508240,36772,"active","2026-08-03T20:40:55.464+08:00","2026-08-03T20:40:55.464+08:00",508240,"",""
229870,"mysterious_onyx","angelic_amber",508240,36684,"active","2026-08-03T20:28:21.336+08:00","2026-08-03T20:28:21.336+08:00",508240,"",""
229868,"epitaph_(zheishiyigexiaohao162)","setsuna_reed",508240,33148,"active","2026-08-03T20:22:35.738+08:00","2026-08-03T20:22:35.738+08:00",508240,"",""
229866,"yutazou","konsai_2",508240,7713,"active","2026-08-03T20:16:11.262+08:00","2026-08-03T20:16:11.262+08:00",508240,"",""
229864,"ooe_(game)","ooe_(adelta)",508240,35055,"active","2026-08-03T20:04:54.079+08:00","2026-08-03T20:04:54.079+08:00",508240,"",""
229862,"mueos-ilkka","what1lkka",1333332,7713,"active","2026-08-03T18:16:56.298+08:00","2026-08-03T18:16:56.298+08:00",1333332,"",""
229860,"a_kumo","akumo",1333332,7713,"active","2026-08-03T18:16:23.498+08:00","2026-08-03T18:16:23.498+08:00",1333332,"",""
229856,"anadoli7","aokocyan",508240,33148,"active","2026-08-03T16:37:35.775+08:00","2026-08-03T16:37:35.775+08:00",508240,"",""
229852,"ennuiim","phos_(ennuuiim)",433258,33148,"active","2026-08-03T16:14:48.269+08:00","2026-08-03T16:14:48.269+08:00",433258,"",""
229846,"user_pkvc5388","victorreznov",932445,33148,"active","2026-08-03T14:21:42.422+08:00","2026-08-03T14:21:42.422+08:00",932445,"",""
229842,"bilibili_35642470","shan_dian_gong_hu",974737,33148,"retired","2026-08-03T14:19:49.868+08:00","2026-08-09T08:01:00.698+08:00",974737,"",""
229838,"elara_(elaravtuber)","elara_(vtuber)_(artist)",480070,33148,"active","2026-08-03T14:16:18.999+08:00","2026-08-03T14:16:18.999+08:00",480070,"",""
229832,"elara_(vtuber)_(artist)","elara_(elaravtuber)",974737,33148,"deleted","2026-08-03T14:11:49.269+08:00","2026-08-03T14:16:19.021+08:00",974737,"",""
229827,"to_aphelion","chengjing_de_lanmeipai",932445,33148,"active","2026-08-03T13:57:51.414+08:00","2026-08-03T13:57:51.414+08:00",932445,"",""
229823,"bilibili_149268864","xiao_sheng_chun_fei",974737,33148,"active","2026-08-03T13:51:11.269+08:00","2026-08-03T13:51:11.269+08:00",974737,"",""
229819,"bilibili_2846632","mao_ye_xiang_che",974737,33148,"active","2026-08-03T13:35:39.434+08:00","2026-08-03T13:35:39.434+08:00",974737,"",""
229815,"ju_wei_bingbang","juweibingbang",932445,33148,"active","2026-08-03T13:23:37.329+08:00","2026-08-03T13:23:37.329+08:00",932445,"",""
229803,"nuibashi","igigusa18",1333332,7713,"active","2026-08-03T02:43:11.961+08:00","2026-08-03T02:43:11.961+08:00",1333332,"",""
229801,"huique-r22","ryeeerz",623273,33148,"active","2026-08-03T01:47:40.898+08:00","2026-08-03T01:47:40.898+08:00",623273,"",""
229797,"chengnnnan","chengnanbunancheng",759947,33148,"active","2026-08-03T01:36:48.115+08:00","2026-08-03T01:36:48.115+08:00",759947,"",""
229785,"sko_wy","ynk_vv",1352409,33148,"active","2026-08-03T01:13:13.338+08:00","2026-08-03T01:13:13.338+08:00",1352409,"",""
229779,"kongbailuoludeshulin","meitian_douhe_yanjiang",1316376,33148,"active","2026-08-03T00:22:34.417+08:00","2026-08-03T00:22:34.417+08:00",1316376,"",""
229775,"blank_boxx","kuuhaku_(blank_boxx)",68250,33148,"active","2026-08-03T00:02:31.554+08:00","2026-08-03T00:02:31.554+08:00",68250,"",""
229774,"night27260","kuuhaku_(blank_boxx)",68250,33148,"active","2026-08-03T00:02:29.541+08:00","2026-08-03T00:02:29.541+08:00",68250,"",""
229773,"tao_(himawari-tuki)","yamata_tao",68250,33148,"active","2026-08-03T00:02:27.806+08:00","2026-08-03T00:02:27.806+08:00",68250,"",""
229772,"kulissara-aung","kulikon",68250,33148,"active","2026-08-03T00:02:21.603+08:00","2026-08-03T00:02:21.603+08:00",68250,"",""
229771,"asasumiboochan","koganei_kogane",68250,33148,"active","2026-08-03T00:02:18.404+08:00","2026-08-03T00:02:18.404+08:00",68250,"",""
229770,"chisaki_kanai","kanai_chisaki",68250,33148,"active","2026-08-03T00:02:15.951+08:00","2026-08-03T00:02:15.951+08:00",68250,"",""
229745,"taiwan_coast_guard","coast_guard_administration_(taiwan)",52664,37214,"active","2026-08-02T22:13:48.999+08:00","2026-08-02T22:13:48.999+08:00",52664,"",""
229743,"user_pwkd4438","lapistone",786597,33148,"active","2026-08-02T22:10:23.481+08:00","2026-08-02T22:10:23.481+08:00",786597,"",""
229739,"user_pccv5323","tenshied730",1333332,7713,"active","2026-08-02T21:59:58.911+08:00","2026-08-02T21:59:58.911+08:00",1333332,"",""
229735,"mimigri000","mistigri0000",1333332,33148,"active","2026-08-02T21:18:33.447+08:00","2026-08-02T21:18:33.447+08:00",1333332,"",""
229733,"ill1iliiii","hto1324",1333332,33148,"active","2026-08-02T21:17:49.761+08:00","2026-08-02T21:17:49.761+08:00",1333332,"",""
229731,"blenderknight_(blendie)","blenderknight",908237,33148,"active","2026-08-02T19:50:59.740+08:00","2026-08-02T19:50:59.740+08:00",908237,"",""
229725,"nm5o","ojkaka20",1197087,33148,"active","2026-08-02T18:39:23.561+08:00","2026-08-02T18:39:23.561+08:00",1197087,"",""
229721,"sow_graden429","sow_garden429",433258,33148,"active","2026-08-02T15:01:20.831+08:00","2026-08-02T15:01:20.831+08:00",433258,"",""
229707,"yejunsokind","iheartseblak",280788,33148,"active","2026-08-02T11:21:39.736+08:00","2026-08-02T11:21:39.736+08:00",280788,"",""
229703,"pink_(4chan)","cerise",433258,33148,"active","2026-08-02T10:33:11.588+08:00","2026-08-02T10:33:11.588+08:00",433258,"",""
229699,"pidpigeon","mizutorii",433258,33148,"active","2026-08-02T10:18:39.795+08:00","2026-08-02T10:18:39.795+08:00",433258,"",""
229695,"yeyezimiao","sandianshuijiamu",1182530,33148,"active","2026-08-02T08:43:12.272+08:00","2026-08-02T08:43:12.272+08:00",1182530,"",""
229585,"the_lonely_snow_widow_and_the_cursed_ring","hitozukiai_ga_nigate_na_miboujin_no_yukionna-san_to_noroi_no_yubiwa",52664,37191,"active","2026-08-02T04:10:43.613+08:00","2026-08-02T04:10:43.613+08:00",52664,"",""
229583,"xxx_cat_(vocaloid)","batsu_neko_(vocaloid)",52664,37193,"active","2026-08-02T04:07:51.691+08:00","2026-08-02T04:07:51.691+08:00",52664,"",""
229581,"ganko","moudoku_(decopon3rd)",52664,7713,"active","2026-08-02T04:04:09.518+08:00","2026-08-02T04:04:09.518+08:00",52664,"",""
229579,"mt._lady","mount_lady",52664,37202,"active","2026-08-02T03:40:09.160+08:00","2026-08-02T03:40:09.160+08:00",52664,"",""
229577,"lumine_(snezhnaya)_(genshin_impact)","lumine_(night_hunt_in_snow)_(genshin_impact)",52664,19285,"active","2026-08-02T03:31:52.079+08:00","2026-08-02T03:31:52.079+08:00",52664,"",""
229576,"aether_(snezhnaya)_(genshin_impact)","aether_(night_hunt_in_snow)_(genshin_impact)",52664,19285,"active","2026-08-02T03:31:44.191+08:00","2026-08-02T03:31:44.191+08:00",52664,"",""
229573,"danariel_(ravencove)","danariel_belnades",52664,23520,"active","2026-08-02T03:15:28.171+08:00","2026-08-02T03:15:28.171+08:00",52664,"",""
229571,"pandy_(kashiko_mari)","pandei_(kashiko_mari)",52664,23520,"active","2026-08-02T03:14:32.787+08:00","2026-08-02T03:14:32.787+08:00",52664,"",""
229567,"kuangbao_hei_jian_qinxiang_chu_zu_zhang","lvbing",499293,37208,"active","2026-08-02T01:45:18.967+08:00","2026-08-02T01:45:18.967+08:00",499293,"",""
229565,"toubun14","niinuma_takuya",475832,33148,"active","2026-08-02T01:25:29.721+08:00","2026-08-02T01:25:29.721+08:00",475832,"",""
229561,"shiinauka","sina_(sinasinatu)",433258,33148,"active","2026-08-02T01:17:46.413+08:00","2026-08-02T01:17:46.413+08:00",433258,"",""
229557,"m_i_r_r_o_r","zhenda10169",1087973,33148,"active","2026-08-02T01:03:24.947+08:00","2026-08-02T01:03:24.947+08:00",1087973,"",""
229551,"loveexplosion86","loveexplosion",433258,33148,"active","2026-08-01T23:16:20.522+08:00","2026-08-01T23:16:20.522+08:00",433258,"",""
229539,"niconeco2255","nikoneko",997024,33148,"active","2026-08-01T18:56:48.300+08:00","2026-08-01T18:56:48.300+08:00",997024,"",""
229535,"waxwa","nekogohan",433258,33148,"active","2026-08-01T17:39:53.800+08:00","2026-08-01T17:39:53.800+08:00",433258,"",""
229531,"jdrider02","jd02",433258,33148,"active","2026-08-01T17:32:09.642+08:00","2026-08-01T17:32:09.642+08:00",433258,"",""
229530,"linefag_(colorist)","sparagmosart",433258,33148,"active","2026-08-01T17:32:07.628+08:00","2026-08-01T17:32:07.628+08:00",433258,"",""
229523,"masakari_(yasudadou)","yasuda_kousuke",433258,33148,"active","2026-08-01T17:18:34.995+08:00","2026-08-01T17:18:34.995+08:00",433258,"",""
229522,"neetdraws","neet_kun01",433258,33148,"active","2026-08-01T17:18:33.440+08:00","2026-08-01T17:18:33.440+08:00",433258,"",""
229515,"nemurouu","buruii_tte",1333332,7713,"active","2026-08-01T17:06:58.100+08:00","2026-08-01T17:06:58.100+08:00",1333332,"",""
229511,"tiko163","tico163",1333332,33148,"active","2026-08-01T16:33:47.494+08:00","2026-08-01T16:33:47.494+08:00",1333332,"",""
229510,"hamtico","tico163",1333332,33148,"active","2026-08-01T16:33:45.869+08:00","2026-08-01T16:33:45.869+08:00",1333332,"",""
229503,"rt_occidens","bai_si_kuo_luo",1333332,7713,"active","2026-08-01T16:27:46.774+08:00","2026-08-01T16:27:46.774+08:00",1333332,"",""
229499,"ure_0i","oekakixx",1333332,7713,"active","2026-08-01T16:23:04.961+08:00","2026-08-01T16:23:04.961+08:00",1333332,"",""
229497,"sitta","liu_suyu",759947,33148,"active","2026-08-01T15:26:35.973+08:00","2026-08-01T15:26:35.973+08:00",759947,"",""
229487,"ytyrytyr","yukinpo_dida",475832,33148,"active","2026-08-01T11:35:44.168+08:00","2026-08-01T11:35:44.168+08:00",475832,"",""
229481,"antiholiday","taki_zen'ichi",433258,33148,"active","2026-08-01T10:48:20.491+08:00","2026-08-01T10:48:20.491+08:00",433258,"",""
229477,"blt6yvlu9w20687","wei_zhi_di",983878,33148,"retired","2026-08-01T10:26:52.143+08:00","2026-08-02T08:01:12.804+08:00",983878,"",""
229473,"shaberu_(vmys8474)","shabell",932445,33148,"active","2026-08-01T09:39:42.427+08:00","2026-08-01T09:39:42.427+08:00",932445,"",""
229469,"cute-blue","alex_law",776439,33148,"active","2026-08-01T09:15:22.459+08:00","2026-08-01T09:15:22.459+08:00",776439,"",""
229465,"mukuro_mushi","sepira",1424647,33148,"active","2026-08-01T08:02:46.286+08:00","2026-08-01T08:02:46.286+08:00",1424647,"",""
229429,"tebasaki_gitsune","while_d",1350155,33148,"active","2026-08-01T02:04:41.788+08:00","2026-08-01T02:04:41.788+08:00",1350155,"",""
229425,"ear_censor","censored_ears",52664,37187,"active","2026-08-01T01:45:23.826+08:00","2026-08-01T01:45:23.826+08:00",52664,"",""
229423,"bikini_hanger","full-body_clothes_hanger",52664,37034,"active","2026-08-01T01:37:14.906+08:00","2026-08-01T01:37:14.906+08:00",52664,"",""
229422,"swimsuit_hanger","full-body_clothes_hanger",52664,37034,"active","2026-08-01T01:35:44.345+08:00","2026-08-01T01:35:44.345+08:00",52664,"",""
229419,"bear-shaped_buttons","bear_button",52664,37045,"active","2026-08-01T01:15:53.465+08:00","2026-08-01T01:15:53.465+08:00",52664,"",""
229418,"rabbit-shaped_buttons","rabbit_button",52664,37045,"active","2026-08-01T01:15:46.471+08:00","2026-08-01T01:15:46.471+08:00",52664,"",""
229417,"x-shaped_buttons","x_button",52664,37045,"active","2026-08-01T01:15:44.174+08:00","2026-08-01T01:15:44.174+08:00",52664,"",""
229413,"flower-shaped_buttons","flower_button",52664,37045,"active","2026-08-01T01:15:36.531+08:00","2026-08-01T01:15:36.531+08:00",52664,"",""
229411,"momo_(xenoblade)","momo_mizrahi",52664,37059,"active","2026-08-01T00:43:11.163+08:00","2026-08-01T00:43:11.163+08:00",52664,"",""
229410,"momo_(xenosaga)","momo_mizrahi",52664,37059,"active","2026-08-01T00:43:08.765+08:00","2026-08-01T00:43:08.765+08:00",52664,"",""
229407,"gainsborough_hat","picture_hat",52664,37161,"active","2026-08-01T00:08:28.039+08:00","2026-08-01T00:08:28.039+08:00",52664,"",""
229405,"deathtamor","mortamor",52664,37153,"active","2026-08-01T00:05:07.196+08:00","2026-08-01T00:05:07.196+08:00",52664,"",""
229403,"riseagain-again","s2_(stwo)",433258,33148,"active","2026-07-31T23:57:17.513+08:00","2026-07-31T23:57:17.513+08:00",433258,"",""
229399,"victory_girl","vicky_powers",52664,37179,"active","2026-07-31T23:32:50.344+08:00","2026-07-31T23:32:50.344+08:00",52664,"",""
229397,"mutsuka_(escalation_heroines)","tokitsukasa_mutsuka",52664,36293,"active","2026-07-31T23:16:03.937+08:00","2026-07-31T23:16:03.937+08:00",52664,"",""
229395,"shadow_hearts_from_the_new_world","shadow_hearts:_from_the_new_world",52664,31740,"active","2026-07-31T23:14:48.412+08:00","2026-07-31T23:14:48.412+08:00",52664,"",""
229391,"shizuka_mibu_(makiya)","mibu_shizuka_(makiya)",52664,37184,"active","2026-07-31T23:04:22.535+08:00","2026-07-31T23:04:22.535+08:00",52664,"",""
229389,"vike_(zenless_zone_zero)","beliora_vike",52664,30085,"active","2026-07-31T23:02:38.129+08:00","2026-07-31T23:02:38.129+08:00",52664,"",""
229387,"trixdraws","trixia",433258,33148,"active","2026-07-31T21:51:39.141+08:00","2026-07-31T21:51:39.141+08:00",433258,"",""
229383,"kanae-ink","kanae_ink",433258,33148,"active","2026-07-31T21:20:38.625+08:00","2026-07-31T21:20:38.625+08:00",433258,"",""
229382,"argonvile","argon-vile",433258,33148,"active","2026-07-31T21:20:36.235+08:00","2026-07-31T21:20:36.235+08:00",433258,"",""
229375,"suguya","dow_suitable",861955,33148,"active","2026-07-31T21:12:14.472+08:00","2026-07-31T21:12:14.472+08:00",861955,"",""
229369,"zakuroa_(zkr_gbf)","zakreb3",433258,33148,"active","2026-07-31T20:41:30.190+08:00","2026-07-31T20:41:30.190+08:00",433258,"",""
229365,"gba3kg0hx9htpmk","yoguleuteusseondeo",433258,33148,"active","2026-07-31T20:04:18.231+08:00","2026-07-31T20:04:18.231+08:00",433258,"",""
229361,"user_tzha5428","kinoko_(pixiv_111671276)",739901,33148,"active","2026-07-31T19:27:27.018+08:00","2026-07-31T19:27:27.018+08:00",739901,"",""
229357,"vampiryprpr","vampiry",433258,33148,"active","2026-07-31T18:39:26.480+08:00","2026-07-31T18:39:26.480+08:00",433258,"",""
229351,"unclearpowerplant","doctornuclear",433258,33148,"active","2026-07-31T18:11:17.765+08:00","2026-07-31T18:11:17.765+08:00",433258,"",""
229347,"haya_(amagasane)","hayasaka_(neoneet)",433258,33148,"active","2026-07-31T18:06:25.940+08:00","2026-07-31T18:06:25.940+08:00",433258,"",""
229343,"kokko_tarou","cocconeis",433258,33148,"active","2026-07-31T17:51:36.527+08:00","2026-07-31T17:51:36.527+08:00",433258,"",""
229342,"chloesimaginationthings","chloeimagine",433258,33148,"active","2026-07-31T17:51:35.111+08:00","2026-07-31T17:51:35.111+08:00",433258,"",""
229341,"kiel-adair","kiel_adair",433258,33148,"active","2026-07-31T17:51:33.914+08:00","2026-07-31T17:51:33.914+08:00",433258,"",""
229340,"wrwinter111","wr-winter",433258,33148,"active","2026-07-31T17:51:31.432+08:00","2026-07-31T17:51:31.432+08:00",433258,"",""
229339,"causeimdanjones","dan_jones",433258,33148,"active","2026-07-31T17:51:30.085+08:00","2026-07-31T17:51:30.085+08:00",433258,"",""
229338,"dymitr3_error","358_dymitre",433258,33148,"active","2026-07-31T17:51:28.634+08:00","2026-07-31T17:51:28.634+08:00",433258,"",""
229337,"phainonsceo","chihuahuarien",433258,33148,"active","2026-07-31T17:51:26.922+08:00","2026-07-31T17:51:26.922+08:00",433258,"",""
229336,"cupcakeshakesnake","snakedraws",433258,33148,"active","2026-07-31T17:51:25.603+08:00","2026-07-31T17:51:25.603+08:00",433258,"",""
229335,"lurkingtyger","lurking_tyger",433258,33148,"active","2026-07-31T17:51:24.004+08:00","2026-07-31T17:51:24.004+08:00",433258,"",""
229307,"tofu1365","agedashi_doufu_mk23",926897,33148,"active","2026-07-31T17:16:02.565+08:00","2026-07-31T17:16:02.565+08:00",926897,"",""
229303,"sreaperdraws","g_reaper",1333332,7713,"active","2026-07-31T16:59:39.135+08:00","2026-07-31T16:59:39.135+08:00",1333332,"",""
229301,"allison_yu","ebi_draw",1333332,33148,"active","2026-07-31T16:55:54.910+08:00","2026-07-31T16:55:54.910+08:00",1333332,"",""
229297,"ebi_draw","allison_yu",1333332,7713,"deleted","2026-07-31T16:55:32.398+08:00","2026-07-31T16:55:54.918+08:00",1333332,"",""
229295,"cha_(ynks4872)","chhiii_o_o",556219,33148,"active","2026-07-31T14:52:03.830+08:00","2026-07-31T14:52:03.830+08:00",556219,"",""
229291,"chack520","zhuozi_jun",1340120,33148,"active","2026-07-31T13:44:41.937+08:00","2026-07-31T13:44:41.937+08:00",1340120,"",""
229285,"shiron_(shiro_n)","amakura_(am_as)",974737,7713,"active","2026-07-31T12:58:21.275+08:00","2026-07-31T12:58:21.275+08:00",974737,"",""
229283,"jjsmiley95","jjsucksalot",523452,7713,"active","2026-07-31T12:08:41.856+08:00","2026-07-31T12:08:41.856+08:00",523452,"",""
229279,"nachomolinaart","nacho_molina",433258,33148,"active","2026-07-31T11:58:58.951+08:00","2026-07-31T11:58:58.951+08:00",433258,"",""
229275,"sikorsky","tranquillianusmajor",433258,33148,"active","2026-07-31T11:40:16.559+08:00","2026-07-31T11:40:16.559+08:00",433258,"",""
229271,"yoroshiku_(orange_cat)","kanataria",433258,33148,"active","2026-07-31T11:36:03.483+08:00","2026-07-31T11:36:03.483+08:00",433258,"",""
229265,"asahi_(asahi222)","k_w_r",433258,33148,"active","2026-07-31T11:24:01.309+08:00","2026-07-31T11:24:01.309+08:00",433258,"",""
229261,"oniyanagi","jinnseigame",433258,33148,"active","2026-07-31T10:47:54.606+08:00","2026-07-31T10:47:54.606+08:00",433258,"",""
229257,"mitsu032","mitsu_(imoimou)",433258,33148,"active","2026-07-31T10:44:02.284+08:00","2026-07-31T10:44:02.284+08:00",433258,"",""
229253,"nyaaakis","naki_(ynjtb)",433258,33148,"active","2026-07-31T10:39:40.442+08:00","2026-07-31T10:39:40.442+08:00",433258,"",""
229249,"kangzhuzhu","kangg",1182530,33148,"active","2026-07-31T10:32:49.293+08:00","2026-07-31T10:32:49.293+08:00",1182530,"",""
229245,"skb_visconti","skiba",433258,33148,"active","2026-07-31T10:26:16.154+08:00","2026-07-31T10:26:16.154+08:00",433258,"",""
229241,"nenechan203","nenekantoku",433258,33148,"active","2026-07-31T10:24:50.624+08:00","2026-07-31T10:24:50.624+08:00",433258,"",""
229237,"kur0mak1","hakuro0",433258,33148,"active","2026-07-31T10:21:56.455+08:00","2026-07-31T10:21:56.455+08:00",433258,"",""
229231,"terashards","kiki_(rottingichor)",433258,33148,"active","2026-07-31T10:15:42.335+08:00","2026-07-31T10:15:42.335+08:00",433258,"",""
229223,"myotishi","rosie_westberry",433258,33148,"active","2026-07-31T10:11:35.043+08:00","2026-07-31T10:11:35.043+08:00",433258,"",""
229219,"haruxuuu","shiki_haru",433258,33148,"active","2026-07-31T09:56:44.028+08:00","2026-07-31T09:56:44.028+08:00",433258,"",""
229215,"nutinana","i_g1ax",433258,33148,"active","2026-07-31T09:55:04.387+08:00","2026-07-31T09:55:04.387+08:00",433258,"",""
229211,"gundamsimp","mieira12",433258,33148,"active","2026-07-31T09:52:00.858+08:00","2026-07-31T09:52:00.858+08:00",433258,"",""
229207,"sad_bocchi","peppy_(peppersteaku)",433258,33148,"active","2026-07-31T09:46:10.028+08:00","2026-07-31T09:46:10.028+08:00",433258,"",""
229203,"morebird","morbird_art",433258,33148,"active","2026-07-31T09:40:57.939+08:00","2026-07-31T09:40:57.939+08:00",433258,"",""
229199,"rinkibu","sara_(rinkibu)",433258,33148,"active","2026-07-31T09:36:59.724+08:00","2026-07-31T09:36:59.724+08:00",433258,"",""
229166,"zezhou_chen","zezhou",433258,33148,"active","2026-07-31T09:31:23.077+08:00","2026-07-31T09:31:23.077+08:00",433258,"",""
229162,"kanaetainaraoverthetop","elricflavia",433258,33148,"active","2026-07-31T09:27:47.697+08:00","2026-07-31T09:27:47.697+08:00",433258,"",""
229158,"hanap","koishi_abc",433258,33148,"active","2026-07-31T09:23:43.365+08:00","2026-07-31T09:23:43.365+08:00",433258,"",""
229154,"nzmpark","sioooiz",433258,33148,"active","2026-07-31T09:08:15.471+08:00","2026-07-31T09:08:15.471+08:00",433258,"",""
229150,"daily_kazuha","kx0e",433258,33148,"active","2026-07-31T09:06:13.680+08:00","2026-07-31T09:06:13.680+08:00",433258,"",""
229142,"thechekhov","chekhov",433258,33148,"active","2026-07-31T08:44:11.078+08:00","2026-07-31T08:44:11.078+08:00",433258,"",""
229138,"pigeonsenpai","carefreejules15",433258,33148,"active","2026-07-31T08:41:31.857+08:00","2026-07-31T08:41:31.857+08:00",433258,"",""
229134,"polaris_(polarissketches)","polarissketches",433258,33148,"active","2026-07-31T08:38:22.486+08:00","2026-07-31T08:38:22.486+08:00",433258,"",""
229130,"acosic","acofengche",433258,33148,"active","2026-07-31T07:56:15.050+08:00","2026-07-31T07:56:15.050+08:00",433258,"",""
229097,"lee_0a0","lee_co00",433258,33148,"active","2026-07-31T07:52:29.503+08:00","2026-07-31T07:52:29.503+08:00",433258,"",""
229093,"acro0826","tong_(acro826)",433258,33148,"active","2026-07-31T07:50:18.864+08:00","2026-07-31T07:50:18.864+08:00",433258,"",""
229092,"hitomiacro","tong_(acro826)",433258,33148,"active","2026-07-31T07:50:17.227+08:00","2026-07-31T07:50:17.227+08:00",433258,"",""
229079,"mukanata2","mukanata",1538132,33148,"active","2026-07-31T07:24:21.516+08:00","2026-07-31T07:24:21.516+08:00",1538132,"",""
229075,"fz1","lidel_(fz1)",347755,33148,"active","2026-07-31T07:00:07.201+08:00","2026-07-31T07:00:07.201+08:00",347755,"",""
229039,"suzukawa_katsuki","suzukawakatsuki",1151956,33148,"active","2026-07-31T05:42:33.024+08:00","2026-07-31T05:42:33.024+08:00",1151956,"",""
229035,"user_wtwz3334","ri_ri_ri2",1103267,33148,"active","2026-07-31T04:49:05.386+08:00","2026-07-31T04:49:05.386+08:00",1103267,"",""
229025,"user_udze4838","grimjaengi3",861955,33148,"active","2026-07-31T03:47:10.500+08:00","2026-07-31T03:47:10.500+08:00",861955,"",""
229015,"ao-tombo","shiftoto_(obitsu_akihiro)",68250,33148,"active","2026-07-31T00:36:47.583+08:00","2026-07-31T00:36:47.583+08:00",68250,"",""
229014,"kabosu_(anna_neji)","kokonoe_kabosu",68250,33148,"active","2026-07-31T00:36:43.049+08:00","2026-07-31T00:36:43.049+08:00",68250,"",""
229007,"louis_arneb","rui_arneb",52664,37164,"active","2026-07-30T23:37:16.574+08:00","2026-07-30T23:37:16.574+08:00",52664,"",""
229005,"goblin_slayer-another_adventurer-nightmare_feast","goblin_slayer_-another_adventurer-_nightmare_feast",52664,37166,"active","2026-07-30T23:26:28.176+08:00","2026-07-30T23:26:28.176+08:00",52664,"",""
229004,"goblin_slayer_side_story_ii:_daikatana","goblin_slayer_gaiden_2_tsubanari_no_tachi_(daikatana)",52664,37166,"active","2026-07-30T23:26:25.431+08:00","2026-07-30T23:26:25.431+08:00",52664,"",""
229003,"goblin_slayer_side_story:_year_one!","goblin_slayer_gaiden:_year_one",52664,37166,"active","2026-07-30T23:26:23.309+08:00","2026-07-30T23:26:23.309+08:00",52664,"",""
229002,"goblin_slayer_year_one!","goblin_slayer_gaiden:_year_one",52664,37166,"active","2026-07-30T23:26:19.522+08:00","2026-07-30T23:26:19.522+08:00",52664,"",""
228997,"artgerm","stanley_lau",52664,7713,"active","2026-07-30T23:18:25.658+08:00","2026-07-30T23:18:25.658+08:00",52664,"",""
228995,"unknown_(yzjz2535)","glassy0302",52664,7713,"active","2026-07-30T23:17:44.069+08:00","2026-07-30T23:17:44.069+08:00",52664,"",""
228993,"poranka_(porankaran)","gertie_(poranka)",52664,7713,"active","2026-07-30T23:17:28.448+08:00","2026-07-30T23:17:28.448+08:00",52664,"",""
228991,"geulimykun_(skbyunea413)","geulimykun",52664,7713,"active","2026-07-30T23:16:52.574+08:00","2026-07-30T23:16:52.574+08:00",52664,"",""
228989,"subaru_(choukou_sennin_haruka)","takamiya_subaru",52664,36293,"active","2026-07-30T23:09:41.714+08:00","2026-07-30T23:09:41.714+08:00",52664,"",""
228983,"karin_reiro00","marume_reiro",68250,33148,"active","2026-07-30T20:05:15.276+08:00","2026-07-30T20:05:15.276+08:00",68250,"",""
228982,"takeshi_(ken_03_05)","kon_(yuribatake_bokujou)",68250,33148,"active","2026-07-30T20:05:11.462+08:00","2026-07-30T20:05:11.462+08:00",68250,"",""
228981,"msabrms","misoka_(msabrms)",68250,33148,"active","2026-07-30T20:05:09.988+08:00","2026-07-30T20:05:09.988+08:00",68250,"",""
228980,"gogatsu_no_renkyuu","e-suke_(esk_illust)",68250,33148,"active","2026-07-30T20:05:03.512+08:00","2026-07-30T20:05:03.512+08:00",68250,"",""
228979,"tom_(rock_n_tom)","tomrock_(t6_art_lab)",68250,33148,"active","2026-07-30T20:05:01.985+08:00","2026-07-30T20:05:01.985+08:00",68250,"",""
228978,"nobile1031","nobiru_(nobinobi)",68250,33148,"active","2026-07-30T20:04:54.213+08:00","2026-07-30T20:04:54.213+08:00",68250,"",""
228977,"waka3581","yamanashi_waka",68250,33148,"active","2026-07-30T20:04:52.985+08:00","2026-07-30T20:04:52.985+08:00",68250,"",""
228976,"nobi_hitsuji","nonbiri_hitsuji",68250,33148,"active","2026-07-30T20:04:51.397+08:00","2026-07-30T20:04:51.397+08:00",68250,"",""
228975,"kuro_wa_shinoru","kuroha_shinoru",68250,33148,"active","2026-07-30T20:04:43.702+08:00","2026-07-30T20:04:43.702+08:00",68250,"",""
228974,"kujiraya","kujiraya_honpo",68250,33148,"active","2026-07-30T20:04:40.080+08:00","2026-07-30T20:04:40.080+08:00",68250,"",""
228943,"user_anzg7457","irasuto_akaibu",1333332,7713,"active","2026-07-30T17:11:08.424+08:00","2026-07-30T17:11:08.424+08:00",1333332,"",""
228941,"ct40_a","kyokutsuki",1146403,7713,"active","2026-07-30T16:13:03.121+08:00","2026-07-30T16:13:03.121+08:00",1146403,"",""
228937,"azaka3sei","azaka_(azaka3220)",724826,33148,"active","2026-07-30T15:08:20.200+08:00","2026-07-30T15:08:20.200+08:00",724826,"",""
228931,"microbihon","micro_bihon",433258,33148,"active","2026-07-30T15:07:41.552+08:00","2026-07-30T15:07:41.552+08:00",433258,"",""
228921,"n_a_n_a_i","nanai",556219,33148,"active","2026-07-30T11:04:21.401+08:00","2026-07-30T11:04:21.401+08:00",556219,"",""
228917,"uefw8437","xi_ou_ou",1340120,33148,"active","2026-07-30T10:21:46.397+08:00","2026-07-30T10:21:46.397+08:00",1340120,"",""
228908,"satopon_gs","sato-pon",1538132,33148,"active","2026-07-30T08:23:46.237+08:00","2026-07-30T08:23:46.237+08:00",1538132,"",""
228892,"waopk1","waopaka",1182530,33148,"active","2026-07-30T05:20:34.542+08:00","2026-07-30T05:20:34.542+08:00",1182530,"",""
228888,"naoneesama","nao_582",496027,33148,"active","2026-07-30T05:12:23.573+08:00","2026-07-30T05:12:23.573+08:00",496027,"",""
228882,"naemoko_05","naemoko_(zmsy5552)",496027,33148,"active","2026-07-30T04:29:43.414+08:00","2026-07-30T04:29:43.414+08:00",496027,"",""
228878,"shiroyama_a-b","shiroyama_ab",1054326,33148,"active","2026-07-30T03:06:15.138+08:00","2026-07-30T03:06:15.138+08:00",1054326,"",""
228874,"2771dw8n","m_yiil77",932445,33148,"active","2026-07-30T02:19:01.562+08:00","2026-07-30T02:19:01.562+08:00",932445,"",""
228870,"rio_(dress)_(blue_archive)","rio_(christmas_dress)_(blue_archive)",52664,21341,"active","2026-07-30T01:56:25.654+08:00","2026-07-30T01:56:25.654+08:00",52664,"",""
228868,"dand0ng","d_anch0",344172,33148,"active","2026-07-30T01:26:47.583+08:00","2026-07-30T01:26:47.583+08:00",344172,"",""
228862,"rosette2200","rosette_(roze-ko)",52664,33148,"active","2026-07-30T01:07:30.623+08:00","2026-07-30T01:07:30.623+08:00",52664,"",""
228860,"longsword_devil_(chainsaw_man)","longsword_hybrid_(chainsaw_man)",52664,37060,"active","2026-07-30T01:00:30.360+08:00","2026-07-30T01:00:30.360+08:00",52664,"",""
228859,"flamethrower_devil_(chainsaw_man)","flamethrower_hybrid_(chainsaw_man)",52664,37060,"active","2026-07-30T01:00:16.184+08:00","2026-07-30T01:00:16.184+08:00",52664,"",""
228858,"crossbow_devil_(chainsaw_man)","crossbow_hybrid_(chainsaw_man)",52664,37060,"active","2026-07-30T01:00:10.129+08:00","2026-07-30T01:00:10.129+08:00",52664,"",""
228857,"bomb_devil_(chainsaw_man)","bomb_hybrid_(chainsaw_man)",52664,37060,"active","2026-07-30T00:59:18.265+08:00","2026-07-30T00:59:18.265+08:00",52664,"",""
228852,"c108","comiket_108",52664,37156,"active","2026-07-30T00:58:37.197+08:00","2026-07-30T00:58:37.197+08:00",52664,"",""
228851,"c107","comiket_107",52664,37156,"active","2026-07-30T00:58:35.733+08:00","2026-07-30T00:58:35.733+08:00",52664,"",""
228850,"c106","comiket_106",52664,37156,"active","2026-07-30T00:58:34.488+08:00","2026-07-30T00:58:34.488+08:00",52664,"",""
228849,"c105","comiket_105",52664,37156,"active","2026-07-30T00:58:33.183+08:00","2026-07-30T00:58:33.183+08:00",52664,"",""
228848,"c104","comiket_104",52664,37156,"active","2026-07-30T00:58:31.805+08:00","2026-07-30T00:58:31.805+08:00",52664,"",""
228847,"c103","comiket_103",52664,37156,"active","2026-07-30T00:58:30.251+08:00","2026-07-30T00:58:30.251+08:00",52664,"",""
228846,"c102","comiket_102",52664,37156,"active","2026-07-30T00:58:28.670+08:00","2026-07-30T00:58:28.670+08:00",52664,"",""
228845,"c101","comiket_101",52664,37156,"active","2026-07-30T00:58:26.956+08:00","2026-07-30T00:58:26.956+08:00",52664,"",""
228844,"c100","comiket_100",52664,37156,"active","2026-07-30T00:58:25.901+08:00","2026-07-30T00:58:25.901+08:00",52664,"",""
228843,"c99","comiket_99",52664,37156,"active","2026-07-30T00:58:24.692+08:00","2026-07-30T00:58:24.692+08:00",52664,"",""
228842,"c98","comiket_98",52664,37156,"active","2026-07-30T00:58:23.312+08:00","2026-07-30T00:58:23.312+08:00",52664,"",""
228841,"c97","comiket_97",52664,37156,"active","2026-07-30T00:58:21.921+08:00","2026-07-30T00:58:21.921+08:00",52664,"",""
228840,"c96","comiket_96",52664,37156,"active","2026-07-30T00:58:20.584+08:00","2026-07-30T00:58:20.584+08:00",52664,"",""
228839,"c95","comiket_95",52664,37156,"active","2026-07-30T00:58:19.248+08:00","2026-07-30T00:58:19.248+08:00",52664,"",""
228838,"c94","comiket_94",52664,37156,"active","2026-07-30T00:58:17.747+08:00","2026-07-30T00:58:17.747+08:00",52664,"",""
228837,"c93","comiket_93",52664,37156,"active","2026-07-30T00:58:16.437+08:00","2026-07-30T00:58:16.437+08:00",52664,"",""
228836,"c92","comiket_92",52664,37156,"active","2026-07-30T00:58:13.683+08:00","2026-07-30T00:58:13.683+08:00",52664,"",""
228835,"c91","comiket_91",52664,37156,"active","2026-07-30T00:58:12.398+08:00","2026-07-30T00:58:12.398+08:00",52664,"",""
228834,"c90","comiket_90",52664,37156,"active","2026-07-30T00:58:11.132+08:00","2026-07-30T00:58:11.132+08:00",52664,"",""
228833,"c89","comiket_89",52664,37156,"active","2026-07-30T00:58:09.658+08:00","2026-07-30T00:58:09.658+08:00",52664,"",""
228832,"c88","comiket_88",52664,37156,"active","2026-07-30T00:58:08.229+08:00","2026-07-30T00:58:08.229+08:00",52664,"",""
228831,"c87","comiket_87",52664,37156,"active","2026-07-30T00:58:07.021+08:00","2026-07-30T00:58:07.021+08:00",52664,"",""
228830,"c86","comiket_86",52664,37156,"active","2026-07-30T00:58:05.730+08:00","2026-07-30T00:58:05.730+08:00",52664,"",""
228829,"c85","comiket_85",52664,37156,"active","2026-07-30T00:58:04.155+08:00","2026-07-30T00:58:04.155+08:00",52664,"",""
228828,"c84","comiket_84",52664,37156,"active","2026-07-30T00:58:03.113+08:00","2026-07-30T00:58:03.113+08:00",52664,"",""
228827,"c83","comiket_83",52664,37156,"active","2026-07-30T00:58:00.274+08:00","2026-07-30T00:58:00.274+08:00",52664,"",""
228826,"c82","comiket_82",52664,37156,"active","2026-07-30T00:57:57.472+08:00","2026-07-30T00:57:57.472+08:00",52664,"",""
228825,"c81","comiket_81",52664,37156,"active","2026-07-30T00:57:56.008+08:00","2026-07-30T00:57:56.008+08:00",52664,"",""
228824,"c80","comiket_80",52664,37156,"active","2026-07-30T00:57:54.514+08:00","2026-07-30T00:57:54.514+08:00",52664,"",""
228823,"c79","comiket_79",52664,37156,"active","2026-07-30T00:57:53.151+08:00","2026-07-30T00:57:53.151+08:00",52664,"",""
228822,"c78","comiket_78",52664,37156,"active","2026-07-30T00:57:51.997+08:00","2026-07-30T00:57:51.997+08:00",52664,"",""
228821,"c77","comiket_77",52664,37156,"active","2026-07-30T00:57:50.826+08:00","2026-07-30T00:57:50.826+08:00",52664,"",""
228820,"c76","comiket_76",52664,37156,"active","2026-07-30T00:57:49.498+08:00","2026-07-30T00:57:49.498+08:00",52664,"",""
228819,"c75","comiket_75",52664,37156,"active","2026-07-30T00:57:47.892+08:00","2026-07-30T00:57:47.892+08:00",52664,"",""
228818,"c74","comiket_74",52664,37156,"active","2026-07-30T00:57:46.635+08:00","2026-07-30T00:57:46.635+08:00",52664,"",""
228817,"c73","comiket_73",52664,37156,"active","2026-07-30T00:57:45.347+08:00","2026-07-30T00:57:45.347+08:00",52664,"",""
228816,"c72","comiket_72",52664,37156,"active","2026-07-30T00:57:43.961+08:00","2026-07-30T00:57:43.961+08:00",52664,"",""
228815,"c71","comiket_71",52664,37156,"active","2026-07-30T00:57:42.573+08:00","2026-07-30T00:57:42.573+08:00",52664,"",""
228814,"c70","comiket_70",52664,37156,"active","2026-07-30T00:57:41.266+08:00","2026-07-30T00:57:41.266+08:00",52664,"",""
228813,"c69","comiket_69",52664,37156,"active","2026-07-30T00:57:38.440+08:00","2026-07-30T00:57:38.440+08:00",52664,"",""
228812,"c68","comiket_68",52664,37156,"active","2026-07-30T00:57:36.614+08:00","2026-07-30T00:57:36.614+08:00",52664,"",""
228811,"c67","comiket_67",52664,37156,"active","2026-07-30T00:57:34.830+08:00","2026-07-30T00:57:34.830+08:00",52664,"",""
228810,"c66","comiket_66",52664,37156,"active","2026-07-30T00:57:33.029+08:00","2026-07-30T00:57:33.029+08:00",52664,"",""
228809,"c65","comiket_65",52664,37156,"active","2026-07-30T00:57:31.130+08:00","2026-07-30T00:57:31.130+08:00",52664,"",""
228808,"c64","comiket_64",52664,37156,"active","2026-07-30T00:57:29.774+08:00","2026-07-30T00:57:29.774+08:00",52664,"",""
228807,"c63","comiket_63",52664,37156,"active","2026-07-30T00:57:28.041+08:00","2026-07-30T00:57:28.041+08:00",52664,"",""
228806,"c62","comiket_62",52664,37156,"active","2026-07-30T00:57:26.394+08:00","2026-07-30T00:57:26.394+08:00",52664,"",""
228805,"c60","comiket_60",52664,37156,"active","2026-07-30T00:57:24.968+08:00","2026-07-30T00:57:24.968+08:00",52664,"",""
228804,"c59","comiket_59",52664,37156,"active","2026-07-30T00:57:23.638+08:00","2026-07-30T00:57:23.638+08:00",52664,"",""
228803,"c56","comiket_56",52664,37156,"active","2026-07-30T00:57:22.252+08:00","2026-07-30T00:57:22.252+08:00",52664,"",""
228802,"c55","comiket_55",52664,37156,"active","2026-07-30T00:57:20.959+08:00","2026-07-30T00:57:20.959+08:00",52664,"",""
228801,"c54","comiket_54",52664,37156,"active","2026-07-30T00:57:17.943+08:00","2026-07-30T00:57:17.943+08:00",52664,"",""
228748,"maaji_(peinsaikouda)","merge810",52664,7713,"active","2026-07-30T00:47:49.870+08:00","2026-07-30T00:47:49.870+08:00",52664,"",""
228746,"full-body_mirror","full-length_mirror",52664,37157,"active","2026-07-30T00:47:11.746+08:00","2026-07-30T00:47:11.746+08:00",52664,"",""
228744,"kuuhaku_0","yukiusagi_(yukiusagi_52)",52664,7713,"active","2026-07-30T00:45:08.552+08:00","2026-07-30T00:45:08.552+08:00",52664,"",""
228742,"animal_detective_kirumin_zoo","anyamal_tantei_kirumin_zoo",52664,16840,"active","2026-07-30T00:44:29.387+08:00","2026-07-30T00:44:29.387+08:00",52664,"",""
228740,"kotetsu_(escalation_heroines)","kaga_kotetsu",52664,36293,"active","2026-07-30T00:37:34.848+08:00","2026-07-30T00:37:34.848+08:00",52664,"",""
228738,"kikuri_(escalation_heroines)","kazakura_kikuri",52664,36293,"active","2026-07-30T00:37:27.569+08:00","2026-07-30T00:37:27.569+08:00",52664,"",""
228736,"koinu_(escalation_heroines)","mikoshiba_koinu",52664,36293,"active","2026-07-30T00:37:06.560+08:00","2026-07-30T00:37:06.560+08:00",52664,"",""
228730,"kuroshima_(krsmkm804)","kuroshima_kenma_(krsmkm804)",1341856,33148,"active","2026-07-29T21:25:27.612+08:00","2026-07-29T21:25:27.612+08:00",1341856,"",""
228726,"coffee-coffee","yuzuriha_coffee",103979,33148,"active","2026-07-29T20:42:31.529+08:00","2026-07-29T20:42:31.529+08:00",103979,"",""
228715,"lnyx","yme-l",932445,33148,"active","2026-07-29T15:14:10.225+08:00","2026-07-29T15:14:10.225+08:00",932445,"",""
228711,"ancientpowerrunes","earthkinous",433258,33148,"active","2026-07-29T14:21:38.960+08:00","2026-07-29T14:21:38.960+08:00",433258,"",""
228710,"gaulemtypefemale","blue_bird_luna",433258,33148,"active","2026-07-29T14:21:36.071+08:00","2026-07-29T14:21:36.071+08:00",433258,"",""
228703,"incredubious","boyidieboy",433258,33148,"active","2026-07-29T12:00:59.681+08:00","2026-07-29T12:00:59.681+08:00",433258,"",""
228699,"nisayako","lishayakou",932445,33148,"active","2026-07-29T11:45:43.809+08:00","2026-07-29T11:45:43.809+08:00",932445,"",""
228695,"bilibili_37165166","yida_wh",895489,33148,"active","2026-07-29T11:42:27.257+08:00","2026-07-29T11:42:27.257+08:00",895489,"",""
228690,"swoobats_(lochnessa)","lochnessa",433258,33148,"active","2026-07-29T08:53:38.493+08:00","2026-07-29T08:53:38.493+08:00",433258,"",""
228689,"nbkc","biora",433258,33148,"active","2026-07-29T08:53:36.824+08:00","2026-07-29T08:53:36.824+08:00",433258,"",""
228688,"haverdoodles","hava_(haverdoodles)",433258,33148,"active","2026-07-29T08:53:34.894+08:00","2026-07-29T08:53:34.894+08:00",433258,"",""
228678,"mosoru","ricardo_cardozo",433258,33148,"active","2026-07-29T08:44:45.068+08:00","2026-07-29T08:44:45.068+08:00",433258,"",""
228677,"amber_houston","biteghost",433258,33148,"active","2026-07-29T08:44:43.210+08:00","2026-07-29T08:44:43.210+08:00",433258,"",""
228666,"oratnir_aka_9","oratnir",433258,33148,"active","2026-07-29T08:27:52.180+08:00","2026-07-29T08:27:52.180+08:00",433258,"",""
228662,"engwork","enaga_takabatake",424795,33148,"active","2026-07-29T07:50:20.519+08:00","2026-07-29T07:50:20.519+08:00",424795,"",""
228658,"kuroneko13x","splanade",1343385,33148,"active","2026-07-29T05:59:45.591+08:00","2026-07-29T05:59:45.591+08:00",1343385,"",""
228654,"qvoro","sanvo",559756,33148,"active","2026-07-29T05:31:48.546+08:00","2026-07-29T05:31:48.546+08:00",559756,"",""
228482,"deityofshadows","hakuramen",433258,33148,"active","2026-07-29T00:46:22.138+08:00","2026-07-29T00:46:22.138+08:00",433258,"",""
228481,"kula_clare","momokulala",433258,33148,"active","2026-07-29T00:46:19.789+08:00","2026-07-29T00:46:19.789+08:00",433258,"",""
228472,"kiwibutt","kiwibon",433258,33148,"active","2026-07-29T00:38:14.167+08:00","2026-07-29T00:38:14.167+08:00",433258,"",""
228468,"glass_chair","transparent_seat",52664,37142,"active","2026-07-28T23:57:14.128+08:00","2026-07-28T23:57:14.128+08:00",52664,"",""
228465,"ciarra_bianca_del_rosario","faynt",433258,33148,"active","2026-07-28T23:55:59.242+08:00","2026-07-28T23:55:59.242+08:00",433258,"",""
228461,"xiao-tong","sinnygoto",433258,33148,"active","2026-07-28T23:52:44.671+08:00","2026-07-28T23:52:44.671+08:00",433258,"",""
228457,"ryuuka-nagare","livia_prima",433258,33148,"active","2026-07-28T23:50:19.608+08:00","2026-07-28T23:50:19.608+08:00",433258,"",""
228453,"dan_(zenless_zone_zero)","remielle_dan_(past)",52664,35808,"active","2026-07-28T23:41:23.751+08:00","2026-07-28T23:41:23.751+08:00",52664,"",""
228451,"dano80085dano","ming_(5unri5e666)",567822,33148,"active","2026-07-28T23:40:08.004+08:00","2026-07-28T23:40:08.004+08:00",567822,"",""
228449,"mg_(ms12140)","mgd",554505,33148,"active","2026-07-28T23:39:52.185+08:00","2026-07-28T23:39:52.185+08:00",554505,"",""
228445,"senju_(snz0)","senzyu_(snz0)",52664,7713,"active","2026-07-28T23:33:54.811+08:00","2026-07-28T23:33:54.811+08:00",52664,"",""
228441,"shinosatsu","zoentrope",433258,33148,"active","2026-07-28T23:31:06.660+08:00","2026-07-28T23:31:06.660+08:00",433258,"",""
228437,"thorfinn","thorfinn_thorsson",52664,37149,"active","2026-07-28T23:29:49.535+08:00","2026-07-28T23:29:49.535+08:00",52664,"",""
228435,"cyborg_skin","skin_seams",52664,37150,"active","2026-07-28T23:13:23.418+08:00","2026-07-28T23:13:23.418+08:00",52664,"",""
228433,"holding_single_glove","holding_gloves",52664,37148,"active","2026-07-28T23:12:27.386+08:00","2026-07-28T23:12:27.386+08:00",52664,"",""
228431,"hiddeninverto","inverto",433258,33148,"active","2026-07-28T23:10:18.341+08:00","2026-07-28T23:10:18.341+08:00",433258,"",""
228427,"silver279","silver27",103979,33148,"active","2026-07-28T22:53:57.492+08:00","2026-07-28T22:53:57.492+08:00",103979,"",""
228423,"user_affk7773","huopuliya0721",103979,33148,"active","2026-07-28T22:38:56.035+08:00","2026-07-28T22:38:56.035+08:00",103979,"",""
228419,"user_fpjp5487","akikikikikiki",103979,33148,"active","2026-07-28T22:35:47.475+08:00","2026-07-28T22:35:47.475+08:00",103979,"",""
228415,"yaki_(24centimetre)","zenchou24cm",433258,33148,"active","2026-07-28T22:32:31.522+08:00","2026-07-28T22:32:31.522+08:00",433258,"",""
228409,"hotaru_(pixiv_125125899)","iv_(gwps8853)",984815,33148,"deleted","2026-07-28T22:11:45.329+08:00","2026-08-13T23:46:57.870+08:00",984815,"",""
228405,"carlotta_dicataldo","inimeitiel",433258,33148,"active","2026-07-28T21:59:39.234+08:00","2026-07-28T21:59:39.234+08:00",433258,"",""
228401,"vensprites","venxev",433258,33148,"active","2026-07-28T19:13:44.030+08:00","2026-07-28T19:13:44.030+08:00",433258,"",""
228397,"z2201199","miyaii17",433258,33148,"active","2026-07-28T19:12:03.751+08:00","2026-07-28T19:12:03.751+08:00",433258,"",""
228393,"hatoko-sama","dianavigo",433258,33148,"active","2026-07-28T19:00:34.213+08:00","2026-07-28T19:00:34.213+08:00",433258,"",""
228389,"yi_zhi_fei_ni_jun","ziwaixianzhiyu",932445,33148,"active","2026-07-28T18:57:52.887+08:00","2026-07-28T18:57:52.887+08:00",932445,"",""
228385,"kit-ho","mkitho",433258,33148,"active","2026-07-28T18:50:33.560+08:00","2026-07-28T18:50:33.560+08:00",433258,"",""
228377,"deadsyllogist","xelnoth",718515,33148,"active","2026-07-28T15:31:47.592+08:00","2026-07-28T15:32:24.310+08:00",718515,"",""
228373,"furuming1","n1n1",433258,33148,"active","2026-07-28T15:21:32.289+08:00","2026-07-28T15:21:32.289+08:00",433258,"",""
228369,"atomic-ray","itomaki_ray",718515,33148,"active","2026-07-28T12:13:52.625+08:00","2026-07-28T12:13:52.625+08:00",718515,"",""
228363,"majiiworks","majii!",718515,33148,"active","2026-07-28T11:17:26.704+08:00","2026-07-28T11:17:26.704+08:00",718515,"",""
228358,"yukoyellow","keru-the-green",105940,33148,"active","2026-07-28T10:04:18.073+08:00","2026-07-28T10:04:18.073+08:00",105940,"",""
228350,"limka_art","limka",1084933,7713,"active","2026-07-28T06:15:23.055+08:00","2026-07-28T06:15:23.055+08:00",1084933,"",""
228346,"natuki101625","natuki1016",779867,33148,"active","2026-07-28T05:10:38.898+08:00","2026-07-28T05:10:38.898+08:00",779867,"",""
228342,"chun_lanlanlan","congming_lan",475832,33148,"active","2026-07-28T03:17:40.694+08:00","2026-07-28T03:17:40.694+08:00",475832,"",""
228334,"kurohime_(second_ascension)_(fate)","kurohime_(fate)",52664,26405,"active","2026-07-28T02:12:21.515+08:00","2026-07-28T02:12:21.515+08:00",52664,"",""
228332,"hame_neko_(yani_neko)","yurufuwa_anal_tenshi_hameko",52664,36959,"active","2026-07-28T02:08:42.338+08:00","2026-07-28T02:08:42.338+08:00",52664,"",""
228330,"changyedeng","yorumata0v0",1182530,33148,"active","2026-07-28T01:59:32.722+08:00","2026-07-28T01:59:32.722+08:00",1182530,"",""
228326,"kairi_imahara","valkyrie_(apex_legends)",52664,37086,"active","2026-07-28T01:55:02.027+08:00","2026-07-28T01:55:02.027+08:00",52664,"",""
228324,"tokino_sora_(blue_soul_gradient)","tokino_sora_(rainbow's_devotion)",52664,37065,"active","2026-07-28T01:46:12.961+08:00","2026-07-28T01:46:12.961+08:00",52664,"",""
228322,"nerissa_ravencroft_(graceful_onyx_raven)","nerissa_ravencroft_(echoes_of_nocturne)",52664,37065,"active","2026-07-28T01:45:29.468+08:00","2026-07-28T01:45:29.468+08:00",52664,"",""
228320,"blurry_halo","distorted_halo",52664,37106,"active","2026-07-28T01:42:01.497+08:00","2026-07-28T01:42:01.497+08:00",52664,"",""
228319,"noised_halo","distorted_halo",52664,37106,"active","2026-07-28T01:41:52.920+08:00","2026-07-28T01:41:52.920+08:00",52664,"",""
228316,"suoh_mikoto","suoh_mikoto_(k-project)",52664,37096,"active","2026-07-28T01:33:36.738+08:00","2026-07-28T01:33:36.738+08:00",52664,"",""
228314,"tarako_akai","shio_bd",926897,33148,"active","2026-07-28T01:23:04.363+08:00","2026-07-28T01:23:04.363+08:00",926897,"",""
228310,"cesar_zebrah","cesarzebrah",52664,7713,"active","2026-07-28T01:16:56.336+08:00","2026-07-28T01:16:56.336+08:00",52664,"",""
228308,"shado_ne","tsutsugano",52664,7713,"active","2026-07-28T01:16:28.190+08:00","2026-07-28T01:16:28.190+08:00",52664,"",""
228306,"tokai_teio_(teio-oh-oh!!!)_(umamusume)","tokai_teio_(teio-oo-oo!!!)_(umamusume)",52664,29925,"active","2026-07-28T01:13:33.846+08:00","2026-07-28T01:13:33.846+08:00",52664,"",""
228304,"thunder_hawk","t._hawk",52664,37099,"active","2026-07-28T01:01:53.304+08:00","2026-07-28T01:01:53.304+08:00",52664,"",""
228302,"magmatagura","mmagmatagurta",1234382,7713,"active","2026-07-27T23:45:19.452+08:00","2026-07-27T23:45:19.452+08:00",1234382,"",""
228298,"pilgrim_hat","capotain",52664,37097,"active","2026-07-27T22:14:23.379+08:00","2026-07-27T22:14:23.379+08:00",52664,"",""
228294,"lijingjinw","lyylinkong",932445,33148,"active","2026-07-27T21:06:35.019+08:00","2026-07-27T21:06:35.019+08:00",932445,"",""
228286,"dessjit1","3dessjit",508240,33148,"active","2026-07-27T20:04:01.081+08:00","2026-07-27T20:04:01.081+08:00",508240,"",""
228282,"ybbshieru","yaboybokuto",1333332,7713,"active","2026-07-27T19:54:43.387+08:00","2026-07-27T19:54:43.387+08:00",1333332,"",""
228280,"mandan_47","m-d-47",496027,33148,"active","2026-07-27T17:35:05.567+08:00","2026-07-27T17:35:05.567+08:00",496027,"",""
228276,"murmoruno","mur_moruno",718515,33148,"active","2026-07-27T16:19:16.181+08:00","2026-07-27T16:19:16.181+08:00",718515,"",""
228272,"geruo","guruo_(gur_sp)",904806,33148,"active","2026-07-27T15:54:09.416+08:00","2026-07-27T15:54:09.416+08:00",904806,"",""
228266,"yuedono","yue_chan077",1123578,33148,"active","2026-07-27T09:29:42.596+08:00","2026-07-27T09:29:42.596+08:00",1123578,"",""
228260,"7database","automatic_ezis",1150503,7713,"active","2026-07-27T09:09:40.076+08:00","2026-07-27T09:09:40.076+08:00",1150503,"",""
228254,"rinarookie","rinaarts",1123578,33148,"active","2026-07-27T08:43:07.482+08:00","2026-07-27T08:43:07.482+08:00",1123578,"",""
228250,"lucientenebrous","lulutmi",724826,33148,"active","2026-07-27T07:37:52.655+08:00","2026-07-27T07:37:52.655+08:00",724826,"",""
228244,"isalakapoii","salakapoi",786597,33148,"active","2026-07-27T05:22:10.455+08:00","2026-07-27T05:22:10.455+08:00",786597,"",""
228240,"aspcots3","mewaangel",433258,33148,"active","2026-07-27T04:29:32.820+08:00","2026-07-27T04:29:32.820+08:00",433258,"",""
228239,"necoichan","chuujira",433258,33148,"active","2026-07-27T04:29:30.477+08:00","2026-07-27T04:29:30.477+08:00",433258,"",""
228238,"aleksandrg78133","agroznov",433258,33148,"active","2026-07-27T04:29:27.468+08:00","2026-07-27T04:29:27.468+08:00",433258,"",""
228226,"suika_(blueberry998)","mochitsuki_suika",196991,33148,"active","2026-07-27T03:53:35.362+08:00","2026-07-27T03:53:35.362+08:00",196991,"",""
228222,"lglgwdpy","baolu_xiaozi",1538267,33148,"active","2026-07-27T02:51:02.086+08:00","2026-07-27T02:51:02.086+08:00",1538267,"",""
228218,"user_gyxv8433","bal09853549800",1333332,7713,"active","2026-07-27T02:49:33.414+08:00","2026-07-27T02:49:33.414+08:00",1333332,"",""
228216,"shiryoku_kensa","secret9050",528900,33148,"deleted","2026-07-27T02:40:32.327+08:00","2026-07-27T20:04:24.794+08:00",528900,"",""
228212,"warder2013","gouda_hiroaki",11672,7713,"active","2026-07-27T02:31:37.419+08:00","2026-07-27T02:31:37.419+08:00",11672,"",""
228204,"oofycolorful","colorfulcolor",1193963,33148,"active","2026-07-27T01:43:47.961+08:00","2026-07-27T01:43:47.961+08:00",1193963,"",""
228196,"skura_moon","tsukisakura_(zycq)",718515,33148,"active","2026-07-27T00:55:25.633+08:00","2026-07-27T00:55:25.633+08:00",718515,"",""
228191,"o_qi_o","xiao_qi_jiushi_yuchi",897818,33148,"active","2026-07-27T00:40:08.765+08:00","2026-07-27T00:40:08.765+08:00",897818,"",""
228185,"mirage_mnsb","mirage_(rairudiseu)",998625,33148,"active","2026-07-26T23:59:22.792+08:00","2026-07-26T23:59:22.792+08:00",998625,"",""
228181,"hokkaido","hokkaido_prefecture",52664,37091,"active","2026-07-26T23:54:42.326+08:00","2026-07-26T23:54:42.326+08:00",52664,"",""
228180,"kanagawa","kanagawa_prefecture",52664,37091,"active","2026-07-26T23:54:29.310+08:00","2026-07-26T23:54:29.310+08:00",52664,"",""
228179,"okinawa","okinawa_prefecture",52664,37091,"active","2026-07-26T23:54:18.885+08:00","2026-07-26T23:54:18.885+08:00",52664,"",""
228175,"andor:_a_star_wars_story","star_wars:_andor",52664,37087,"active","2026-07-26T23:32:07.347+08:00","2026-07-26T23:32:07.347+08:00",52664,"",""
228173,"syos486581","syos486582",1130070,7713,"active","2026-07-26T23:20:14.966+08:00","2026-07-26T23:20:14.966+08:00",1130070,"",""
228169,"stronger_than_you_(undertale)","stronger_than_you_(steven_universe)",52664,37089,"active","2026-07-26T23:17:26.479+08:00","2026-07-26T23:17:26.479+08:00",52664,"",""
228163,"user_gueu3825","idry",1191549,33148,"active","2026-07-26T22:29:41.463+08:00","2026-07-26T22:29:41.463+08:00",1191549,"",""
228156,"mtfy","dazya_(captaindazya)",1234382,7713,"active","2026-07-26T19:35:15.399+08:00","2026-07-26T19:35:15.399+08:00",1234382,"",""
228149,"yh_sleeping","y_h",1151956,33148,"active","2026-07-26T16:34:31.227+08:00","2026-07-26T16:34:31.227+08:00",1151956,"",""
228145,"weishanli4","amengjisuijian",433258,33148,"active","2026-07-26T16:14:51.107+08:00","2026-07-26T16:14:51.107+08:00",433258,"",""
228141,"arbiterlewd","nakiru_x3",433258,33148,"active","2026-07-26T16:09:36.575+08:00","2026-07-26T16:09:36.575+08:00",433258,"",""
228137,"love_boggm","buguma",1333332,7713,"active","2026-07-26T15:51:35.439+08:00","2026-07-26T15:51:35.439+08:00",1333332,"",""
228135,"ninaki999","heixing",1151956,33148,"active","2026-07-26T15:24:58.237+08:00","2026-07-26T15:24:58.237+08:00",1151956,"",""
228131,"ark_koiz35","nemissa1",1151956,33148,"active","2026-07-26T14:44:55.525+08:00","2026-07-26T14:44:55.525+08:00",1151956,"",""
228118,"tonko","senno_aki",434318,33148,"active","2026-07-26T11:27:05.847+08:00","2026-07-26T11:27:05.847+08:00",434318,"",""
228114,"ririntual","flan_(phonertoarizona)",433258,33148,"active","2026-07-26T10:04:07.181+08:00","2026-07-26T10:04:07.181+08:00",433258,"",""
228106,"japanese_sparkler","senkou_hanabi",52664,37064,"active","2026-07-26T00:04:07.147+08:00","2026-07-26T00:04:07.147+08:00",52664,"",""
228102,"alexi_romanov","alexei_nikolaevich_romanov",52664,37084,"active","2026-07-25T23:35:58.776+08:00","2026-07-25T23:35:58.776+08:00",52664,"",""
228100,"naega_kiun_s_geubdeul","my_s-class_hunters",52664,36491,"active","2026-07-25T23:33:31.337+08:00","2026-07-25T23:33:31.337+08:00",52664,"",""
228099,"the_s-classes_that_i_raised","my_s-class_hunters",52664,36491,"active","2026-07-25T23:33:29.495+08:00","2026-07-25T23:33:29.495+08:00",52664,"",""
228096,"sunglasses_emoji","smiling_face_with_sunglasses_emoji",52664,37075,"active","2026-07-25T23:26:57.777+08:00","2026-07-25T23:26:57.777+08:00",52664,"",""
228092,"joel_song","serialboel",926897,33148,"active","2026-07-25T22:13:19.526+08:00","2026-07-25T22:13:19.526+08:00",926897,"",""
228088,"little_big_planet","littlebigplanet",52664,37079,"active","2026-07-25T21:58:28.293+08:00","2026-07-25T21:58:28.293+08:00",52664,"",""
228086,"butter_spoon","butterspoon",1123578,33148,"active","2026-07-25T20:04:06.799+08:00","2026-07-25T20:04:06.799+08:00",1123578,"",""
228082,"sintorisky","anastasia_bulgakova",1333332,7713,"active","2026-07-25T15:46:59.763+08:00","2026-07-25T15:46:59.763+08:00",1333332,"",""
228080,"rot922847813934","prisoners_book_(artist)",1333332,7713,"active","2026-07-25T15:45:04.936+08:00","2026-07-25T15:45:04.936+08:00",1333332,"",""
228064,"user_twtm5272","2003pien",1193111,33148,"active","2026-07-25T12:50:38.678+08:00","2026-07-25T12:50:38.678+08:00",1193111,"",""
228056,"dogpig7554","space_pig1234",1087973,33148,"active","2026-07-25T11:54:31.528+08:00","2026-07-25T11:54:31.528+08:00",1087973,"",""
228052,"22_nbdy0000961","741810ippanashi",1123578,33148,"active","2026-07-25T11:16:57.290+08:00","2026-07-25T11:16:57.290+08:00",1123578,"",""
228051,"toony_nobody","741810ippanashi",1123578,33148,"active","2026-07-25T11:16:54.831+08:00","2026-07-25T11:16:57.367+08:00",1123578,"",""
228042,"universe7770","jihwado",908237,7713,"active","2026-07-25T09:55:23.092+08:00","2026-07-25T09:55:23.092+08:00",908237,"",""
228040,"kurocchi131","chrocchi131",908237,7713,"active","2026-07-25T09:54:21.463+08:00","2026-07-25T09:54:21.463+08:00",908237,"",""
228038,"xinko_(artist)","x_xinnnnnn",908237,7713,"active","2026-07-25T09:53:37.253+08:00","2026-07-25T09:53:37.253+08:00",908237,"",""
228034,"adample","artdumple",1084933,7713,"active","2026-07-25T08:39:05.341+08:00","2026-07-25T08:39:05.341+08:00",1084933,"",""
228026,"zuzu372862","morizu929",438160,33148,"active","2026-07-25T08:24:30.954+08:00","2026-07-25T08:24:30.954+08:00",438160,"",""
228022,"nashudokiss","nashuhentai",433258,33148,"active","2026-07-25T07:03:50.681+08:00","2026-07-25T07:03:50.681+08:00",433258,"",""
228018,"saranheyo_onigiri","akiomi_aiko",776439,33148,"active","2026-07-25T06:32:48.449+08:00","2026-07-25T06:32:48.449+08:00",776439,"",""
228010,"ahi876ma","kamizin",1307628,33148,"active","2026-07-25T03:37:00.842+08:00","2026-07-25T03:37:00.842+08:00",1307628,"",""
228006,"cargodin_(artist)","cargodin",764362,33148,"active","2026-07-25T02:56:47.349+08:00","2026-07-25T02:56:47.349+08:00",764362,"",""
228002,"ssbkm0228","strbrb789",103979,33148,"active","2026-07-24T23:59:58.238+08:00","2026-07-24T23:59:58.238+08:00",103979,"",""
227998,"broken_wing","torn_wings",52664,37053,"active","2026-07-24T23:42:30.368+08:00","2026-07-24T23:42:30.368+08:00",52664,"",""
227996,"injured_wings","torn_wings",52664,37053,"active","2026-07-24T23:42:26.797+08:00","2026-07-24T23:42:26.797+08:00",52664,"",""
227994,"webley_self_loading_pistol","webley_self-loading_pistol",52664,37062,"active","2026-07-24T23:40:20.584+08:00","2026-07-24T23:40:20.584+08:00",52664,"",""
227992,"goom_gloom_(hassysoda)","goom_gloom_(pumpkinsynth)",52664,7713,"active","2026-07-24T23:37:43.356+08:00","2026-07-24T23:37:43.356+08:00",52664,"",""
227991,"jill_carvi_(hassysoda)","jill_carvi_(pumpkinsynth)",52664,7713,"active","2026-07-24T23:37:40.892+08:00","2026-07-24T23:37:40.892+08:00",52664,"",""
227988,"eye_bulge","bulging_eyes",52664,37056,"active","2026-07-24T23:33:07.764+08:00","2026-07-24T23:33:07.764+08:00",52664,"",""
227986,"holding_slippers","holding_unworn_slippers",52664,37054,"active","2026-07-24T23:27:05.144+08:00","2026-07-24T23:27:05.144+08:00",52664,"",""
227985,"holding_sandals","holding_unworn_sandals",52664,37054,"active","2026-07-24T23:25:59.548+08:00","2026-07-24T23:25:59.548+08:00",52664,"",""
227984,"holding_boots","holding_unworn_boots",52664,37054,"active","2026-07-24T23:25:17.563+08:00","2026-07-24T23:25:17.563+08:00",52664,"",""
227978,"holding_shoes","holding_unworn_shoes",52664,37054,"active","2026-07-24T23:10:09.461+08:00","2026-07-24T23:10:09.461+08:00",52664,"",""
227962,"tudou_xiayu","tudouyu",1218089,33148,"active","2026-07-24T20:53:52.659+08:00","2026-07-24T20:53:52.659+08:00",1218089,"",""
227958,"taminekochi","chisa_enigma_(voice_actor)",508240,33148,"active","2026-07-24T17:56:19.199+08:00","2026-07-24T17:56:19.199+08:00",508240,"",""
227944,"rutax_xark","ruta",1446875,33148,"active","2026-07-24T16:56:53.138+08:00","2026-07-24T16:56:53.138+08:00",1446875,"",""
227940,"lao_cia","chaora_(popuni10)",1079719,33148,"active","2026-07-24T16:51:47.117+08:00","2026-07-24T16:51:47.117+08:00",1079719,"",""
227911,"hassysoda","pumpkinsynth",499293,33148,"active","2026-07-24T13:01:05.402+08:00","2026-07-24T13:01:05.402+08:00",499293,"",""
227907,"allyss_dragon","allyss",499293,7713,"active","2026-07-24T12:52:55.005+08:00","2026-07-24T12:52:55.005+08:00",499293,"",""
227905,"lili_ming","liming_xing",1316376,33148,"active","2026-07-24T12:16:04.263+08:00","2026-07-24T12:16:04.263+08:00",1316376,"",""
227895,"hina_(hazakura_hinata)","hinata_(hazakura_hinata)",85307,37031,"active","2026-07-24T10:05:50.402+08:00","2026-07-24T10:05:50.402+08:00",85307,"",""
227879,"no-game-no-god","yukuhara",433258,33148,"active","2026-07-24T06:31:27.811+08:00","2026-07-24T06:31:27.811+08:00",433258,"",""
227875,"huibailanqiqiu","huibai_lan_qiqiu",1538267,33148,"active","2026-07-24T06:30:47.861+08:00","2026-07-24T06:30:47.861+08:00",1538267,"",""
227871,"2118oo","21180_(2118oo)",764362,33148,"active","2026-07-24T05:29:14.607+08:00","2026-07-24T05:29:14.607+08:00",764362,"",""
227870,"21l8o","21180_(2118oo)",764362,33148,"active","2026-07-24T05:29:13.033+08:00","2026-07-24T05:29:13.033+08:00",764362,"",""
227863,"miru_(artist)","miru_(milklike_country)",1105289,33148,"active","2026-07-24T05:25:33.490+08:00","2026-07-24T05:25:33.490+08:00",1105289,"",""
227849,"snoooooow1027","xueshenzi",103979,33148,"active","2026-07-24T03:09:56.043+08:00","2026-07-24T03:09:56.043+08:00",103979,"",""
227845,"valleedolla","vuari",1333332,7713,"active","2026-07-24T02:47:58.304+08:00","2026-07-24T02:47:58.304+08:00",1333332,"",""
227841,"downwards_fellatio","sword-swallowing_fellatio",52664,37016,"active","2026-07-24T00:41:48.929+08:00","2026-07-24T00:41:48.929+08:00",52664,"",""
227840,"vertical_fellatio","sword-swallowing_fellatio",52664,37016,"active","2026-07-24T00:41:47.570+08:00","2026-07-24T00:41:47.570+08:00",52664,"",""
227837,"austrian_armed_forces","bundesheer",52664,37052,"active","2026-07-24T00:07:31.038+08:00","2026-07-24T00:07:31.038+08:00",52664,"",""
227835,"washpan","washtub",52664,37043,"active","2026-07-23T23:48:15.759+08:00","2026-07-23T23:48:15.759+08:00",52664,"",""
227833,"levchenko_ahapiia_oleksandrivna","ahapa_(linyvets)",52664,37037,"active","2026-07-23T23:43:26.572+08:00","2026-07-23T23:43:26.572+08:00",52664,"",""
227831,"eyewear_on_shirt","eyewear_hang",52664,37041,"active","2026-07-23T23:13:07.832+08:00","2026-07-23T23:13:07.832+08:00",52664,"",""
227829,"hatsune_miku_(costumes_series_china_dress)","hatsune_miku_(costumes_series_qipao)",52664,36751,"active","2026-07-23T23:04:53.189+08:00","2026-07-23T23:04:53.189+08:00",52664,"",""
227828,"daidouji_tomoyo_(blue_china_dress)","daidouji_tomoyo_(blue_qipao)",52664,36751,"active","2026-07-23T23:04:50.290+08:00","2026-07-23T23:04:50.290+08:00",52664,"",""
227827,"kinomoto_sakura_(orange_china_dress)","kinomoto_sakura_(orange_qipao)",52664,36751,"active","2026-07-23T23:04:46.658+08:00","2026-07-23T23:04:46.658+08:00",52664,"",""
227826,"china_dress_girl_(oekakizuki)","qipao_girl_(oekakizuki)",52664,36751,"active","2026-07-23T23:04:43.094+08:00","2026-07-23T23:04:43.094+08:00",52664,"",""
227825,"takane_lui_(china_dress)","takane_lui_(qipao)",52664,36751,"active","2026-07-23T23:04:36.836+08:00","2026-07-23T23:04:36.836+08:00",52664,"",""
227824,"tsukino_mito_(china_dress)","tsukino_mito_(qipao)",52664,36751,"active","2026-07-23T23:04:29.043+08:00","2026-07-23T23:04:29.043+08:00",52664,"",""
227823,"ange_katrina_(china_dress)","ange_katrina_(qipao)",52664,36751,"active","2026-07-23T23:04:10.346+08:00","2026-07-23T23:04:10.346+08:00",52664,"",""
227807,"weibo_7447348722","sanyazhao",1234382,7713,"active","2026-07-23T20:02:16.971+08:00","2026-07-23T20:02:16.971+08:00",1234382,"",""
227799,"d_rimm","drimm",1130070,33148,"active","2026-07-23T18:00:48.813+08:00","2026-07-23T18:00:48.813+08:00",1130070,"",""
227795,"xblhhh","xunfengbeng",508240,7713,"active","2026-07-23T17:10:29.443+08:00","2026-07-23T17:10:29.443+08:00",508240,"",""
227793,"tran_thanh_toan","shigure_s",508240,7713,"active","2026-07-23T17:08:31.371+08:00","2026-07-23T17:08:31.371+08:00",508240,"",""
227790,"pio_(kenix)","pio_(nin_nin!)",508240,7713,"active","2026-07-23T17:07:21.817+08:00","2026-07-23T17:07:21.817+08:00",508240,"",""
227789,"nio_(kenix)","nio_(nin_nin!)",508240,7713,"active","2026-07-23T17:07:20.147+08:00","2026-07-23T17:07:20.147+08:00",508240,"",""
227788,"kenix","nin_nin!",508240,7713,"active","2026-07-23T17:07:18.189+08:00","2026-07-23T17:07:18.189+08:00",508240,"",""
227782,"user_tfzj8422","yuyan_yu_yan",699804,33148,"active","2026-07-23T16:37:51.495+08:00","2026-07-23T16:37:51.495+08:00",699804,"",""
227776,"real_dh","bidugi",718515,33148,"active","2026-07-23T10:42:26.202+08:00","2026-07-23T10:42:26.202+08:00",718515,"",""
227757,"x_wakusei","wakusei-planet",908237,7713,"active","2026-07-23T08:30:49.907+08:00","2026-07-23T08:30:49.907+08:00",908237,"",""
227751,"superfex","decoxart",280788,33148,"active","2026-07-23T06:21:11.868+08:00","2026-07-23T06:21:11.868+08:00",280788,"",""
227750,"rs40uchiha","decoxart",280788,33148,"active","2026-07-23T06:21:00.523+08:00","2026-07-23T06:21:00.523+08:00",280788,"",""
227743,"jrepyuqfb776750","doseisanbl",499293,7713,"active","2026-07-23T06:09:39.864+08:00","2026-07-23T06:09:39.864+08:00",499293,"",""
227742,"doseisanbl2","doseisanbl",499293,7713,"active","2026-07-23T06:09:37.687+08:00","2026-07-23T06:09:37.687+08:00",499293,"",""
227721,"hi_valker","hi-valker",280788,33148,"active","2026-07-23T05:02:30.453+08:00","2026-07-23T05:02:30.453+08:00",280788,"",""
227717,"china_dress","qipao",52664,36751,"active","2026-07-23T04:11:02.656+08:00","2026-07-23T04:11:02.656+08:00",52664,"",""
227715,"herrscher_of_ero","killma",1146403,33148,"active","2026-07-23T03:44:34.456+08:00","2026-07-23T03:44:34.456+08:00",1146403,"",""
227696,"ayukonote","ayuko_(ayukonote)",433258,33148,"active","2026-07-23T02:54:39.103+08:00","2026-07-23T02:54:39.103+08:00",433258,"",""
227690,"lh_2c0","nakabayashi_reimei",52664,7713,"active","2026-07-23T02:19:54.020+08:00","2026-07-23T02:19:54.020+08:00",52664,"",""
227688,"lera_(sighttobehold)","lerochka",52664,37033,"active","2026-07-23T02:19:12.438+08:00","2026-07-23T02:19:12.438+08:00",52664,"",""
227686,"matching_outfit_(nijisanji)","nijisanji_matching_outfit",52664,23520,"active","2026-07-23T02:07:03.502+08:00","2026-07-23T02:07:03.502+08:00",52664,"",""
227671,"hoseki_raito","truong_truonkoi",103979,33148,"active","2026-07-22T21:20:46.045+08:00","2026-07-22T21:20:46.045+08:00",103979,"",""
227667,"miya_(m_ya_mya)","mya_(m_ya_mya)",1054326,33148,"active","2026-07-22T20:35:07.897+08:00","2026-07-22T20:35:07.897+08:00",1054326,"",""
227663,"lycaenopsis","gastrapoda",1234382,7713,"active","2026-07-22T20:10:12.403+08:00","2026-07-22T20:10:12.403+08:00",1234382,"",""
227659,"xxxiv_vixxx","35zaco",1561614,7713,"active","2026-07-22T19:37:29.830+08:00","2026-07-22T19:37:29.830+08:00",1561614,"",""
227639,"taodao0213","wttao_(wttao0213)",433258,33148,"active","2026-07-22T11:50:22.104+08:00","2026-07-22T11:50:22.104+08:00",433258,"",""
227633,"6020cb99000000000101e8b9","wo_ya_hao_teng",983878,33148,"active","2026-07-22T08:03:33.585+08:00","2026-07-22T08:03:33.585+08:00",983878,"",""
227629,"soul_gem_(madoka_magika)","soul_gem_(madoka_magica)",52664,37023,"deleted","2026-07-22T07:08:05.336+08:00","2026-07-22T07:08:08.302+08:00",52664,"",""
227622,"albumaurum","qwaqmeharder",1084933,7713,"active","2026-07-22T06:14:39.108+08:00","2026-07-22T06:14:39.108+08:00",1084933,"",""
227618,"album-aurum","qwaqmeharder",1084933,7713,"active","2026-07-22T06:13:00.112+08:00","2026-07-22T06:13:00.112+08:00",1084933,"",""
227612,"shonan","sho3_3nan",1084933,7713,"active","2026-07-22T05:44:48.390+08:00","2026-07-22T05:44:48.390+08:00",1084933,"",""
227599,"hinamushi_(shokuyou)","sakuradukihina",346837,7713,"active","2026-07-22T04:18:51.419+08:00","2026-07-22T04:18:51.419+08:00",346837,"",""
227595,"soul_gem_(madoka_magika)","soul_gem_(madoka_magica)",52664,37023,"deleted","2026-07-22T03:38:10.958+08:00","2026-07-22T04:45:23.187+08:00",52664,"",""
227591,"spalda","sparda_(precure)",52664,37019,"active","2026-07-22T03:04:13.918+08:00","2026-07-22T03:04:13.918+08:00",52664,"",""
227590,"sparda","sparda_(devil_may_cry)",52664,37019,"active","2026-07-22T03:04:08.963+08:00","2026-07-22T03:04:08.963+08:00",52664,"",""
227587,"izanami_(blazblue)","hades_izanami",52664,37012,"active","2026-07-22T02:58:24.293+08:00","2026-07-22T02:58:24.293+08:00",52664,"",""
227586,"mikado_(blazblue)","hades_izanami",52664,37012,"active","2026-07-22T02:58:11.806+08:00","2026-07-22T02:58:11.806+08:00",52664,"",""
227583,"caramelldansen","caramelldansen_(meme)",52664,37015,"active","2026-07-22T02:12:59.380+08:00","2026-07-22T02:12:59.380+08:00",52664,"",""
227579,"midori_(310ri_23)","midori_(310ri_21)",776439,33148,"active","2026-07-22T00:53:43.757+08:00","2026-07-22T00:53:43.757+08:00",776439,"",""
227575,"complex-vortex","complexvortex",103979,33148,"active","2026-07-22T00:00:17.337+08:00","2026-07-22T00:00:17.337+08:00",103979,"",""
227565,"soraoraora","sora_(soraoraora)",781002,7713,"active","2026-07-21T23:18:18.447+08:00","2026-07-21T23:18:18.447+08:00",781002,"",""
227561,"user_pjdc3332","hutaba_(pixiv_96387429)",718515,33148,"active","2026-07-21T23:01:34.292+08:00","2026-07-21T23:01:34.292+08:00",718515,"",""
227557,"cucumber2024","nawa_no_ojisan",433258,33148,"active","2026-07-21T22:46:01.964+08:00","2026-07-21T22:46:01.964+08:00",433258,"",""
227553,"mat.","hiboshi_daizu",779867,33148,"active","2026-07-21T22:33:18.543+08:00","2026-07-21T22:33:18.543+08:00",779867,"",""
227549,"cherrnilla","chernilla",1238495,33148,"active","2026-07-21T22:10:55.445+08:00","2026-07-21T22:10:55.445+08:00",1238495,"",""
227545,"sinsiaminase","kujou_shima",1054326,33148,"active","2026-07-21T22:07:48.946+08:00","2026-07-21T22:07:48.946+08:00",1054326,"",""
227541,"yuhiroshi","arihiro_shimazu",781002,33148,"active","2026-07-21T22:04:19.600+08:00","2026-07-21T22:04:19.600+08:00",781002,"",""
227537,"imperi","cheese_otchahoi",718515,33148,"active","2026-07-21T20:29:19.895+08:00","2026-07-21T20:29:19.895+08:00",718515,"",""
227533,"yiiande","yllande",1367694,33148,"active","2026-07-21T20:27:40.232+08:00","2026-07-21T20:27:40.232+08:00",1367694,"",""
227529,"inata929","inata",904806,33148,"active","2026-07-21T19:52:55.429+08:00","2026-07-21T19:52:55.429+08:00",904806,"",""
227512,"yolkeid","miyolks",904806,33148,"active","2026-07-21T16:04:39.299+08:00","2026-07-21T16:04:39.299+08:00",904806,"",""
227508,"hekimix","tuna_sss15",1054326,7713,"active","2026-07-21T15:22:43.611+08:00","2026-07-21T15:22:43.611+08:00",1054326,"",""
227504,"galsan12","galsan",433258,33148,"active","2026-07-21T13:52:13.450+08:00","2026-07-21T13:52:13.450+08:00",433258,"",""
227500,"q2_qee","hamju",1019938,33148,"active","2026-07-21T13:41:40.240+08:00","2026-07-21T13:41:40.240+08:00",1019938,"",""
227496,"minus_zero69","zeromii",718515,33148,"active","2026-07-21T13:04:11.750+08:00","2026-07-21T13:04:11.750+08:00",718515,"",""
227488,"kochan","kumak",904806,33148,"active","2026-07-21T11:33:28.175+08:00","2026-07-21T11:33:28.175+08:00",904806,"",""
227484,"gyans","sio_iwana",433258,33148,"active","2026-07-21T10:16:25.633+08:00","2026-07-21T10:16:25.633+08:00",433258,"",""
227480,"galacticat","purrverse",433258,33148,"active","2026-07-21T10:10:01.052+08:00","2026-07-21T10:10:01.052+08:00",433258,"",""
227476,"cszwshkc","ireneli32805775",983878,33148,"retired","2026-07-21T09:50:07.136+08:00","2026-07-26T08:01:10.955+08:00",983878,"",""
227466,"xr_er0ryu","ryuuzou",1002,7713,"active","2026-07-21T07:10:46.926+08:00","2026-07-21T07:10:46.926+08:00",1002,"",""
227462,"john_rod_(jojo)","unnamed_rod_stand_(jojolands)",508240,37011,"active","2026-07-21T06:47:40.659+08:00","2026-07-21T06:47:40.659+08:00",508240,"",""
227458,"jab_1213","milky_leo",1333332,7713,"active","2026-07-21T05:53:33.598+08:00","2026-07-21T05:53:33.598+08:00",1333332,"",""
227456,"ochinpo_tatsurou","tatsuno_saori",52664,36959,"active","2026-07-21T05:05:47.398+08:00","2026-07-21T05:05:47.398+08:00",52664,"",""
227455,"kansai_neko_(yani_neko)","nishi_kaoruko",52664,36959,"active","2026-07-21T05:05:45.323+08:00","2026-07-21T05:05:45.323+08:00",52664,"",""
227454,"aru_neko_(yani_neko)","sakai_aruko",52664,36959,"active","2026-07-21T05:05:41.245+08:00","2026-07-21T05:05:41.245+08:00",52664,"",""
227453,"yaku_neko_(yani_neko)","etsushimaru_yakuko",52664,36959,"active","2026-07-21T05:05:32.848+08:00","2026-07-21T05:05:32.848+08:00",52664,"",""
227444,"yani_neko_(yani_neko)","satou_yaniko",52664,36959,"active","2026-07-21T05:01:36.857+08:00","2026-07-21T05:01:36.857+08:00",52664,"",""
227442,"monobloc_(chair)","monobloc_chair",52664,36970,"active","2026-07-21T04:56:58.957+08:00","2026-07-21T04:56:58.957+08:00",52664,"",""
227438,"twister_(tornado)","tornado",52664,36965,"active","2026-07-21T04:50:35.937+08:00","2026-07-21T04:50:35.937+08:00",52664,"",""
227437,"twister","twister_(game)",52664,36965,"deleted","2026-07-21T04:50:13.694+08:00","2026-07-21T04:50:35.822+08:00",52664,"",""
227434,"daylight_summer_(kiriko)","yukoku_kiriko_(delight_summer)",52664,33322,"active","2026-07-21T04:48:25.543+08:00","2026-07-21T04:48:25.543+08:00",52664,"",""
227432,"dear_688","fyod_726",1146403,33148,"active","2026-07-21T03:22:54.310+08:00","2026-07-21T03:22:54.310+08:00",1146403,"",""
227294,"semen_on_fingers","cum_on_fingers",52664,17325,"active","2026-07-21T02:21:07.414+08:00","2026-07-21T02:21:07.414+08:00",52664,"",""
227292,"paff_(cytus)","aroma_white",52664,36996,"active","2026-07-21T02:10:12.595+08:00","2026-07-21T02:10:12.595+08:00",52664,"",""
227290,"ayaring","itouyas",708868,33148,"active","2026-07-21T01:18:22.819+08:00","2026-07-21T01:18:22.819+08:00",708868,"",""
227286,"hyperrogue_ange_floette","ange_floette",52664,37007,"active","2026-07-20T23:33:08.151+08:00","2026-07-20T23:33:08.151+08:00",52664,"",""
227284,"rulership_(racing)_(umamusume)","rulership_(monochrome_gm)_(umamusume)",52664,29925,"active","2026-07-20T23:19:57.627+08:00","2026-07-20T23:19:57.627+08:00",52664,"",""
227280,"white_blue_white_flag","russian_anti-war_flag",52664,37008,"active","2026-07-20T23:16:09.443+08:00","2026-07-20T23:16:09.443+08:00",52664,"",""
227278,"yuantou_maodie_(meme)","round-headed_mao_die_(meme)",52664,37008,"active","2026-07-20T23:15:57.668+08:00","2026-07-20T23:15:57.668+08:00",52664,"",""
227276,"marurumadoka","manmaru_(marurumadoka)",589498,33148,"active","2026-07-20T22:38:35.583+08:00","2026-07-20T22:38:35.583+08:00",589498,"",""
227268,"mercury_ball_(qq28042742)","mercury_(fengli809)",567822,33148,"active","2026-07-20T20:51:50.868+08:00","2026-07-20T20:51:50.868+08:00",567822,"",""
227264,"yuishironeko","umikirameki",1333332,7713,"active","2026-07-20T20:31:52.187+08:00","2026-07-20T20:31:52.187+08:00",1333332,"",""
227262,"user_npdk8774","ogdpuvlco753250",1488146,33148,"active","2026-07-20T20:12:40.676+08:00","2026-07-20T20:12:40.676+08:00",1488146,"",""
227258,"sasaya_(ssyng_)","nogi_sasaya",68250,33148,"active","2026-07-20T20:11:31.377+08:00","2026-07-20T20:11:31.377+08:00",68250,"",""
227257,"mgr1219","mgr.26",68250,33148,"active","2026-07-20T20:11:29.153+08:00","2026-07-20T20:11:29.153+08:00",68250,"",""
227256,"ebifurai_(_ebi_furai)","ebifurako",68250,33148,"active","2026-07-20T20:11:27.413+08:00","2026-07-20T20:11:27.413+08:00",68250,"",""
227255,"tsubaking","asami_tsubaki",68250,33148,"active","2026-07-20T20:11:25.538+08:00","2026-07-20T20:11:25.538+08:00",68250,"",""
227254,"kochi-n","kochi_(nemunoki)",68250,33148,"active","2026-07-20T20:11:23.572+08:00","2026-07-20T20:11:23.572+08:00",68250,"",""
227253,"kirihara_wakana","nattou_kinoko",68250,33148,"active","2026-07-20T20:11:20.512+08:00","2026-07-20T20:11:20.512+08:00",68250,"",""
227232,"shuixiayuebiao","atlanticrover",1561614,33148,"active","2026-07-20T18:14:18.703+08:00","2026-07-20T18:14:18.703+08:00",1561614,"",""
227226,"chickentikin53","muuma",1561614,33148,"active","2026-07-20T17:23:42.459+08:00","2026-07-20T17:23:42.459+08:00",1561614,"",""
227220,"softq_(user_xpec3847)","softq_(pixiv_126110008)",1333332,33148,"active","2026-07-20T14:57:16.015+08:00","2026-07-20T14:57:16.015+08:00",1333332,"",""
227216,"home_sweet_homecoming","e_school_life",85307,37004,"active","2026-07-20T12:52:55.916+08:00","2026-07-20T12:52:55.916+08:00",85307,"",""
227214,"yoshikoro_(user_dvnt5555)","yoshikoro_(yoshikoro12)",103979,33148,"active","2026-07-20T11:13:26.576+08:00","2026-07-20T11:13:26.576+08:00",103979,"",""
227204,"captain_tennille","imposter_captain_tennille",52664,36998,"active","2026-07-20T06:12:28.010+08:00","2026-07-20T06:12:28.010+08:00",52664,"",""
227202,"columbina_(marechaussee_hunter)_(genshin_impact)","columbina_(big_bad_vampire)_(genshin_impact)",52664,19285,"active","2026-07-20T06:08:59.416+08:00","2026-07-20T06:08:59.416+08:00",52664,"",""
227201,"sandrone_(marechaussee_hunter)_(genshin_impact)","sandrone_(vampire_hunter)_(genshin_impact)",52664,19285,"active","2026-07-20T06:08:54.766+08:00","2026-07-20T06:08:54.766+08:00",52664,"",""
227196,"shinjuku_cat","cross_shinjuku_vision",52664,36984,"active","2026-07-20T05:51:31.868+08:00","2026-07-20T05:51:31.868+08:00",52664,"",""
227194,"nijisanji_idol_uniform","nijisanji_matching_outfit",52664,23520,"active","2026-07-20T05:45:25.780+08:00","2026-07-23T02:07:03.530+08:00",52664,"",""
227192,"visha","viktoriya_ivanovna_serebryakov",52664,36992,"active","2026-07-20T04:25:20.171+08:00","2026-07-20T04:25:20.171+08:00",52664,"",""
227190,"fjord_(critical_role)","fjord_stone",52664,36990,"active","2026-07-20T04:23:52.362+08:00","2026-07-20T04:23:52.362+08:00",52664,"",""
227185,"zephyr_(league_of_legends)","zephyr_(league)",52664,36574,"active","2026-07-20T04:07:53.758+08:00","2026-07-20T04:07:53.758+08:00",52664,"",""
227184,"zaun_(league_of_legends)","zaun_(league)",52664,36574,"active","2026-07-20T04:07:51.399+08:00","2026-07-20T04:07:51.399+08:00",52664,"",""
227183,"yuuto_(league_of_legends)","yuuto_(league)",52664,36574,"active","2026-07-20T04:07:49.284+08:00","2026-07-20T04:07:49.284+08:00",52664,"",""
227182,"yasuo_(odyssey)_(league_of_legends)","yasuo_(odyssey)_(league)",52664,36574,"active","2026-07-20T04:07:47.122+08:00","2026-07-20T04:07:47.122+08:00",52664,"",""
227181,"ward_(league_of_legends)","ward_(league)",52664,36574,"active","2026-07-20T04:07:43.681+08:00","2026-07-20T04:07:43.681+08:00",52664,"",""
227180,"void_(league_of_legends)","void_(league)",52664,36574,"active","2026-07-20T04:07:41.713+08:00","2026-07-20T04:07:41.713+08:00",52664,"",""
227179,"vex_shadow_(league_of_legends)","vex_shadow_(league)",52664,36574,"active","2026-07-20T04:07:33.910+08:00","2026-07-20T04:07:33.910+08:00",52664,"",""
227178,"valor_(league_of_legends)","valor_(league)",52664,36574,"active","2026-07-20T04:07:27.391+08:00","2026-07-20T04:07:27.391+08:00",52664,"",""
227177,"umi_(league_of_legends)","umi_(league)",52664,36574,"active","2026-07-20T04:07:23.472+08:00","2026-07-20T04:07:23.472+08:00",52664,"",""
227176,"true_damage_(league_of_legends)","true_damage_(league)",52664,36574,"active","2026-07-20T04:07:15.490+08:00","2026-07-20T04:07:15.490+08:00",52664,"",""
227175,"the_unspoken_parasite_(league_of_legends)","the_unspoken_parasite_(league)",52664,36574,"active","2026-07-20T04:07:12.649+08:00","2026-07-20T04:07:12.649+08:00",52664,"",""
227174,"the_call_(league_of_legends)","the_call_(league)",52664,36574,"active","2026-07-20T04:07:10.456+08:00","2026-07-20T04:07:10.456+08:00",52664,"",""
227173,"tama_(league_of_legends)","tama_(league)",52664,36574,"active","2026-07-20T04:07:08.594+08:00","2026-07-20T04:07:08.594+08:00",52664,"",""
227172,"summoner_(league_of_legends)","summoner_(league)",52664,36574,"active","2026-07-20T04:07:00.045+08:00","2026-07-20T04:07:00.045+08:00",52664,"",""
227171,"still_here_(league_of_legends)","still_here_(league)",52664,36574,"active","2026-07-20T04:06:57.579+08:00","2026-07-20T04:06:57.579+08:00",52664,"",""
227170,"star_guardian_(league_of_legends)","star_guardian_(league)",52664,36574,"active","2026-07-20T04:05:24.749+08:00","2026-07-20T04:05:24.749+08:00",52664,"",""
227169,"spirit_blossom_(league_of_legends)","spirit_blossom_(league)",52664,36574,"active","2026-07-20T04:04:09.940+08:00","2026-07-20T04:04:09.940+08:00",52664,"",""
227168,"soul_fighter_(league_of_legends)","soul_fighter_(league)",52664,36574,"active","2026-07-20T04:04:04.883+08:00","2026-07-20T04:04:04.883+08:00",52664,"",""
227167,"shurima_(league_of_legends)","shurima_(league)",52664,36574,"active","2026-07-20T04:04:02.394+08:00","2026-07-20T04:04:02.394+08:00",52664,"",""
227166,"shisa_(league_of_legends)","shisa_(league)",52664,36574,"active","2026-07-20T04:03:58.558+08:00","2026-07-20T04:03:58.558+08:00",52664,"",""
227165,"shadow_isle_(league_of_legends)","shadow_isle_(league)",52664,36574,"active","2026-07-20T04:03:55.599+08:00","2026-07-20T04:03:55.599+08:00",52664,"",""
227164,"sett's_mother_(league_of_legends)","sett's_mother_(league)",52664,36574,"active","2026-07-20T04:03:51.668+08:00","2026-07-20T04:03:51.668+08:00",52664,"",""
227163,"sentinel_(league_of_legends)","sentinel_(league)",52664,36574,"active","2026-07-20T04:03:48.498+08:00","2026-07-20T04:03:48.498+08:00",52664,"",""
227162,"sapling_(league_of_legends)","sapling_(league)",52664,36574,"active","2026-07-20T04:03:46.132+08:00","2026-07-20T04:03:46.132+08:00",52664,"",""
227161,"ruined_(league_of_legends)","ruined_(league)",52664,36574,"active","2026-07-20T04:03:36.060+08:00","2026-07-20T04:03:36.060+08:00",52664,"",""
227160,"riggle_(league_of_legends)","riggle_(league)",52664,36574,"active","2026-07-20T04:03:32.761+08:00","2026-07-20T04:03:32.761+08:00",52664,"",""
227159,"raum_(league_of_legends)","raum_(league)",52664,36574,"active","2026-07-20T04:03:30.813+08:00","2026-07-20T04:03:30.813+08:00",52664,"",""
227158,"rafen_(league_of_legends)","rafen_(league)",52664,36574,"active","2026-07-20T04:03:28.678+08:00","2026-07-20T04:03:28.678+08:00",52664,"",""
227157,"project_(league_of_legends)","project_(league)",52664,36574,"active","2026-07-20T04:03:22.978+08:00","2026-07-20T04:03:22.978+08:00",52664,"",""
227156,"porcelain_(league_of_legends)","porcelain_(league)",52664,36574,"active","2026-07-20T04:03:17.485+08:00","2026-07-20T04:03:17.485+08:00",52664,"",""
227153,"pool_party_(league_of_legends)","pool_party_(league)",52664,36574,"active","2026-07-20T04:02:54.541+08:00","2026-07-20T04:02:54.541+08:00",52664,"",""
227152,"pix_(league_of_legends)","pix_(league)",52664,36574,"active","2026-07-20T04:02:25.438+08:00","2026-07-20T04:02:25.438+08:00",52664,"",""
227151,"pentakill_(league_of_legends)","pentakill_(league)",52664,36574,"active","2026-07-20T04:02:09.868+08:00","2026-07-20T04:02:09.868+08:00",52664,"",""
227150,"noxus_(league_of_legends)","noxus_(league)",52664,36574,"active","2026-07-20T04:02:04.816+08:00","2026-07-20T04:02:04.816+08:00",52664,"",""
227149,"necrit_(league_of_legends)","necrit_(league)",52664,36574,"active","2026-07-20T04:02:01.248+08:00","2026-07-20T04:02:01.248+08:00",52664,"",""
227148,"mist_walker_(league_of_legends)","mist_walker_(league)",52664,36574,"active","2026-07-20T04:01:54.611+08:00","2026-07-20T04:01:54.611+08:00",52664,"",""
227147,"minion_(league_of_legends)","minion_(league)",52664,36574,"active","2026-07-20T04:01:45.828+08:00","2026-07-20T04:01:45.828+08:00",52664,"",""
227146,"merchant_(league_of_legends)","merchant_(league)",52664,36574,"active","2026-07-20T04:01:42.659+08:00","2026-07-20T04:01:42.659+08:00",52664,"",""
227145,"loto_(league_of_legends)","loto_(league)",52664,36574,"active","2026-07-20T04:01:37.676+08:00","2026-07-20T04:01:37.676+08:00",52664,"",""
227144,"locke_(league_of_legends)","locke_(league)",52664,36574,"active","2026-07-20T04:01:31.119+08:00","2026-07-20T04:01:31.119+08:00",52664,"",""
227143,"liandry's_anguish_(league_of_legends)","liandry's_anguish_(league)",52664,36574,"active","2026-07-20T04:01:25.265+08:00","2026-07-20T04:01:25.265+08:00",52664,"",""
227142,"leviathan_(league_of_legends)","leviathan_(league)",52664,36574,"active","2026-07-20T04:01:21.314+08:00","2026-07-20T04:01:21.314+08:00",52664,"",""
227141,"ledros_(league_of_legends)","ledros_(league)",52664,36574,"active","2026-07-20T04:01:17.516+08:00","2026-07-20T04:01:17.516+08:00",52664,"",""
227140,"kiko_(league_of_legends)","kiko_(league)",52664,36574,"active","2026-07-20T04:01:08.902+08:00","2026-07-20T04:01:08.902+08:00",52664,"",""
227139,"k/da_(league_of_legends)","k/da_(league)",52664,36574,"active","2026-07-20T03:57:20.095+08:00","2026-07-20T03:57:20.095+08:00",52664,"",""
227138,"jun_(league_of_legends)","jun_(league)",52664,36574,"active","2026-07-20T03:57:17.508+08:00","2026-07-20T03:57:17.508+08:00",52664,"",""
227137,"isolde_(league_of_legends)","isolde_(league)",52664,36574,"active","2026-07-20T03:57:11.397+08:00","2026-07-20T03:57:11.397+08:00",52664,"",""
227136,"infernal_drake_(league_of_legends)","infernal_drake_(league)",52664,36574,"active","2026-07-20T03:57:05.398+08:00","2026-07-20T03:57:05.398+08:00",52664,"",""
227135,"immortal_journey_(league_of_legends)","immortal_journey_(league)",52664,36574,"active","2026-07-20T03:56:59.644+08:00","2026-07-20T03:56:59.644+08:00",52664,"",""
227134,"illi_(league_of_legends)","illi_(league)",52664,36574,"active","2026-07-20T03:56:56.940+08:00","2026-07-20T03:56:56.940+08:00",52664,"",""
227133,"hostile_takeover_(league_of_legends)","hostile_takeover_(league)",52664,36574,"active","2026-07-20T03:56:54.236+08:00","2026-07-20T03:56:54.236+08:00",52664,"",""
227132,"high_noon_(league_of_legends)","high_noon_(league)",52664,36574,"active","2026-07-20T03:56:49.676+08:00","2026-07-20T03:56:49.676+08:00",52664,"",""
227131,"heartsteel_(league_of_legends)","heartsteel_(league)",52664,36574,"active","2026-07-20T03:56:09.020+08:00","2026-07-20T03:56:09.020+08:00",52664,"",""
227130,"fright_night_(league_of_legends)","fright_night_(league)",52664,36574,"active","2026-07-20T03:56:06.363+08:00","2026-07-20T03:56:06.363+08:00",52664,"",""
227129,"ernest_(league_of_legends)","ernest_(league)",52664,36574,"active","2026-07-20T03:56:03.198+08:00","2026-07-20T03:56:03.198+08:00",52664,"",""
227128,"demacia_(league_of_legends)","demacia_(league)",52664,36574,"active","2026-07-20T03:55:59.939+08:00","2026-07-20T03:55:59.939+08:00",52664,"",""
227127,"darkin_(league_of_legends)","darkin_(league)",52664,36574,"active","2026-07-20T03:55:53.427+08:00","2026-07-20T03:55:53.427+08:00",52664,"",""
227126,"dark_star_(league_of_legends)","dark_star_(league)",52664,36574,"active","2026-07-20T03:55:50.604+08:00","2026-07-20T03:55:50.604+08:00",52664,"",""
227125,"dark_cosmic_(league_of_legends)","dark_cosmic_(league)",52664,36574,"active","2026-07-20T03:55:47.470+08:00","2026-07-20T03:55:47.470+08:00",52664,"",""
227124,"daisy_(league_of_legends)","daisy_(league)",52664,36574,"active","2026-07-20T03:55:44.708+08:00","2026-07-20T03:55:44.708+08:00",52664,"",""
227123,"coven_(league_of_legends)","coven_(league)",52664,36574,"active","2026-07-20T03:55:42.118+08:00","2026-07-20T03:55:42.118+08:00",52664,"",""
227122,"cafe_cuties_(league_of_legends)","cafe_cuties_(league)",52664,36574,"active","2026-07-20T03:55:28.018+08:00","2026-07-20T03:55:28.018+08:00",52664,"",""
227121,"brackern_(league_of_legends)","brackern_(league)",52664,36574,"active","2026-07-20T03:55:24.707+08:00","2026-07-20T03:55:24.707+08:00",52664,"",""
227120,"blood_moon_(league_of_legends)","blood_moon_(league)",52664,36574,"active","2026-07-20T03:55:16.708+08:00","2026-07-20T03:55:16.708+08:00",52664,"",""
227119,"bilgewater_(league_of_legends)","bilgewater_(league)",52664,36574,"active","2026-07-20T03:55:14.106+08:00","2026-07-20T03:55:14.106+08:00",52664,"",""
227118,"beeko_(league_of_legends)","beeko_(league)",52664,36574,"active","2026-07-20T03:55:11.905+08:00","2026-07-20T03:55:11.905+08:00",52664,"",""
227117,"beatrice_(league_of_legends)","beatrice_(league)",52664,36574,"active","2026-07-20T03:55:09.448+08:00","2026-07-20T03:55:09.448+08:00",52664,"",""
227116,"battle_academia_(league_of_legends)","battle_academia_(league)",52664,36574,"active","2026-07-20T03:54:58.930+08:00","2026-07-20T03:54:58.930+08:00",52664,"",""
227115,"bao_(league_of_legends)","bao_(league)",52664,36574,"active","2026-07-20T03:54:55.748+08:00","2026-07-20T03:54:55.748+08:00",52664,"",""
227114,"bandle_painter_(league_of_legends)","bandle_painter_(league)",52664,36574,"active","2026-07-20T03:54:53.294+08:00","2026-07-20T03:54:53.294+08:00",52664,"",""
227113,"bandle_city_(league_of_legends)","bandle_city_(league)",52664,36574,"active","2026-07-20T03:54:51.121+08:00","2026-07-20T03:54:51.121+08:00",52664,"",""
227112,"avarosa_(league_of_legends)","avarosa_(league)",52664,36574,"active","2026-07-20T03:54:48.816+08:00","2026-07-20T03:54:48.816+08:00",52664,"",""
227111,"arcanist_zoe_(league_of_legends)","arcanist_zoe_(league)",52664,36574,"active","2026-07-20T03:54:45.844+08:00","2026-07-20T03:54:45.844+08:00",52664,"",""
227110,"arcana_lulu_(league_of_legends)","arcana_lulu_(league)",52664,36574,"retired","2026-07-20T03:54:43.802+08:00","2026-08-02T08:01:12.824+08:00",52664,"",""
227109,"arcana_(league_of_legends)","arcana_(league)",52664,36574,"active","2026-07-20T03:54:41.829+08:00","2026-07-20T03:54:41.829+08:00",52664,"",""
227108,"animatech_(league_of_legends)","animatech_(league)",52664,36574,"active","2026-07-20T03:54:33.016+08:00","2026-07-20T03:54:33.016+08:00",52664,"",""
227031,"tanned_elf_(treepxiv)","naranja_(treepxiv)",52664,37000,"active","2026-07-20T03:51:14.043+08:00","2026-07-20T03:51:14.043+08:00",52664,"",""
227029,"ricojrcrea","julien_rico_jr",1333332,7713,"active","2026-07-20T02:03:22.145+08:00","2026-07-20T02:03:22.145+08:00",1333332,"",""
227025,"rekid3su","rekidesu",781002,33148,"active","2026-07-20T02:01:40.702+08:00","2026-07-20T02:01:40.702+08:00",781002,"",""
227021,"zhutiesideroca","fangbao",1333332,7713,"active","2026-07-20T02:01:19.502+08:00","2026-07-20T02:01:19.502+08:00",1333332,"",""
227015,"peaces","peaceablecolt",1374836,33148,"active","2026-07-20T01:14:10.649+08:00","2026-07-20T01:14:10.649+08:00",1374836,"",""
227011,"watte2406","wattetete",567822,33148,"active","2026-07-20T01:06:08.002+08:00","2026-07-20T01:06:08.002+08:00",567822,"",""
227005,"kaukrtya0915","namekata_rei",590709,33148,"active","2026-07-20T00:28:04.008+08:00","2026-07-20T00:28:04.008+08:00",590709,"",""
226847,"yonoseong","yoon_(jonatham)",724826,33148,"active","2026-07-19T21:18:10.002+08:00","2026-07-19T21:18:10.002+08:00",724826,"",""
226841,"ria_(ria89921957)","ryuuran",109167,33148,"active","2026-07-19T18:47:06.207+08:00","2026-07-19T18:47:06.207+08:00",109167,"",""
226837,"lil_wgh_18","wgh18",748599,33148,"active","2026-07-19T16:46:37.991+08:00","2026-07-19T16:46:37.991+08:00",748599,"",""
226833,"kanamu0602","hoshieda_(hoshinoedao)",621501,33148,"active","2026-07-19T16:26:16.257+08:00","2026-07-19T16:26:16.257+08:00",621501,"",""
226829,"tindok","kalium_(jojajoja99999)",621501,33148,"active","2026-07-19T15:18:33.873+08:00","2026-07-19T15:18:33.873+08:00",621501,"",""
226825,"s8omn1a","101mianmian88",1146403,33148,"active","2026-07-19T14:36:36.323+08:00","2026-07-19T14:36:36.323+08:00",1146403,"",""
226815,"tanao092178","tanao_(tanaosliminal)",433258,33148,"active","2026-07-19T09:43:27.647+08:00","2026-07-19T09:43:27.647+08:00",433258,"",""
226811,"ryzz_ryzz","ryz_ryz",433258,33148,"active","2026-07-19T09:35:57.587+08:00","2026-07-19T09:35:57.587+08:00",433258,"",""
226805,"rain_drawing01","rein_(user_kmes7822)",1307628,33148,"active","2026-07-19T03:31:25.039+08:00","2026-07-19T03:31:25.039+08:00",1307628,"",""
226801,"chadgarciaburg","ch4d85",454016,33148,"active","2026-07-19T03:19:08.957+08:00","2026-07-19T03:19:08.957+08:00",454016,"",""
226797,"user_yukc4887","setsunasunset",1103267,33148,"active","2026-07-19T02:43:08.531+08:00","2026-07-19T02:43:08.531+08:00",1103267,"",""
226793,"zhishiyizhishilaimu","nanguatudou_dunpaigu",1146403,33148,"active","2026-07-19T01:17:21.981+08:00","2026-07-19T01:17:21.981+08:00",1146403,"",""
226787,"utawarerumono","utawarerumono_(series)",52664,36947,"active","2026-07-18T22:03:50.034+08:00","2026-07-18T22:03:50.034+08:00",52664,"",""
226785,"utawarerumono:_prelude_to_the_fallen","utawarerumono:_chiriyuku_mono_e_no_komoriuta",52664,36947,"active","2026-07-18T21:59:34.630+08:00","2026-07-18T21:59:34.630+08:00",52664,"",""
226783,"liu_qianqiu_(arknights)","liu'er_(arknights)",52664,19647,"active","2026-07-18T21:21:59.301+08:00","2026-07-18T21:21:59.301+08:00",52664,"",""
226781,"kuchi-haku","catinclay",1343385,33148,"active","2026-07-18T21:14:44.452+08:00","2026-07-18T21:14:44.452+08:00",1343385,"",""
226773,"pxfz1234","pdream",1333332,7713,"active","2026-07-18T15:31:08.628+08:00","2026-07-18T15:31:08.628+08:00",1333332,"",""
226769,"blancojon14","lidrol",1084933,7713,"active","2026-07-18T10:37:05.637+08:00","2026-07-18T10:37:05.637+08:00",1084933,"",""
226763,"otomebakudan","noa_rei",1561614,33148,"active","2026-07-18T07:50:28.826+08:00","2026-07-18T07:50:28.826+08:00",1561614,"",""
226759,"ibukichi_ii","ibk_chii",433258,33148,"active","2026-07-18T07:30:06.662+08:00","2026-07-18T07:30:06.662+08:00",433258,"",""
226755,"farfii","9nea",433258,33148,"active","2026-07-18T07:28:23.905+08:00","2026-07-18T07:28:23.905+08:00",433258,"",""
226751,"gemini_(moonsage)","qiqiyu",433258,33148,"active","2026-07-18T07:26:45.664+08:00","2026-07-18T07:26:45.664+08:00",433258,"",""
226747,"yuno_uro","yuino_uro",590709,33148,"active","2026-07-18T07:01:57.809+08:00","2026-07-18T07:01:57.809+08:00",590709,"",""
226746,"uro_03draw","yuino_uro",590709,33148,"active","2026-07-18T07:01:56.093+08:00","2026-07-18T07:01:56.093+08:00",590709,"",""
226739,"user_xdsc2274","sooyu",786597,33148,"active","2026-07-18T05:36:35.877+08:00","2026-07-18T05:36:35.877+08:00",786597,"",""
226735,"danggeu9129862","jeli_bin129",1079719,33148,"active","2026-07-18T04:36:16.752+08:00","2026-07-18T04:36:16.752+08:00",1079719,"",""
226731,"faceless_(helltaker)","moon_(helltaker)",85307,36973,"active","2026-07-18T04:23:52.913+08:00","2026-07-18T04:23:52.913+08:00",85307,"",""
226730,"unbreakable_(helltaker)","tower_(helltaker)",85307,36973,"active","2026-07-18T04:23:49.963+08:00","2026-07-18T04:23:49.963+08:00",85307,"",""
226723,"yoeki_sub","yoeki",499293,33148,"active","2026-07-18T02:10:31.511+08:00","2026-07-18T02:10:31.511+08:00",499293,"",""
226717,"buffering","loading_icon",52664,36906,"active","2026-07-18T01:11:04.310+08:00","2026-07-18T01:11:04.310+08:00",52664,"",""
226715,"sifdayo","sif_ly",1086055,33148,"active","2026-07-18T00:45:24.687+08:00","2026-07-18T00:45:24.687+08:00",1086055,"",""
226680,"robot_penis","mechanical_penis",52664,36962,"active","2026-07-18T00:29:06.465+08:00","2026-07-18T00:29:06.465+08:00",52664,"",""
226670,"baba_(uacd2233)","baba1682682",1333332,7713,"active","2026-07-17T16:10:45.930+08:00","2026-07-17T16:10:45.930+08:00",1333332,"",""
226668,"ame_otk","ame_q",1333332,7713,"active","2026-07-17T16:09:19.794+08:00","2026-07-17T16:09:19.794+08:00",1333332,"",""
226666,"02_0002_11","han_gong",1333332,7713,"active","2026-07-17T16:08:15.658+08:00","2026-07-17T16:08:15.658+08:00",1333332,"",""
226664,"victarionxc","victarionsc",433258,33148,"active","2026-07-17T14:50:58.261+08:00","2026-07-17T14:50:58.261+08:00",433258,"",""
226660,"moc325_510numa","moc325",556219,33148,"active","2026-07-17T14:49:38.491+08:00","2026-07-17T14:49:38.491+08:00",556219,"",""
226654,"fatbeard91","fatbeard",1538132,7713,"active","2026-07-17T14:19:14.270+08:00","2026-07-17T14:19:14.270+08:00",1538132,"",""
226650,"e_mik_doa","sonne_emb",623273,33148,"active","2026-07-17T13:44:03.401+08:00","2026-07-17T13:44:03.401+08:00",623273,"",""
226644,"tobiuo_(1632miyu)","mmmmhyb",1182530,33148,"active","2026-07-17T10:59:19.408+08:00","2026-07-17T10:59:19.408+08:00",1182530,"",""
226640,"plants_vs._zombies:_garden_warfare_2","plants_vs._zombies:_garden_warfare",52664,36944,"active","2026-07-17T10:58:23.959+08:00","2026-07-17T10:58:23.959+08:00",52664,"",""
226636,"ryuuma_(one_piece)","shimotsuki_ryuuma",52664,25124,"active","2026-07-17T10:46:52.471+08:00","2026-07-17T10:46:52.471+08:00",52664,"",""
226634,"off-color_semen","off-color_cum",52664,36964,"active","2026-07-17T10:32:10.226+08:00","2026-07-17T10:32:10.226+08:00",52664,"",""
226632,"mantan2222","mantan",52664,7713,"active","2026-07-17T10:30:56.753+08:00","2026-07-17T10:30:56.753+08:00",52664,"",""
226622,"wu_yu_(xiaohongshu_6205eb3900000000100094fd)","wu_yu_(xhs_4740572199)",1418782,33148,"active","2026-07-17T07:22:59.795+08:00","2026-07-17T07:22:59.795+08:00",1418782,"",""
226618,"cbnvpnzewy99912","jittar",380133,7713,"active","2026-07-17T07:19:16.970+08:00","2026-07-17T07:19:16.970+08:00",380133,"",""
226614,"urplep36568","grouper-ple",1288648,33148,"active","2026-07-17T05:30:39.778+08:00","2026-07-17T05:30:39.778+08:00",1288648,"",""
226610,"nanbei_shimian","chun557",590709,33148,"active","2026-07-17T05:20:51.516+08:00","2026-07-17T05:20:51.516+08:00",590709,"",""
226606,"plainwhite","jelly_(sqshiijelly)",1123578,33148,"active","2026-07-17T05:01:09.396+08:00","2026-07-17T05:01:09.396+08:00",1123578,"",""
226602,"eclipseecliptus","eecliptus",764362,33148,"active","2026-07-17T03:14:41.878+08:00","2026-07-17T03:14:41.878+08:00",764362,"",""
226598,"cagayake!_girls_pose","cagayake!_girls",52664,36954,"active","2026-07-17T02:50:44.372+08:00","2026-07-17T02:50:44.372+08:00",52664,"",""
226596,"ryunx2art","ryunx2",1333332,33148,"active","2026-07-17T02:25:12.188+08:00","2026-07-17T02:25:12.188+08:00",1333332,"",""
226586,"ryunx2","ryunx2art",1333332,7713,"deleted","2026-07-17T02:23:20.800+08:00","2026-07-17T02:25:12.195+08:00",1333332,"",""
226584,"copano_rickey_(yin-yang_bagua_lucky_costume)_(umamusume)","copano_rickey_(eightfold_fortune)_(umamusume)",52664,29925,"active","2026-07-17T02:18:21.441+08:00","2026-07-17T02:18:21.441+08:00",52664,"",""
226582,"tensura","tensei_shitara_slime_datta_ken",52664,36943,"active","2026-07-17T02:06:06.090+08:00","2026-07-17T02:06:06.090+08:00",52664,"",""
226568,"sha_nato","hana_(h6n6_matsu)",718718,33148,"active","2026-07-17T00:18:54.043+08:00","2026-07-17T00:18:54.043+08:00",718718,"",""
226560,"sukato","nowa_(vo_yudekichi)",499293,33148,"active","2026-07-16T23:44:18.443+08:00","2026-07-16T23:44:18.443+08:00",499293,"",""
226544,"booiaher_(5goken)","wu_genghui",1333332,7713,"active","2026-07-16T21:59:12.090+08:00","2026-07-16T21:59:12.090+08:00",1333332,"",""
226540,"hanano2548","canothy",433258,33148,"active","2026-07-16T20:46:04.888+08:00","2026-07-16T20:46:04.888+08:00",433258,"",""
226536,"capoki","fatcat_booster",898841,33148,"active","2026-07-16T20:37:42.396+08:00","2026-07-16T20:37:42.396+08:00",898841,"",""
226530,"icrysyalier","crystalier",1333332,7713,"active","2026-07-16T16:21:14.408+08:00","2026-07-16T16:21:14.408+08:00",1333332,"",""
226528,"gumvvvball","10r_(tulipano)",1333332,7713,"active","2026-07-16T16:20:31.059+08:00","2026-07-16T16:20:31.059+08:00",1333332,"",""
226524,"ling_1703482","ling414353",932445,33148,"active","2026-07-16T13:02:02.119+08:00","2026-07-16T13:02:02.119+08:00",932445,"",""
226520,"laoban_(shijiu)","lxmbdlb49",932445,33148,"active","2026-07-16T12:39:57.413+08:00","2026-07-16T12:39:57.413+08:00",932445,"",""
226516,"makigorogoro","nadekoi",105940,33148,"active","2026-07-16T12:14:29.417+08:00","2026-07-16T12:14:29.417+08:00",105940,"",""
226508,"yxablugg7yqtw1y","pazhi1111",9654,33148,"active","2026-07-16T11:57:28.870+08:00","2026-07-16T11:57:28.870+08:00",9654,"",""
226502,"sachiko_y","yukai_sachiko",433258,33148,"active","2026-07-16T09:30:12.935+08:00","2026-07-16T09:30:12.935+08:00",433258,"",""
226468,"haruru_(harukanarukaor1)","hutami_02",433258,33148,"active","2026-07-16T04:27:46.174+08:00","2026-07-16T04:27:46.174+08:00",433258,"",""
226464,"nangnangnang","kdha2402",433258,33148,"active","2026-07-16T04:16:41.242+08:00","2026-07-16T04:16:41.242+08:00",433258,"",""
226460,"hakuris","haku_ris",103979,33148,"active","2026-07-16T03:45:49.207+08:00","2026-07-16T03:45:49.207+08:00",103979,"",""
226454,"dhbwinner","momi_chan",52664,7713,"active","2026-07-16T03:04:33.909+08:00","2026-07-16T03:04:33.909+08:00",52664,"",""
226452,"wolf_(league_of_legends)","wolf_(league)",52664,36574,"active","2026-07-16T02:46:55.425+08:00","2026-07-16T02:46:55.425+08:00",52664,"",""
226451,"lamb_(league_of_legends)","lamb_(league)",52664,36574,"active","2026-07-16T02:45:30.396+08:00","2026-07-16T02:45:30.396+08:00",52664,"",""
226448,"i_won't_let_mistress_suck_my_blood","goshujin-sama_niwa_suwasemasen!",52664,16840,"active","2026-07-16T02:29:47.616+08:00","2026-07-16T02:29:47.616+08:00",52664,"",""
226447,"sheep_princess_in_wolf's_clothing","ookami_no_kawa_o_kabutta_hitsujihime",52664,16840,"active","2026-07-16T02:29:45.635+08:00","2026-07-16T02:29:45.635+08:00",52664,"",""
226446,"petals_of_reincarnation","reincarnation_no_kaben",52664,16840,"active","2026-07-16T02:29:44.178+08:00","2026-07-16T02:29:44.178+08:00",52664,"",""
226445,"the_kept_man_of_the_princess_knight","hime_kishi-sama_no_himo",52664,16840,"active","2026-07-16T02:29:41.968+08:00","2026-07-16T02:29:41.968+08:00",52664,"",""
226444,"i_want_to_end_this_love_game","aishiteru_game_wo_owarasetai",52664,16840,"active","2026-07-16T02:29:40.315+08:00","2026-07-16T02:29:40.315+08:00",52664,"",""
226443,"gal's_can't_be_kind_to_otaku!?","otaku_ni_yasashii_gal_wa_inai!?",52664,16840,"active","2026-07-16T02:29:38.815+08:00","2026-07-16T02:29:38.815+08:00",52664,"",""
226442,"the_ramparts_of_ice","koori_no_jouheki",52664,16840,"active","2026-07-16T02:29:37.552+08:00","2026-07-16T02:29:37.552+08:00",52664,"",""
226441,"the_fledgling_demon_lord's_starter_shop","sudachi_no_maoujou",52664,16840,"active","2026-07-16T02:29:35.927+08:00","2026-07-16T02:29:35.927+08:00",52664,"",""
226440,"isshiki-san_wants_to_know_about_love.","isshiki-san_wa_koi_wo_shiritai.",52664,16840,"active","2026-07-16T02:29:33.486+08:00","2026-07-16T02:29:33.486+08:00",52664,"",""
226439,"to_you_in_the_beyond","doko_yori_mo_tooi_basho_ni_iru_kimi_e",52664,16840,"active","2026-07-16T02:29:31.648+08:00","2026-07-16T02:29:31.648+08:00",52664,"",""
226438,"please_excuse_my_younger_brothers","uchi_no_ototo-dono_ga_sumimasen",52664,16840,"active","2026-07-16T02:29:29.679+08:00","2026-07-16T02:29:29.679+08:00",52664,"",""
226437,"i'm_dating_a_dark_summoner","dark_summoner_to_dekite_iru",52664,16840,"active","2026-07-16T02:29:27.964+08:00","2026-07-16T02:29:27.964+08:00",52664,"",""
226436,"from_far_away","kanata_kara",52664,16840,"active","2026-07-16T02:29:26.592+08:00","2026-07-16T02:29:26.592+08:00",52664,"",""
226435,"full_clearing_another_world_under_a_goddess_with_zero_believers","shinja_zero_no_megami-sama_to_hajimeru_isekai_kouryaku",52664,16840,"active","2026-07-16T02:29:24.559+08:00","2026-07-16T02:29:24.559+08:00",52664,"",""
226434,"#i'm_looking_for_zombie","#zombie_sagashitemasu",52664,16840,"active","2026-07-16T02:29:23.130+08:00","2026-07-16T02:29:23.130+08:00",52664,"",""
226433,"my_girlfriend's_friend","kanojo_no_tomodachi",52664,16840,"active","2026-07-16T02:29:21.570+08:00","2026-07-16T02:29:21.570+08:00",52664,"",""
226432,"the_salty_koharu_has_a_soft_spot_for_me","shio_taiou_no_satou-san_ga_ore_ni_dake_amai",52664,16840,"active","2026-07-16T02:29:19.815+08:00","2026-07-16T02:29:19.815+08:00",52664,"",""
226431,"the_cold_sato-san_is_only_sweet_to_me","shio_taiou_no_satou-san_ga_ore_ni_dake_amai",52664,16840,"active","2026-07-16T02:29:17.951+08:00","2026-07-16T02:29:17.951+08:00",52664,"",""
226430,"nia_liston:_the_merciless_maiden","kyouran_reijou_nia_liston",52664,16840,"active","2026-07-16T02:29:16.306+08:00","2026-07-16T02:29:16.306+08:00",52664,"",""
226429,"a_certain_item_of_dark_side","toaru_anbu_no_item",52664,16840,"active","2026-07-16T02:29:14.677+08:00","2026-07-16T02:29:14.677+08:00",52664,"",""
226428,"a_tale_of_the_secret_saint","tensei_shita_daiseijo_wa_seijo_de_aru_koto_wo_hitakakusu",52664,16840,"active","2026-07-16T02:29:13.193+08:00","2026-07-16T02:29:13.193+08:00",52664,"",""
226427,"firefly_wedding","hotaru_no_yomeiri",52664,16840,"active","2026-07-16T02:29:11.207+08:00","2026-07-16T02:29:11.207+08:00",52664,"",""
226404,"goodbye_lara","sayonara_lara",52664,16840,"active","2026-07-16T01:37:34.421+08:00","2026-07-16T01:37:34.421+08:00",52664,"",""
226392,"bei_chelun_de_daquan_yangcong_anakin","sohaku_yoko",499293,7713,"active","2026-07-15T22:21:59.733+08:00","2026-07-15T22:21:59.733+08:00",499293,"",""
226388,"furaru2","kanimiso30601",1333332,7713,"active","2026-07-15T20:26:34.844+08:00","2026-07-15T20:26:34.844+08:00",1333332,"",""
226386,"wickedsturdy","laancer_(blovednight)",1333332,7713,"active","2026-07-15T20:25:40.729+08:00","2026-07-15T20:25:40.729+08:00",1333332,"",""
226382,"vee.29","lolvivianli",1316376,33148,"active","2026-07-15T19:24:12.053+08:00","2026-07-15T19:24:12.053+08:00",1316376,"",""
226372,"imomo_tarugo","goo-yan_(ogura_tomomi)",499293,7713,"active","2026-07-15T12:26:09.109+08:00","2026-07-15T12:26:09.109+08:00",499293,"",""
226370,"nao3art","nao_(vuitton)",499293,7713,"active","2026-07-15T12:23:34.374+08:00","2026-07-15T12:23:34.374+08:00",499293,"",""
226369,"green_(vuitton)","nao_(vuitton)",499293,7713,"active","2026-07-15T12:23:32.627+08:00","2026-07-15T12:23:32.627+08:00",499293,"",""
226362,"rowdypuffin","patto",499293,7713,"active","2026-07-15T12:16:10.968+08:00","2026-07-15T12:16:10.968+08:00",499293,"",""
226360,"glassymint","glassy_minty",499293,7713,"active","2026-07-15T12:16:05.322+08:00","2026-07-15T12:16:05.322+08:00",499293,"",""
226354,"kind6019","99_(kind6019)",718515,33148,"active","2026-07-15T09:27:26.465+08:00","2026-07-15T09:27:26.465+08:00",718515,"",""
226350,"futaba36suzukii","suzuki014tureta",983878,33148,"active","2026-07-15T08:30:23.316+08:00","2026-07-15T08:30:23.316+08:00",983878,"",""
226346,"takimoto_sakura","takimoto_rumina",861955,33148,"active","2026-07-15T08:06:28.464+08:00","2026-07-15T08:06:28.464+08:00",861955,"",""
226340,"user_wwxt2553","abbeyshollow",103979,33148,"active","2026-07-15T04:29:00.207+08:00","2026-07-15T04:29:00.207+08:00",103979,"",""
226336,"user_purg4332","12xiaopumpit29",103979,33148,"active","2026-07-15T04:25:28.856+08:00","2026-07-15T04:25:28.856+08:00",103979,"",""
226332,"user_kdhu8377","neriyumeyuna",103979,33148,"active","2026-07-15T04:22:25.013+08:00","2026-07-15T04:22:25.013+08:00",103979,"",""
226328,"tomarusanart","tomaruart",1144072,33148,"active","2026-07-15T03:37:50.983+08:00","2026-07-15T03:37:50.983+08:00",1144072,"",""
226324,"estradiol","estrogen",52664,36851,"active","2026-07-15T02:50:21.879+08:00","2026-07-15T02:50:21.879+08:00",52664,"",""
226322,"camila_(prison_clothes)_(vtuber)","camila_inpu_(prison_clothes)",52664,22844,"active","2026-07-15T02:32:45.622+08:00","2026-07-15T02:32:45.622+08:00",52664,"",""
226321,"camila_(cami_3.0)_(vtuber)","camila_inpu_(cami_3.0)",52664,22844,"active","2026-07-15T02:32:40.758+08:00","2026-07-15T02:32:40.758+08:00",52664,"",""
226320,"camila_(cami_2.0)_(vtuber)","camila_inpu_(cami_2.0)",52664,22844,"active","2026-07-15T02:32:36.670+08:00","2026-07-15T02:32:36.670+08:00",52664,"",""
226319,"camila_(cami_1.0)_(vtuber)","camila_inpu_(cami_1.0)",52664,22844,"active","2026-07-15T02:32:34.199+08:00","2026-07-15T02:32:34.199+08:00",52664,"",""
226318,"camila_(vtuber)","camila_inpu",52664,22844,"active","2026-07-15T02:32:02.253+08:00","2026-07-15T02:32:02.253+08:00",52664,"",""
226312,"kronguss","kiviyomi",52664,33148,"active","2026-07-15T02:03:37.154+08:00","2026-07-15T02:03:37.154+08:00",52664,"",""
226310,"joseph_stone","mr._stone_(pokemon)",52664,36928,"active","2026-07-15T01:58:32.749+08:00","2026-07-15T01:58:32.749+08:00",52664,"",""
226308,"takao_cozmo","professor_cozmo",52664,31928,"active","2026-07-15T01:52:47.609+08:00","2026-07-15T01:52:47.609+08:00",52664,"",""
226306,"d.s._-dal_segno-","dal_segno",52664,35055,"active","2026-07-15T01:32:53.422+08:00","2026-07-15T01:32:53.422+08:00",52664,"",""
226304,"ootsuki_yoyoko","ohtsuki_yoyoko",52664,36920,"active","2026-07-15T01:22:14.720+08:00","2026-07-15T01:22:14.720+08:00",52664,"",""
226302,"satou_aiko","sato_aiko",52664,36920,"active","2026-07-15T01:22:10.296+08:00","2026-07-15T01:22:10.296+08:00",52664,"",""
226300,"sae_(hiiragi_mikoto)","sae_the_blob",52664,36922,"active","2026-07-15T01:18:36.224+08:00","2026-07-15T01:18:36.224+08:00",52664,"",""
226298,"mill_(user_ypgc2873)","mill_(nnsyst)",1105289,33148,"active","2026-07-15T00:59:01.029+08:00","2026-07-15T00:59:01.029+08:00",1105289,"",""
226250,"geezhiii","geezhii",1316376,33148,"active","2026-07-15T00:31:53.475+08:00","2026-07-15T00:31:53.475+08:00",1316376,"",""
226244,"grunt_frostwolf","onlineworms",781002,33148,"active","2026-07-15T00:08:15.824+08:00","2026-07-15T00:08:15.824+08:00",781002,"",""
226240,"user_vcxf5283","baiz_(pixiv_67650565)",103979,33148,"active","2026-07-14T22:50:42.248+08:00","2026-07-14T22:50:42.248+08:00",103979,"",""
226232,"genmu_(bilibili_6462526)","huanmeng",1087973,33148,"active","2026-07-14T17:30:03.827+08:00","2026-07-14T17:30:03.827+08:00",1087973,"",""
226228,"o_amn2","ooamana",1333332,7713,"active","2026-07-14T14:35:55.400+08:00","2026-07-14T14:35:55.400+08:00",1333332,"",""
226226,"rip_cho_art","ripcho_xx",1182530,33148,"active","2026-07-14T13:07:12.273+08:00","2026-07-14T13:07:12.273+08:00",1182530,"",""
226222,"caul_illust","tkm_nkrgm",280788,33148,"active","2026-07-14T11:38:03.304+08:00","2026-07-14T11:38:03.304+08:00",280788,"",""
226218,"yukanun_under","yukanuntiusel",581443,33148,"active","2026-07-14T10:42:15.073+08:00","2026-07-14T10:42:15.073+08:00",581443,"",""
226209,"xiao_yuan_yuan","jinxiaoyimeng",1307155,33148,"active","2026-07-14T08:09:53.284+08:00","2026-07-14T08:09:53.284+08:00",1307155,"",""
226201,"kakke666","satanmanse",1538267,33148,"active","2026-07-14T06:55:45.866+08:00","2026-07-14T06:55:45.866+08:00",1538267,"",""
226183,"beesing9","beesing",1105289,33148,"active","2026-07-14T06:31:58.280+08:00","2026-07-14T06:31:58.280+08:00",1105289,"",""
226175,"rizuki_suwoto","erojiji3",52664,7713,"active","2026-07-14T04:39:43.587+08:00","2026-07-14T04:39:43.587+08:00",52664,"",""
226172,"wuhuarouzhenhaochi","pork_belly_(artist)",52664,7713,"active","2026-07-14T04:39:06.933+08:00","2026-07-14T04:39:06.933+08:00",52664,"",""
226170,"woodburning_(medium)","pyrography_(medium)",52664,26786,"active","2026-07-14T04:37:51.343+08:00","2026-07-14T04:37:51.343+08:00",52664,"",""
226164,"critical_role:_campaign_i","the_legend_of_vox_machina",52664,36901,"active","2026-07-14T03:42:10.186+08:00","2026-07-14T03:42:10.186+08:00",52664,"",""
226163,"critical_role:_campaign_ii","the_mighty_nein",52664,36901,"active","2026-07-14T03:42:08.088+08:00","2026-07-14T03:42:08.088+08:00",52664,"",""
226162,"critical_role:_campaign_iii","bells_hells",52664,36901,"active","2026-07-14T03:42:05.568+08:00","2026-07-14T03:42:05.568+08:00",52664,"",""
226158,"alouette_(shadowverse:_worlds_beyond)","alouette_(shadowverse)",52664,36894,"active","2026-07-14T03:37:57.750+08:00","2026-07-14T03:37:57.750+08:00",52664,"",""
226157,"sham-nacha_(shadowverse:_worlds_beyond)","sham-nacha_(shadowverse)",52664,36894,"active","2026-07-14T03:37:51.332+08:00","2026-07-14T03:37:51.332+08:00",52664,"",""
226156,"velharia_(shadowverse:_worlds_beyond)","velharia_(shadowverse)",52664,36894,"active","2026-07-14T03:37:45.093+08:00","2026-07-14T03:37:45.093+08:00",52664,"",""
226155,"himeka_(shadowverse:_worlds_beyond)","himeka_(shadowverse)",52664,36894,"active","2026-07-14T03:37:42.268+08:00","2026-07-14T03:37:42.268+08:00",52664,"",""
226154,"azurifrit_(shadowverse:_worlds_beyond)","azurifrit_(shadowverse)",52664,36894,"active","2026-07-14T03:37:40.120+08:00","2026-07-14T03:37:40.120+08:00",52664,"",""
226153,"axia_(shadowverse:_worlds_beyond)","axia_(shadowverse)",52664,36894,"active","2026-07-14T03:37:35.236+08:00","2026-07-14T03:37:35.236+08:00",52664,"",""
226152,"krulle_(shadowverse:_worlds_beyond)","krulle_(shadowverse)",52664,36894,"active","2026-07-14T03:37:32.753+08:00","2026-07-14T03:37:32.753+08:00",52664,"",""
226151,"sinciro_(shadowverse:_worlds_beyond)","sinciro_(shadowverse)",52664,36894,"active","2026-07-14T03:37:30.657+08:00","2026-07-14T03:37:30.657+08:00",52664,"",""
226150,"marie_malisse_(shadowverse:_worlds_beyond)","marie_malisse_(shadowverse)",52664,36894,"active","2026-07-14T03:37:25.590+08:00","2026-07-14T03:37:25.590+08:00",52664,"",""
226149,"diawl_(shadowverse:_worlds_beyond)","diawl_(shadowverse)",52664,36894,"active","2026-07-14T03:37:23.094+08:00","2026-07-14T03:37:23.094+08:00",52664,"",""
226148,"burnite_(shadowverse:_worlds_beyond)","burnite_(shadowverse)",52664,36894,"active","2026-07-14T03:37:19.861+08:00","2026-07-14T03:37:19.861+08:00",52664,"",""
226147,"supplicant_of_disdain_(shadowverse:_worlds_beyond)","supplicant_of_disdain_(shadowverse)",52664,36894,"active","2026-07-14T03:37:16.983+08:00","2026-07-14T03:37:16.983+08:00",52664,"",""
226146,"el_(shadowverse:_worlds_beyond)","el_(shadowverse)",52664,36894,"active","2026-07-14T03:37:14.773+08:00","2026-07-14T03:37:14.773+08:00",52664,"",""
226145,"support_wolf_(shadowverse:_worlds_beyond)","support_wolf_(shadowverse)",52664,36894,"active","2026-07-14T03:37:12.350+08:00","2026-07-14T03:37:12.350+08:00",52664,"",""
226144,"imari_(shadowverse:_worlds_beyond)","imari_(shadowverse)",52664,36894,"active","2026-07-14T03:37:09.879+08:00","2026-07-14T03:37:09.879+08:00",52664,"",""
226143,"imari's_little_buddies_(shadowverse:_worlds_beyond)","imari's_little_buddies_(shadowverse)",52664,36894,"active","2026-07-14T03:37:04.198+08:00","2026-07-14T03:37:04.198+08:00",52664,"",""
226142,"yube_(shadowverse:_worlds_beyond)","yube_(shadowverse)",52664,36894,"active","2026-07-14T03:37:02.120+08:00","2026-07-14T03:37:02.120+08:00",52664,"",""
226141,"unkei_(shadowverse:_worlds_beyond)","unkei_(shadowverse)",52664,36894,"active","2026-07-14T03:36:59.555+08:00","2026-07-14T03:36:59.555+08:00",52664,"",""
226140,"oluon_(shadowverse:_worlds_beyond)","oluon_(shadowverse)",52664,36894,"active","2026-07-14T03:36:56.668+08:00","2026-07-14T03:36:56.668+08:00",52664,"",""
226139,"seria_(shadowverse:_worlds_beyond)","seria_(shadowverse)",52664,36894,"active","2026-07-14T03:36:54.222+08:00","2026-07-14T03:36:54.222+08:00",52664,"",""
226138,"kandima_(shadowverse:_worlds_beyond)","kandima_(shadowverse)",52664,36894,"active","2026-07-14T03:36:50.364+08:00","2026-07-14T03:36:50.364+08:00",52664,"",""
226137,"camiscilla_(shadowverse:_worlds_beyond)","camiscilla_(shadowverse)",52664,36894,"active","2026-07-14T03:36:47.630+08:00","2026-07-14T03:36:47.630+08:00",52664,"",""
226136,"woodsong_haikumaster_(shadowverse:_worlds_beyond)","woodsong_haikumaster_(shadowverse)",52664,36894,"active","2026-07-14T03:36:42.838+08:00","2026-07-14T03:36:42.838+08:00",52664,"",""
226135,"shymm_(shadowverse:_worlds_beyond)","shymm_(shadowverse)",52664,36894,"active","2026-07-14T03:36:40.337+08:00","2026-07-14T03:36:40.337+08:00",52664,"",""
226134,"getenou_(shadowverse:_worlds_beyond)","getenou_(shadowverse)",52664,36894,"active","2026-07-14T03:36:32.230+08:00","2026-07-14T03:36:32.230+08:00",52664,"",""
226133,"fuwafuwaberry","fuwafuwa_berry",52664,33148,"active","2026-07-14T03:36:32.189+08:00","2026-07-14T03:36:32.189+08:00",52664,"",""
226131,"raz_(shadowverse:_worlds_beyond)","raz_(shadowverse)",52664,36894,"active","2026-07-14T03:36:28.639+08:00","2026-07-14T03:36:28.639+08:00",52664,"",""
226130,"lulumi_(shadowverse:_worlds_beyond)","lulumi_(shadowverse)",52664,36894,"active","2026-07-14T03:36:25.298+08:00","2026-07-14T03:36:25.298+08:00",52664,"",""
226129,"adahime_(shadowverse:_worlds_beyond)","adahime_(shadowverse)",52664,36894,"active","2026-07-14T03:36:21.906+08:00","2026-07-14T03:36:21.906+08:00",52664,"",""
226128,"myuu_(shadowverse:_worlds_beyond)","myuu_(shadowverse)",52664,36894,"active","2026-07-14T03:36:19.184+08:00","2026-07-14T03:36:19.184+08:00",52664,"",""
226127,"cesar_(shadowverse:_worlds_beyond)","cesar_(shadowverse)",52664,36894,"active","2026-07-14T03:36:16.416+08:00","2026-07-14T03:36:16.416+08:00",52664,"",""
226126,"rodeo_(shadowverse:_worlds_beyond)","rodeo_(shadowverse)",52664,36894,"active","2026-07-14T03:36:13.987+08:00","2026-07-14T03:36:13.987+08:00",52664,"",""
226125,"scarlet_(shadowverse:_worlds_beyond)","scarlet_(shadowverse)",52664,36894,"active","2026-07-14T03:36:11.585+08:00","2026-07-14T03:36:11.585+08:00",52664,"",""
226124,"eudie_(shadowverse:_worlds_beyond)","eudie_(shadowverse)",52664,36894,"active","2026-07-14T03:35:55.988+08:00","2026-07-14T03:35:55.988+08:00",52664,"",""
226123,"esperanza_(shadowverse:_worlds_beyond)","esperanza_(shadowverse)",52664,36894,"active","2026-07-14T03:35:50.629+08:00","2026-07-14T03:35:50.629+08:00",52664,"",""
226122,"dreizehn_(shadowverse:_worlds_beyond)","dreizehn_(shadowverse)",52664,36894,"active","2026-07-14T03:35:37.392+08:00","2026-07-14T03:35:37.392+08:00",52664,"",""
226086,"user_kzht4872","disney_o626",1307628,33148,"active","2026-07-14T02:47:59.327+08:00","2026-07-14T02:47:59.327+08:00",1307628,"",""
226082,"seibu_dome","belluna_dome",52664,36895,"active","2026-07-14T02:39:13.234+08:00","2026-07-14T02:39:13.234+08:00",52664,"",""
226080,"kamen_rider_revice","kamen_rider_revice_(series)",52664,27135,"deleted","2026-07-14T02:02:52.009+08:00","2026-07-14T02:04:04.590+08:00",52664,"",""
226078,"ix_o01","pao_(i_loxe_u)",1146403,33148,"active","2026-07-14T01:33:37.689+08:00","2026-07-14T01:33:37.689+08:00",1146403,"",""
226074,"weaver_of_fairy_tail_tales","weaver_of_fairy_tails",52664,36907,"active","2026-07-14T01:20:25.945+08:00","2026-07-14T01:20:25.945+08:00",52664,"",""
226073,"fairy_tail_matchlille","fairy_tail_matchgiru",52664,36907,"active","2026-07-14T01:20:23.235+08:00","2026-07-14T01:20:23.235+08:00",52664,"",""
226072,"chronicler_of_fairy_tail_tales","teller_of_fairy_tails",52664,36907,"active","2026-07-14T01:20:20.229+08:00","2026-07-14T01:20:20.229+08:00",52664,"",""
226068,"agonasubi","suica_(agonasubi)",52664,7713,"active","2026-07-14T01:06:32.781+08:00","2026-07-14T01:06:32.781+08:00",52664,"",""
226066,"hextech_crystal","hextech_gemstone",52664,36915,"active","2026-07-14T01:03:41.753+08:00","2026-07-14T01:03:41.753+08:00",52664,"",""
226064,"jii_(cheche98711466)","jii_0208",1343385,33148,"active","2026-07-14T00:35:19.757+08:00","2026-07-14T00:35:19.757+08:00",1343385,"",""
226063,"zhii_zhii","jii_0208",1343385,33148,"active","2026-07-14T00:35:14.407+08:00","2026-07-14T00:35:14.407+08:00",1343385,"",""
226054,"user_rzfg2785","mazumino",9654,33148,"active","2026-07-13T22:50:19.886+08:00","2026-07-13T22:50:19.886+08:00",9654,"",""
226053,"akaeron","mazumino",9654,33148,"active","2026-07-13T22:50:16.400+08:00","2026-07-13T22:50:16.400+08:00",9654,"",""
226042,"vykh2332","zaber_(littlesuzume)",521113,33148,"active","2026-07-13T20:39:38.453+08:00","2026-07-13T20:39:38.453+08:00",521113,"",""
226038,"daznutzs","nideqiulin",1019938,33148,"deleted","2026-07-13T20:09:01.416+08:00","2026-08-27T04:23:42.746+08:00",1019938,"",""
226034,"yukiyuno1760617","yeti_neve",1333332,33148,"active","2026-07-13T19:48:45.673+08:00","2026-07-13T19:48:45.673+08:00",1333332,"",""
226030,"yeti_neve","yukiyuno1760617",1333332,7713,"deleted","2026-07-13T19:48:15.612+08:00","2026-07-13T19:48:45.679+08:00",1333332,"",""
226028,"hinaichi_n","nakamura_hinaichi",983878,33148,"active","2026-07-13T19:38:24.783+08:00","2026-07-13T19:38:24.783+08:00",983878,"",""
226022,"xiao_hu_ge","littlefoxbrother",1316376,33148,"active","2026-07-13T18:32:17.400+08:00","2026-07-13T18:32:17.400+08:00",1316376,"",""
226016,"nakazeko","nakaseko_(romantic_line)",356497,33148,"active","2026-07-13T14:43:15.751+08:00","2026-07-13T14:43:15.751+08:00",356497,"",""
226012,"tanakani39","kanata_(tanakani39)",893687,33148,"active","2026-07-13T13:55:55.995+08:00","2026-07-13T13:55:55.995+08:00",893687,"",""
226008,"yvrjcgmyev81","bo_(yvrjcgmyev81)",718515,33148,"active","2026-07-13T12:19:14.715+08:00","2026-07-13T12:19:14.715+08:00",718515,"",""
226000,"god_poop","udapoop",9654,33148,"active","2026-07-13T08:07:50.700+08:00","2026-07-13T08:07:50.700+08:00",9654,"",""
225986,"nekonnneko","nekoemooon",1333332,7713,"active","2026-07-13T04:33:46.854+08:00","2026-07-13T04:33:46.854+08:00",1333332,"",""
225984,"hokutot","hokuto_(tokuho)",433258,33148,"active","2026-07-13T03:03:56.691+08:00","2026-07-13T03:03:56.691+08:00",433258,"",""
225980,"draw_this_then_die!","kore_kaite_shine",13392,16840,"active","2026-07-13T02:18:16.314+08:00","2026-07-13T02:18:16.314+08:00",13392,"",""
225976,"myac4vv_21","shiru_(pixiv114453780)",1087973,33148,"active","2026-07-12T23:41:39.619+08:00","2026-07-12T23:41:39.619+08:00",1087973,"",""
225972,"user_ardu5834","wei_(momoko07dayand1)",103979,33148,"active","2026-07-12T23:31:26.040+08:00","2026-07-12T23:31:26.040+08:00",103979,"",""
225968,"330","qinglian_is_just_passing_by",1182530,33148,"active","2026-07-12T22:12:36.826+08:00","2026-07-12T22:12:36.826+08:00",1182530,"",""
225964,"hx-testsnow","huanxue91025",1193111,33148,"active","2026-07-12T21:17:56.965+08:00","2026-07-12T21:17:56.965+08:00",1193111,"",""
225952,"kuroshiro_gurei","ushidaihuku",475832,33148,"active","2026-07-12T20:16:16.931+08:00","2026-07-12T20:16:16.931+08:00",475832,"",""
225944,"ppung-ppam","bboongbboom",1444817,33148,"active","2026-07-12T17:15:44.706+08:00","2026-07-12T17:15:44.706+08:00",1444817,"",""
225940,"sirius_enjoliao","sirius-kkr18",1333332,33148,"active","2026-07-12T16:06:15.899+08:00","2026-07-12T16:06:15.899+08:00",1333332,"",""
225936,"sirius-kkr18","sirius_enjoliao",1333332,7713,"deleted","2026-07-12T16:04:56.800+08:00","2026-07-12T16:06:15.904+08:00",1333332,"",""
225934,"loanhying","liang_ying",932445,33148,"active","2026-07-12T13:57:57.704+08:00","2026-07-12T13:57:57.704+08:00",932445,"",""
225930,"nu_(nmas_nmnk34)","nupo_bbk",783068,33148,"active","2026-07-12T11:06:06.680+08:00","2026-07-12T11:06:06.680+08:00",783068,"",""
225920,"0a_studio","logkey",433258,33148,"active","2026-07-12T08:44:30.915+08:00","2026-07-12T08:44:30.915+08:00",433258,"",""
225912,"marikyuunn_(vtuber)_(cyber_cupid)","marikyuun_(cyber_cupid)_(vtuber)",430030,22844,"active","2026-07-12T08:16:17.834+08:00","2026-07-12T08:16:17.834+08:00",430030,"",""
225911,"marikyuunn_(vtuber)_(2nd_costume)","marikyuun_(cyber_cupid)_(vtuber)",430030,22844,"active","2026-07-12T08:16:15.589+08:00","2026-07-12T08:16:15.589+08:00",430030,"",""
225893,"lustercool","lvstre",786597,33148,"active","2026-07-12T06:00:03.306+08:00","2026-07-12T06:00:03.306+08:00",786597,"",""
225889,"voidrakula","voidfukisu",835851,33148,"active","2026-07-12T05:47:16.613+08:00","2026-07-12T05:47:16.613+08:00",835851,"",""
225885,"meteor_human_zone","ryuusei_ningen_zone",13392,16840,"active","2026-07-12T04:59:14.908+08:00","2026-07-12T04:59:14.908+08:00",13392,"",""
225884,"zone_fighter_(series)","ryuusei_ningen_zone",13392,16840,"active","2026-07-12T04:59:12.539+08:00","2026-07-12T04:59:12.539+08:00",13392,"",""
225881,"the_aquatope_on_white_sand","shiroi_suna_no_aquatope",13392,16840,"active","2026-07-12T04:58:08.260+08:00","2026-07-12T04:58:08.260+08:00",13392,"",""
225848,"rantyutyu64","umiu_c",1053497,33148,"active","2026-07-12T02:49:59.177+08:00","2026-07-12T02:49:59.177+08:00",1053497,"",""
225836,"erdfurry","willfurr",103979,33148,"active","2026-07-11T22:51:46.313+08:00","2026-07-11T22:51:46.313+08:00",103979,"",""
225832,"seven_(corea0918)","maruru_(corea09186)",433258,33148,"active","2026-07-11T22:34:31.540+08:00","2026-07-11T22:34:31.540+08:00",433258,"",""
225828,"baicha735","cricifysiki",932445,33148,"active","2026-07-11T22:10:08.581+08:00","2026-07-11T22:10:08.581+08:00",932445,"",""
225824,"xinjinjumin040862880251","uni483569",932445,33148,"active","2026-07-11T21:46:46.548+08:00","2026-07-11T21:46:46.548+08:00",932445,"",""
225818,"93575","tineke",786597,33148,"active","2026-07-11T20:51:08.724+08:00","2026-07-11T20:51:08.724+08:00",786597,"",""
225814,"lishiori","kelico_studio",1130582,33148,"active","2026-07-11T17:00:10.710+08:00","2026-07-11T17:00:10.710+08:00",1130582,"",""
225800,"neee-t","dadaonee",499293,7713,"active","2026-07-11T10:09:17.920+08:00","2026-07-11T10:09:17.920+08:00",499293,"",""
225728,"beruu","peruu",1151956,33148,"active","2026-07-11T06:37:26.586+08:00","2026-07-11T06:37:26.586+08:00",1151956,"",""
225724,"kemasuurutt","kura915_203",1352409,33148,"active","2026-07-11T05:48:37.989+08:00","2026-07-11T05:48:37.989+08:00",1352409,"",""
225720,"ten_1004_shi","hn_(168x165_jj)",1352409,33148,"active","2026-07-11T02:56:23.726+08:00","2026-09-06T22:16:13.327+08:00",1352409,"",""
225716,"bright_memories_(idolmaster)","sagisawa_fumika_(bright_memories)",52664,33322,"active","2026-07-11T02:32:07.982+08:00","2026-07-11T02:32:07.982+08:00",52664,"",""
225714,"abyssal_moonlight_(idolmaster)","takagaki_kaede_(abyssal_moonlight)",52664,33322,"active","2026-07-11T02:29:23.081+08:00","2026-07-11T02:29:23.081+08:00",52664,"",""
225713,"mystic_dawn_(idolmaster)","hayami_kanade_(mystic_dawn)",52664,33322,"active","2026-07-11T02:29:11.694+08:00","2026-07-11T02:29:11.694+08:00",52664,"",""
225712,"fair_knight_(idolmaster)","shirayuki_chiyo_(fair_knight)",52664,33322,"active","2026-07-11T02:29:07.768+08:00","2026-07-11T02:29:07.768+08:00",52664,"",""
225711,"my_dear_my_happiness_(idolmaster)","ogata_chieri_(my_dear_my_happiness)",52664,33322,"active","2026-07-11T02:28:59.681+08:00","2026-07-11T02:28:59.681+08:00",52664,"",""
225710,"azure_boundary_(idolmaster)","sagisawa_fumika_(azure_boundary)",52664,33322,"active","2026-07-11T02:28:53.559+08:00","2026-07-11T02:28:53.559+08:00",52664,"",""
225709,"merry_merry_white_(idolmaster)","ogata_chieri_(merry_merry_white)",52664,33322,"active","2026-07-11T02:28:39.485+08:00","2026-07-11T02:28:39.485+08:00",52664,"",""
225698,"feranmut_proxy_(arknights)","si_(arknights)",52664,19647,"active","2026-07-11T00:58:05.202+08:00","2026-07-11T00:58:05.202+08:00",52664,"",""
225696,"endfield_idol_(arknights)","liino_(arknights)",52664,19647,"active","2026-07-11T00:58:01.689+08:00","2026-07-11T00:58:01.689+08:00",52664,"",""
225694,"suvorovsatbo","satboart",433258,33148,"active","2026-07-11T00:33:44.328+08:00","2026-07-11T00:33:44.328+08:00",433258,"",""
225693,"lapis_alter_ego","b_lapis_s",433258,33148,"active","2026-07-11T00:33:38.455+08:00","2026-07-11T00:33:38.455+08:00",433258,"",""
225686,"talukexuenaicifuna","ltanuko39831",786597,33148,"active","2026-07-10T23:28:42.667+08:00","2026-07-10T23:28:42.667+08:00",786597,"",""
225676,"ita_(1_oonly)","bimyeong_0720",1333332,7713,"active","2026-07-10T19:42:42.104+08:00","2026-07-10T19:42:42.104+08:00",1333332,"",""
225672,"jungeoljungeol","jungeol_(p_oxo7)",454016,33148,"active","2026-07-10T18:17:35.167+08:00","2026-07-10T18:17:35.167+08:00",454016,"",""
225671,"p_oxo7","jungeol_(p_oxo7)",454016,33148,"active","2026-07-10T18:17:32.587+08:00","2026-07-10T18:17:32.587+08:00",454016,"",""
225664,"dhrh123456","aiyucheese",454016,33148,"active","2026-07-10T17:02:59.685+08:00","2026-07-10T17:02:59.685+08:00",454016,"",""
225660,"shiori_komugiko","edaori",468612,33148,"active","2026-07-10T16:32:20.465+08:00","2026-07-10T16:32:20.465+08:00",468612,"",""
225656,"user_azdu4872","shirokotonu",1333332,33148,"active","2026-07-10T16:27:13.478+08:00","2026-07-10T16:27:13.478+08:00",1333332,"",""
225652,"2nd_bst","basuta_(mugenbuster)",1333332,33148,"active","2026-07-10T16:25:05.409+08:00","2026-07-10T16:25:05.409+08:00",1333332,"",""
225648,"hideandseek","tsukiura_beya",932445,33148,"active","2026-07-10T16:21:09.702+08:00","2026-07-10T16:21:09.702+08:00",932445,"",""
225644,"davinchi_shu","hiiragi_(93915900)",1333332,7713,"active","2026-07-10T16:16:54.049+08:00","2026-07-10T16:16:54.049+08:00",1333332,"",""
225642,"user_eddz3383","oomelet",718515,33148,"active","2026-07-10T13:43:09.808+08:00","2026-07-10T13:43:09.808+08:00",718515,"",""
225636,"bocajrofstra","bocaj",781002,33148,"active","2026-07-10T07:24:22.516+08:00","2026-07-10T07:24:22.516+08:00",781002,"",""
225632,"juninho_albert","fei_hai",708068,7713,"active","2026-07-10T05:09:14.654+08:00","2026-07-10T05:09:14.654+08:00",708068,"",""
225628,"end880121","furhaung",591382,7713,"active","2026-07-10T05:06:51.985+08:00","2026-07-10T05:06:51.985+08:00",591382,"",""
225624,"hinasera_aya","hinase_aya",433258,33148,"active","2026-07-10T04:50:17.817+08:00","2026-07-10T04:50:17.817+08:00",433258,"",""
225620,"illz0679","hatarisu_(pixiv_59124553)",433258,33148,"active","2026-07-10T04:26:33.766+08:00","2026-07-10T04:26:33.766+08:00",433258,"",""
225616,"ophirianmerchant","omzyman",280788,33148,"active","2026-07-10T01:27:29.738+08:00","2026-07-10T01:27:29.738+08:00",280788,"",""
225612,"rwby_ice_queendom","rwby:_ice_queendom",52664,31740,"active","2026-07-10T00:16:33.499+08:00","2026-07-10T00:16:33.499+08:00",52664,"",""
225610,"earth_bending","geokinesis",52664,36880,"active","2026-07-10T00:03:27.669+08:00","2026-07-10T00:03:27.669+08:00",52664,"",""
225609,"air_bending","aerokinesis",52664,36880,"active","2026-07-10T00:03:25.407+08:00","2026-07-10T00:03:25.407+08:00",52664,"",""
225608,"water_bending","hydrokinesis",52664,36880,"active","2026-07-10T00:03:23.371+08:00","2026-07-10T00:03:23.371+08:00",52664,"",""
225607,"fire_bending","pyrokinesis",52664,36880,"active","2026-07-10T00:03:21.335+08:00","2026-07-10T00:03:21.335+08:00",52664,"",""
225602,"pokemon_dppt_(prototype)","pokemon_diamond/pearl/platinum_(prototype)",52664,35119,"active","2026-07-10T00:01:39.616+08:00","2026-07-10T00:01:39.616+08:00",52664,"",""
225600,"essie_(vtuber)","estelle_(vtuber)",52664,22844,"active","2026-07-09T23:57:43.695+08:00","2026-07-09T23:57:43.695+08:00",52664,"",""
225598,"riyu_cott","lavii_exe",1087973,33148,"active","2026-07-09T23:26:27.616+08:00","2026-07-09T23:26:27.616+08:00",1087973,"",""
225594,"hppu8734","maimaiuxu",1288648,33148,"active","2026-07-09T22:19:30.316+08:00","2026-07-09T22:19:30.316+08:00",1288648,"",""
225590,"solavit401","aicila.s",974737,33148,"active","2026-07-09T22:10:26.958+08:00","2026-07-09T22:10:26.958+08:00",974737,"",""
225582,"artify","amsz7702",556219,33148,"active","2026-07-09T17:54:48.764+08:00","2026-07-09T17:54:48.764+08:00",556219,"",""
225578,"lorryluo2","meitian_douhe_yanjiang",828832,7713,"active","2026-07-09T17:40:16.502+08:00","2026-07-09T17:40:16.502+08:00",828832,"",""
225574,"fy_aya","fy_fei_xiao_ya",932445,33148,"active","2026-07-09T17:00:01.649+08:00","2026-07-09T17:00:01.649+08:00",932445,"",""
225570,"fy_(mihuashi_11200)","fy_fei_xiao_ya",932445,33148,"active","2026-07-09T16:51:58.298+08:00","2026-07-09T17:00:01.683+08:00",932445,"",""
225566,"shi_suo_bu_shi_suo_de_na_zhi_zhi","cyanlocker",1333332,7713,"active","2026-07-09T16:31:15.028+08:00","2026-07-09T16:31:15.028+08:00",1333332,"",""
225564,"hanbun","edo_mond_(edoedoedomond)",556219,33148,"active","2026-07-09T15:39:39.572+08:00","2026-07-09T15:39:39.572+08:00",556219,"",""
225560,"shizuchii","shiszukaa",984815,33148,"active","2026-07-09T14:14:11.309+08:00","2026-07-09T14:14:11.309+08:00",984815,"",""
225559,"shizuchii0","shiszukaa",984815,33148,"active","2026-07-09T14:14:08.493+08:00","2026-07-09T14:14:08.493+08:00",984815,"",""
225552,"hua_qqq","drinkdrink",1218089,33148,"active","2026-07-09T13:47:23.606+08:00","2026-07-09T13:47:23.606+08:00",1218089,"",""
225548,"lagka_rocka","rrockaa",623273,33148,"active","2026-07-09T13:38:11.879+08:00","2026-07-09T13:38:11.879+08:00",623273,"",""
225542,"yituantuandemianhua","jingguagua",1019938,33148,"active","2026-07-09T12:52:05.736+08:00","2026-07-09T12:52:05.736+08:00",1019938,"",""
225541,"chenxio8","jingguagua",1019938,33148,"active","2026-07-09T12:52:02.588+08:00","2026-07-09T12:52:02.588+08:00",1019938,"",""
225506,"okuta_rimu","octa_rim",718515,33148,"active","2026-07-09T09:07:12.807+08:00","2026-07-09T09:07:12.807+08:00",718515,"",""
225392,"clearvoyancekun","kansla",1333332,33148,"active","2026-07-09T04:23:27.166+08:00","2026-07-09T04:23:27.166+08:00",1333332,"",""
225388,"kansla","clearvoyancekun",1333332,7713,"deleted","2026-07-09T04:22:46.905+08:00","2026-07-09T04:23:27.170+08:00",1333332,"",""
225384,"zinnikitty","zinnick",433258,33148,"active","2026-07-09T03:16:11.855+08:00","2026-07-09T03:16:11.855+08:00",433258,"",""
225380,"pengza380","pengza",1182530,33148,"active","2026-07-09T02:30:59.857+08:00","2026-07-09T02:30:59.857+08:00",1182530,"",""
225374,"black_star","black_star_(soul_eater)",52664,36876,"deleted","2026-07-09T01:00:19.593+08:00","2026-07-09T01:00:42.839+08:00",52664,"",""
225372,"avatar:_aang_the_last_airbender","avatar_aang:_the_last_airbender",52664,36219,"deleted","2026-07-09T00:31:02.966+08:00","2026-07-09T00:31:54.830+08:00",52664,"",""
225362,"the_legacy_of_yangchen","the_dawn_of_yangchen",52664,36219,"active","2026-07-08T21:05:25.336+08:00","2026-07-08T21:05:25.336+08:00",52664,"",""
225361,"the_shadow_of_kyoshi","the_rise_of_kyoshi",52664,36219,"active","2026-07-08T21:05:21.565+08:00","2026-07-08T21:05:21.565+08:00",52664,"",""
225360,"the_awakening_of_roku","the_reckoning_of_roku",52664,36219,"active","2026-07-08T21:05:14.616+08:00","2026-07-08T21:05:14.616+08:00",52664,"",""
225350,"chibidoki_(vtuber)","chibidoki",52664,22844,"active","2026-07-08T20:40:30.695+08:00","2026-07-08T20:40:30.695+08:00",52664,"",""
225348,"doom_patrol_(dc)","doom_patrol",52664,36869,"active","2026-07-08T20:36:18.332+08:00","2026-07-08T20:36:18.332+08:00",52664,"",""
225340,"nanamehacha","hinayua",974737,33148,"active","2026-07-08T16:48:33.723+08:00","2026-07-08T16:48:33.723+08:00",974737,"",""
225335,"takuaber","taku_1881292884",434318,33148,"active","2026-07-08T15:39:55.859+08:00","2026-07-08T15:39:55.859+08:00",434318,"",""
225331,"pn_(wnsl216)","nya_po",1105289,33148,"active","2026-07-08T13:28:54.901+08:00","2026-07-08T13:28:54.901+08:00",1105289,"",""
225327,"shuiziba","zi_ba",1316376,33148,"active","2026-07-08T12:29:32.983+08:00","2026-07-08T12:29:32.983+08:00",1316376,"",""
225323,"ssdraw","suwa_sayaka",1288648,33148,"active","2026-07-08T12:14:29.167+08:00","2026-07-08T12:14:29.167+08:00",1288648,"",""
225315,"bigsisarisaart","arisa_art",718515,33148,"active","2026-07-08T09:52:30.435+08:00","2026-07-08T09:52:30.435+08:00",718515,"",""
225311,"mizunotohitsuji","subhituzi495",1087973,33148,"active","2026-07-08T09:13:22.950+08:00","2026-07-08T09:13:22.950+08:00",1087973,"",""
225296,"lotusmice","bbeyondnatural",433258,33148,"active","2026-07-08T07:12:26.408+08:00","2026-07-08T07:12:26.408+08:00",433258,"",""
225292,"weibo_7395819022","naxv15",623273,33148,"active","2026-07-08T04:49:55.470+08:00","2026-07-08T04:49:55.470+08:00",623273,"",""
225288,"miso_kitazawa","misokatsu_no_kitazawa",68250,33148,"active","2026-07-08T02:46:13.975+08:00","2026-07-08T02:46:13.975+08:00",68250,"",""
225287,"misokatsunokitazawa","misokatsu_no_kitazawa",68250,33148,"active","2026-07-08T02:46:11.800+08:00","2026-07-08T02:46:11.800+08:00",68250,"",""
225286,"kaijyu_seiniku_kumiai","kilogram_(kaijyu_seiniku)",68250,33148,"active","2026-07-08T02:46:10.079+08:00","2026-07-08T02:46:10.079+08:00",68250,"",""
225285,"weather_815","chiaki_the_untethered",68250,33148,"active","2026-07-08T02:46:08.395+08:00","2026-07-08T02:46:08.395+08:00",68250,"",""
225284,"alto_(ezstrongs)","crimmy10",68250,33148,"active","2026-07-08T02:46:05.826+08:00","2026-07-08T02:46:05.826+08:00",68250,"",""
225283,"komekado","mika_(komekado)",68250,33148,"active","2026-07-08T02:46:04.293+08:00","2026-07-08T02:46:04.293+08:00",68250,"",""
225282,"wyeth_yuu","nanashino_yuu",68250,33148,"active","2026-07-08T02:46:02.709+08:00","2026-07-08T02:46:02.709+08:00",68250,"",""
225281,"witchpiggy","piggy_(tibetansandpig)",68250,33148,"active","2026-07-08T02:46:01.331+08:00","2026-07-08T02:46:01.331+08:00",68250,"",""
225280,"llhotorill","hotori_shunka",68250,33148,"active","2026-07-08T02:45:59.760+08:00","2026-07-08T02:45:59.760+08:00",68250,"",""
225241,"hatinoyu","ohyou_wake",1035810,33148,"active","2026-07-08T02:13:14.649+08:00","2026-07-08T02:13:14.649+08:00",1035810,"",""
225237,"mingtian_ni_de_mingzi_shi","j0566",567822,33148,"active","2026-07-08T01:59:35.551+08:00","2026-07-08T01:59:35.551+08:00",567822,"",""
225233,"dust_(mth)","honshin",433258,33148,"active","2026-07-08T01:48:11.673+08:00","2026-07-08T01:48:11.673+08:00",433258,"",""
225229,"siilveryn2","silver_queen_(silverqueen0)",1362110,33148,"active","2026-07-08T01:44:52.685+08:00","2026-07-08T01:44:52.685+08:00",1362110,"",""
225225,"gorigo","shibata_jun",779867,33148,"active","2026-07-08T01:06:56.985+08:00","2026-07-08T01:06:56.985+08:00",779867,"",""
225213,"chaos_(neverness_to_everness)","chaos_(nte)",52664,35928,"active","2026-07-08T00:03:31.638+08:00","2026-07-08T00:03:31.638+08:00",52664,"",""
225211,"i_want_to_love_you_till_your_dying_day","kimi_ga_shinu_made_koi_wo_shitai",52664,16840,"active","2026-07-07T23:59:37.035+08:00","2026-07-07T23:59:37.035+08:00",52664,"",""
225207,"kimishinu","kimi_ga_shinu_made_koi_wo_shitai",52664,36867,"active","2026-07-07T23:57:40.368+08:00","2026-07-07T23:57:40.368+08:00",52664,"",""
225203,"komaru_dance","kakushin-teki_metamorphose!",52664,36856,"active","2026-07-07T23:53:57.011+08:00","2026-07-07T23:53:57.011+08:00",52664,"",""
225199,"bamboo_memory_(ambition_of_the_black_iron)_(umamusume)","bamboo_memory_(iron_ambition)_(umamusume)",52664,29925,"active","2026-07-07T23:50:25.348+08:00","2026-07-07T23:50:25.348+08:00",52664,"",""
225197,"sensei_ga_oshiete_ageru","sakura_machizaka_stories_vol.2_sensei_ga_oshiete_ageru",52664,36853,"active","2026-07-07T23:49:59.581+08:00","2026-07-07T23:49:59.581+08:00",52664,"",""
225195,"sword_of_extermination","sword_of_extermination_(jujutsu_kaisen)",52664,36848,"active","2026-07-07T23:45:15.466+08:00","2026-07-07T23:45:15.466+08:00",52664,"",""
225194,"domain_expansion","domain_expansion_(jujutsu_kaisen)",52664,36848,"active","2026-07-07T23:44:51.690+08:00","2026-07-07T23:44:51.690+08:00",52664,"",""
225191,"umise_yotsuha_(2nd_costume)","umise_yotsuha_(ranunculus)",52664,23520,"active","2026-07-07T23:29:48.872+08:00","2026-07-07T23:29:48.872+08:00",52664,"",""
225190,"ponto_nei_(2nd_costume)","ponto_nei_(ranunculus)",52664,23520,"active","2026-07-07T23:29:43.130+08:00","2026-07-07T23:29:43.130+08:00",52664,"",""
225189,"amagase_muyu_(2nd_costume)","amagase_muyu_(ranunculus)",52664,23520,"active","2026-07-07T23:29:37.113+08:00","2026-07-07T23:29:37.113+08:00",52664,"",""
225188,"lauren_iroas_(2nd_costume)","lauren_iroas_(thrones)",52664,23520,"active","2026-07-07T23:29:31.647+08:00","2026-07-07T23:29:31.647+08:00",52664,"",""
225187,"axia_krone_(3rd_costume)","axia_krone_(thrones)",52664,23520,"active","2026-07-07T23:29:25.556+08:00","2026-07-07T23:29:25.556+08:00",52664,"",""
225186,"furen_e_lustario_(8th_costume)","furen_e_lustario_(e_star)",52664,23520,"active","2026-07-07T23:29:18.966+08:00","2026-07-07T23:29:18.966+08:00",52664,"",""
225183,"hoshikawa_sara_(10th_costume)","hoshikawa_sara_(e_star)",52664,23520,"active","2026-07-07T23:29:06.957+08:00","2026-07-07T23:29:06.957+08:00",52664,"",""
225182,"yamagami_karuta_(4th_costume)","yamagami_karuta_(orihimeboshi)",52664,23520,"active","2026-07-07T23:28:48.431+08:00","2026-07-07T23:28:48.431+08:00",52664,"",""
225181,"hoshikawa_sara_(5th_costume)","hoshikawa_sara_(orihimeboshi)",52664,23520,"active","2026-07-07T23:28:39.885+08:00","2026-07-07T23:28:39.885+08:00",52664,"",""
225180,"fumi_(5th_costume)_(nijisanji)","fumi_(orihimeboshi)_(nijisanji)",52664,23520,"active","2026-07-07T23:28:23.434+08:00","2026-07-07T23:28:23.434+08:00",52664,"",""
225179,"kitakoji_hisui_(3rd_costume)","kitakoji_hisui_(uisupi)",52664,23520,"active","2026-07-07T23:28:13.267+08:00","2026-07-07T23:28:13.267+08:00",52664,"",""
225178,"aiba_uiha_(4th_costume)","aiba_uiha_(uisupi)",52664,23520,"active","2026-07-07T23:28:05.554+08:00","2026-07-07T23:28:05.554+08:00",52664,"",""
225177,"fushimi_gaku_(7th_costume)","fushimi_gaku_(togabito)",52664,23520,"active","2026-07-07T23:27:58.238+08:00","2026-07-07T23:27:58.238+08:00",52664,"",""
225176,"kenmochi_touya_(7th_costume)","kenmochi_touya_(togabito)",52664,23520,"active","2026-07-07T23:27:51.346+08:00","2026-07-07T23:27:51.346+08:00",52664,"",""
225175,"suzuya_aki_(7th_costume)","suzuya_aki_(unison_chouette)",52664,23520,"active","2026-07-07T23:27:46.817+08:00","2026-07-07T23:27:46.817+08:00",52664,"",""
225174,"yuuki_chihiro_(12th_costume)","yuuki_chihiro_(unison_chouette)",52664,23520,"active","2026-07-07T23:27:40.490+08:00","2026-07-07T23:27:40.490+08:00",52664,"",""
225157,"takanashi_kiara_(cozy)","takanashi_kiara_(pajamas)",52664,23520,"active","2026-07-07T23:26:09.448+08:00","2026-07-07T23:26:09.448+08:00",52664,"",""
225155,"satou_tarou_(mitsudomoe_koubou)","satou_tarou_(esse_series)",52664,35453,"active","2026-07-07T22:14:58.250+08:00","2026-07-07T22:14:58.250+08:00",52664,"",""
225154,"izumi_(mitsudomoe_koubou)","izumi_(esse_series)",52664,35453,"active","2026-07-07T22:14:56.127+08:00","2026-07-07T22:14:56.127+08:00",52664,"",""
225153,"hitani_(mitsudomoe_koubou)","hitani_karin",52664,35453,"active","2026-07-07T22:14:53.539+08:00","2026-09-13T07:22:34.937+08:00",52664,"",""
225152,"xx_(mitsudomoe_koubou)","xx_(esse_series)",52664,35453,"active","2026-07-07T22:14:49.133+08:00","2026-07-07T22:14:49.133+08:00",52664,"",""
225147,"mitsudomoe_koubou_(series)","esse_series",52664,35453,"active","2026-07-07T22:12:15.319+08:00","2026-07-07T22:12:15.319+08:00",52664,"",""
225145,"inu_tokage","shiroinu_105",1333332,7713,"active","2026-07-07T20:37:30.355+08:00","2026-07-07T20:37:30.355+08:00",1333332,"",""
225143,"torute_aribaba","flan27",1307628,33148,"active","2026-07-07T20:35:22.101+08:00","2026-07-07T20:35:22.101+08:00",1307628,"",""
225129,"yatsucchie","yattsu_(yan)",1123578,33148,"active","2026-07-07T20:22:57.823+08:00","2026-07-07T20:22:57.823+08:00",1123578,"",""
225125,"49gezi","lxmbdlb49",932445,33148,"active","2026-07-07T19:50:14.901+08:00","2026-07-07T19:50:14.901+08:00",932445,"",""
225121,"user_dwmj3838","chiyuu-",718515,33148,"active","2026-07-07T16:06:22.352+08:00","2026-07-07T16:06:22.352+08:00",718515,"",""
225117,"oooni1pyou","maru_(asroc7233)",893687,33148,"active","2026-07-07T13:29:31.949+08:00","2026-07-07T13:29:31.949+08:00",893687,"",""
225079,"user_vung4234","pinyou_ftc92",932445,7713,"active","2026-07-07T10:01:25.280+08:00","2026-07-07T10:01:25.280+08:00",932445,"",""
225067,"brendon_tapper","endshark",1130582,33148,"active","2026-07-07T07:23:11.367+08:00","2026-07-07T07:23:11.367+08:00",1130582,"",""
225059,"999_ducati","kamonasu",196991,33148,"active","2026-07-07T05:30:47.824+08:00","2026-07-07T05:30:47.824+08:00",196991,"",""
225055,"gazudraw","gazuwu",862414,33148,"active","2026-07-07T05:13:09.103+08:00","2026-07-07T05:13:09.103+08:00",862414,"",""
225051,"shalunishka","zzzinka_kas",1087973,33148,"active","2026-07-07T04:48:59.392+08:00","2026-07-07T04:48:59.392+08:00",1087973,"",""
225045,"wufa_xuan_ding_zhi_li","posong426",699804,33148,"active","2026-07-07T02:26:29.319+08:00","2026-07-07T02:26:29.319+08:00",699804,"",""
225041,"ataboh","fugurisko",68250,33148,"active","2026-07-07T01:48:01.241+08:00","2026-07-07T01:48:01.241+08:00",68250,"",""
225040,"suukiii","furusamou",68250,33148,"active","2026-07-07T01:47:56.572+08:00","2026-07-07T01:47:56.572+08:00",68250,"",""
225033,"claret_(zenless_zone_zero)","claret_flint",52664,30085,"active","2026-07-07T01:44:29.274+08:00","2026-07-07T01:44:29.274+08:00",52664,"",""
225031,"cigarette_candy","candy_cigarette",52664,36845,"deleted","2026-07-07T01:31:25.222+08:00","2026-07-07T01:31:46.098+08:00",52664,"",""
225029,"chocolate_cigarette","candy_cigarette",52664,36845,"active","2026-07-07T01:31:09.218+08:00","2026-07-07T01:31:25.242+08:00",52664,"",""
225027,"fuuga_(jujutsu_kaisen)","divine_flame_(jujutsu_kaisen)",52664,36848,"active","2026-07-07T01:20:33.259+08:00","2026-07-07T01:20:33.259+08:00",52664,"",""
225025,"lifeline_(video_game)","operator's_side",52664,16840,"active","2026-07-07T00:39:16.090+08:00","2026-07-07T00:39:16.090+08:00",52664,"",""
225023,"yusa_t","yusausa",1449621,33148,"active","2026-07-07T00:15:17.529+08:00","2026-07-07T00:15:17.529+08:00",1449621,"",""
225019,"27asrn","teiyan",433258,33148,"active","2026-07-06T23:32:53.976+08:00","2026-07-06T23:32:53.976+08:00",433258,"",""
225015,"doaralove","zain",1333332,7713,"active","2026-07-06T20:28:52.458+08:00","2026-07-06T20:28:52.458+08:00",1333332,"",""
225011,"sora_nyan","sorameron",718515,33148,"active","2026-07-06T14:48:12.462+08:00","2026-07-06T14:48:12.462+08:00",718515,"",""
225005,"ragecndy","ragecandy",475832,33148,"active","2026-07-06T11:16:33.397+08:00","2026-07-06T11:16:33.397+08:00",475832,"",""
225001,"tonans","ta_sangzi",895489,33148,"active","2026-07-06T10:34:30.396+08:00","2026-07-06T10:34:30.396+08:00",895489,"",""
224997,"mibbbbb_12345","amatoto_kiral",433258,33148,"active","2026-07-06T10:09:48.109+08:00","2026-07-06T10:09:48.109+08:00",433258,"",""
224993,"jubjubjedi","jacob_atienza",433258,33148,"active","2026-07-06T09:32:02.705+08:00","2026-07-06T09:32:02.705+08:00",433258,"",""
224973,"tja_gm","taejin_(tja_gm)",433258,33148,"active","2026-07-06T03:33:09.184+08:00","2026-07-06T03:33:09.184+08:00",433258,"",""
224965,"tatami_san_tatami","tatami_sanjou",68250,33148,"active","2026-07-06T02:40:40.761+08:00","2026-07-06T02:40:40.761+08:00",68250,"",""
224964,"chi_root8root82","chii_(yasei_no_mofumofu)",68250,33148,"active","2026-07-06T02:40:36.407+08:00","2026-07-06T02:40:36.407+08:00",68250,"",""
224953,"chitos0121","chitos",1333332,33148,"active","2026-07-06T02:13:46.833+08:00","2026-07-06T02:13:46.833+08:00",1333332,"",""
224949,"chitos","chitos0121",1333332,7713,"deleted","2026-07-06T02:13:21.822+08:00","2026-07-06T02:13:46.839+08:00",1333332,"",""
224947,"anidler91","mizuhase_(pororon)",52664,7713,"active","2026-07-06T01:10:42.730+08:00","2026-07-06T01:10:42.730+08:00",52664,"",""
224945,"yebiyong_cream_bun","pcreambang",1207978,33148,"active","2026-07-06T00:59:35.798+08:00","2026-07-06T00:59:35.798+08:00",1207978,"",""
224937,"komachiya_komachi","sayamaki",1488146,33148,"active","2026-07-05T22:26:33.730+08:00","2026-07-05T22:26:33.730+08:00",1488146,"",""
224931,"orca_dolphin916","same_kujira_(challenger_310)",68250,33148,"active","2026-07-05T21:24:37.592+08:00","2026-07-05T21:24:37.592+08:00",68250,"",""
224930,"you-6-11","youthmelt",68250,33148,"active","2026-07-05T21:24:32.765+08:00","2026-07-05T21:24:32.765+08:00",68250,"",""
224929,"sanhimako0225","san_himako",68250,33148,"active","2026-07-05T21:24:29.990+08:00","2026-07-05T21:24:29.990+08:00",68250,"",""
224928,"kuro_(b_g)","noal_(b_g)",68250,33148,"active","2026-07-05T21:24:26.231+08:00","2026-07-05T21:24:26.231+08:00",68250,"",""
224927,"sumomonga1816","sumo_(sumomonga)",68250,33148,"active","2026-07-05T21:24:24.856+08:00","2026-07-05T21:24:24.856+08:00",68250,"",""
224926,"tn_kn1000","tanakano_(tn_kn1000)",68250,33148,"active","2026-07-05T21:24:13.322+08:00","2026-07-05T21:24:13.322+08:00",68250,"",""
224925,"opacity_00","yamadori_(opacity_00)",68250,33148,"active","2026-07-05T21:24:11.522+08:00","2026-07-05T21:24:11.522+08:00",68250,"",""
224892,"purple_(jobseeking)","hiragi_murasaki",932445,33148,"active","2026-07-05T21:15:05.704+08:00","2026-07-05T21:15:05.704+08:00",932445,"",""
224888,"aguruma_p","kageya_(aguruma)",718718,33148,"active","2026-07-05T20:22:23.784+08:00","2026-07-05T20:22:23.784+08:00",718718,"",""
224886,"chocomago","dariens_leclerc",1070698,33148,"active","2026-07-05T20:22:20.812+08:00","2026-07-05T20:22:20.812+08:00",1070698,"",""
224880,"mk1387","96mako",1307628,33148,"active","2026-07-05T17:47:46.857+08:00","2026-07-05T17:47:46.857+08:00",1307628,"",""
224876,"gedun_zhongyun","okazakileo",1333332,7713,"active","2026-07-05T17:05:44.029+08:00","2026-07-05T17:05:44.029+08:00",1333332,"",""
224874,"ueweue","ceniwen",433258,33148,"active","2026-07-05T16:41:11.875+08:00","2026-07-05T16:41:11.875+08:00",433258,"",""
224870,"saenik","ssss7777_7",433258,33148,"active","2026-07-05T16:31:05.563+08:00","2026-07-05T16:31:05.563+08:00",433258,"",""
224864,"kingdom0615","daffoglaudil379",433258,33148,"active","2026-07-05T16:26:55.114+08:00","2026-07-05T16:26:55.114+08:00",433258,"",""
224860,"m1s0_s0ups","m1kas0ra",1130582,33148,"active","2026-07-05T11:49:20.061+08:00","2026-07-05T11:49:20.061+08:00",1130582,"",""
224856,"gulwlq","chgul_v",480070,33148,"active","2026-07-05T11:27:30.652+08:00","2026-07-05T11:27:30.652+08:00",480070,"",""
224850,"kmk_sankaku","komamama",438848,33148,"active","2026-07-05T07:23:17.505+08:00","2026-07-05T07:23:17.505+08:00",438848,"",""
224846,"alfa_centauri03","little-leandro-show",1070698,33148,"active","2026-07-05T07:05:45.563+08:00","2026-07-05T07:05:45.563+08:00",1070698,"",""
224842,"kishimina_art","kishimina",1070698,33148,"active","2026-07-05T06:59:10.197+08:00","2026-07-05T06:59:10.197+08:00",1070698,"",""
224836,"secretary","office_lady",52664,36772,"active","2026-07-05T04:58:07.254+08:00","2026-07-05T04:58:07.254+08:00",52664,"",""
224834,"chainmail_bikini","bikini_armor",52664,36807,"active","2026-07-05T04:54:47.259+08:00","2026-07-05T04:54:47.259+08:00",52664,"",""
224832,"inaba_haneru_(12th_costume)_(animare)","inaba_haneru_(12th_costume)",52664,36814,"active","2026-07-05T04:54:14.090+08:00","2026-07-05T04:54:14.090+08:00",52664,"",""
224831,"inaba_haneru_(11th_costume)_(animare)","inaba_haneru_(11th_costume)",52664,36814,"active","2026-07-05T04:54:12.412+08:00","2026-07-05T04:54:12.412+08:00",52664,"",""
224830,"inaba_haneru_(10th_costume)_(animare)","inaba_haneru_(10th_costume)",52664,36814,"active","2026-07-05T04:54:09.920+08:00","2026-07-05T04:54:09.920+08:00",52664,"",""
224829,"inaba_haneru_(9th_costume)_(animare)","inaba_haneru_(9th_costume)",52664,36814,"active","2026-07-05T04:54:08.098+08:00","2026-07-05T04:54:08.098+08:00",52664,"",""
224828,"inaba_haneru_(8th_costume)_(animare)","inaba_haneru_(8th_costume)",52664,36814,"active","2026-07-05T04:54:05.911+08:00","2026-07-05T04:54:05.911+08:00",52664,"",""
224827,"inaba_haneru_(7th_costume)_(animare)","inaba_haneru_(7th_costume)",52664,36814,"active","2026-07-05T04:54:03.364+08:00","2026-07-05T04:54:03.364+08:00",52664,"",""
224826,"inaba_haneru_(6th_costume)_(animare)","inaba_haneru_(6th_costume)",52664,36814,"active","2026-07-05T04:54:00.618+08:00","2026-07-05T04:54:00.618+08:00",52664,"",""
224825,"inaba_haneru_(5th_costume)_(animare)","inaba_haneru_(5th_costume)",52664,36814,"active","2026-07-05T04:53:57.933+08:00","2026-07-05T04:53:57.933+08:00",52664,"",""
224824,"inaba_haneru_(4th_costume)_(animare)","inaba_haneru_(4th_costume)",52664,36814,"active","2026-07-05T04:53:55.019+08:00","2026-07-05T04:53:55.019+08:00",52664,"",""
224823,"inaba_haneru_(3rd_costume)_(animare)","inaba_haneru_(3rd_costume)",52664,36814,"active","2026-07-05T04:53:52.164+08:00","2026-07-05T04:53:52.164+08:00",52664,"",""
224822,"inaba_haneru_(2nd_costume)_(animare)","inaba_haneru_(2nd_costume)",52664,36814,"active","2026-07-05T04:53:49.044+08:00","2026-07-05T04:53:49.044+08:00",52664,"",""
224821,"inaba_haneru_(1st_costume)_(animare)","inaba_haneru_(1st_costume)",52664,36814,"active","2026-07-05T04:53:43.917+08:00","2026-07-05T04:53:43.917+08:00",52664,"",""
224820,"inaba_haneru_(animare)","inaba_haneru",52664,36814,"active","2026-07-05T04:53:27.402+08:00","2026-07-05T04:53:27.402+08:00",52664,"",""
224802,"aqua_soul_(utdr)","cyan_soul_(utdr)",52664,32258,"active","2026-07-05T04:41:45.204+08:00","2026-07-05T04:41:45.204+08:00",52664,"",""
224800,"shuang_xiyu","shimo_(fly20232)",115784,33148,"active","2026-07-05T04:37:24.029+08:00","2026-07-05T04:37:24.029+08:00",115784,"",""
224796,"cakey","artbycakey",490901,33148,"active","2026-07-05T04:15:19.254+08:00","2026-07-05T04:15:19.254+08:00",490901,"",""
224792,"kagi_shirabe","puni_tsukai",115784,33148,"active","2026-07-05T04:09:22.300+08:00","2026-07-05T04:09:22.300+08:00",115784,"",""
224788,"russian_police","police_of_russia",52664,36836,"active","2026-07-05T03:33:26.265+08:00","2026-07-05T03:33:26.265+08:00",52664,"",""
224786,"fake_shiki_(tsukihime)","nise-shiki",52664,36831,"active","2026-07-05T02:49:45.767+08:00","2026-07-05T02:49:45.767+08:00",52664,"",""
224784,"aier-secondary","kurutreite",1561614,33148,"active","2026-07-05T02:16:17.355+08:00","2026-07-05T02:16:17.355+08:00",1561614,"",""
224780,"mimma_ring_(nobuyueli)","ringhao_(nobuyueli)",1333332,36842,"active","2026-07-05T01:52:25.849+08:00","2026-07-05T01:52:25.849+08:00",1333332,"",""
224778,"5domenosyoziki","eguroy",1333332,7713,"active","2026-07-05T01:47:17.327+08:00","2026-07-05T01:47:17.327+08:00",1333332,"",""
224776,"amenboaoina","sakaralalala",433258,33148,"active","2026-07-05T01:21:45.344+08:00","2026-07-05T01:21:45.344+08:00",433258,"",""
224768,"sagami_sagari","yuzaki_(yuzakiku)",764362,33148,"active","2026-07-05T01:02:23.362+08:00","2026-07-05T01:02:23.362+08:00",764362,"",""
224762,"10_nosukeuma","nosuke_dobukasu",433258,33148,"active","2026-07-05T00:53:22.795+08:00","2026-07-05T00:53:22.795+08:00",433258,"",""
224758,"cocoi_tea","cocotea",932445,33148,"active","2026-07-05T00:53:00.173+08:00","2026-07-05T00:53:00.173+08:00",932445,"",""
224754,"cheese_nekoo","nekosangja",433258,33148,"active","2026-07-05T00:47:24.026+08:00","2026-07-05T00:47:24.026+08:00",433258,"",""
224750,"arki_hyun","arkimedes",1019938,33148,"active","2026-07-05T00:20:49.800+08:00","2026-07-05T00:20:49.800+08:00",1019938,"",""
224746,"amamiya_(abaros)","amamiya_(ammymma)",433258,33148,"active","2026-07-05T00:18:46.578+08:00","2026-07-05T00:18:46.578+08:00",433258,"",""
224742,"doodle_bunni","posymistic",1333332,7713,"active","2026-07-04T23:07:13.381+08:00","2026-07-04T23:07:13.381+08:00",1333332,"",""
224738,"user_jazv5384","ikiro_hirakuni",68250,33148,"active","2026-07-04T20:49:22.414+08:00","2026-07-04T20:49:22.414+08:00",68250,"",""
224737,"aaarkgkaaa","mogu_(bigoyatsu)",68250,33148,"active","2026-07-04T20:49:20.680+08:00","2026-07-04T20:49:20.680+08:00",68250,"",""
224736,"rimiko","gimi_(akamurasaki)",68250,33148,"active","2026-07-04T20:49:19.209+08:00","2026-07-04T20:49:19.209+08:00",68250,"",""
224735,"eatgyuuhi","mochio_(mochimochi_garage)",68250,33148,"active","2026-07-04T20:49:17.731+08:00","2026-07-04T20:49:17.731+08:00",68250,"",""
224734,"gu-rahamu_omega_x","graham_omega_x",68250,33148,"active","2026-07-04T20:49:12.836+08:00","2026-07-04T20:49:12.836+08:00",68250,"",""
224733,"aremoyou","hirota_shintarou",68250,33148,"active","2026-07-04T20:49:09.372+08:00","2026-07-04T20:49:09.372+08:00",68250,"",""
224732,"uikurumi88","kurumi_ui_(uikurumi88)",68250,33148,"active","2026-07-04T20:49:07.979+08:00","2026-07-04T20:49:07.979+08:00",68250,"",""
224731,"icic_ooo","iidaro_(icic_ooo)",68250,33148,"active","2026-07-04T20:49:06.566+08:00","2026-07-04T20:49:06.566+08:00",68250,"",""
224730,"shifuu_(busou_teikoku)","tenryuuko_(dragofox10)",68250,33148,"active","2026-07-04T20:49:04.433+08:00","2026-07-04T20:49:04.433+08:00",68250,"",""
224729,"ultrablueanya","irey_gin",68250,33148,"active","2026-07-04T20:49:00.684+08:00","2026-07-04T20:49:00.684+08:00",68250,"",""
224698,"jiu_ge","jiugeouo",1182530,33148,"active","2026-07-04T20:06:30.110+08:00","2026-07-04T20:06:30.110+08:00",1182530,"",""
224694,"waa_(user_hamr3575)","matsukonton",1561614,33148,"active","2026-07-04T18:47:33.077+08:00","2026-07-04T18:47:33.077+08:00",1561614,"",""
224690,"user_ycnn5725","fuumi_(user_ycnn5725)",1054326,33148,"active","2026-07-04T18:28:46.207+08:00","2026-07-04T18:28:46.207+08:00",1054326,"",""
224684,"shirakoji","shirakojira",1333332,7713,"active","2026-07-04T15:46:27.514+08:00","2026-07-04T15:46:27.514+08:00",1333332,"",""
224682,"eoduun_badaui_deungbul-i_doeeo","beacon_of_light_in_the_dark_sea",13392,16840,"active","2026-07-04T12:40:42.021+08:00","2026-07-04T12:40:42.021+08:00",13392,"",""
224676,"wu_di_xiao_ceng","wudi_xiao_zeng",897818,33148,"active","2026-07-04T10:34:55.792+08:00","2026-07-04T10:34:55.792+08:00",897818,"",""
224672,"gingiebutterfly","jingiebluebird",908237,33148,"active","2026-07-04T07:34:23.544+08:00","2026-07-04T07:34:23.544+08:00",908237,"",""
224570,"nekokusa5","wau_(nekokusa5)",115784,33148,"active","2026-07-04T01:33:50.286+08:00","2026-07-04T01:33:50.286+08:00",115784,"",""
224566,"kanzailab2","rarigo",373675,33148,"active","2026-07-04T01:28:28.114+08:00","2026-07-04T01:28:28.114+08:00",373675,"",""
224560,"jiaolebao","skeletall",1103267,33148,"active","2026-07-04T00:20:44.462+08:00","2026-07-04T00:20:44.462+08:00",1103267,"",""
224550,"jietou_xiangzhan_shenqi_ban_zhuan","lubiyuankuai",1146403,33148,"active","2026-07-03T23:37:02.797+08:00","2026-07-03T23:37:02.797+08:00",1146403,"",""
224546,"user_fdfv3487","san_himako",1307628,33148,"active","2026-07-03T22:49:59.109+08:00","2026-07-05T21:24:30.062+08:00",1307628,"",""
224540,"kkareubonaru","carbonara_(pixiv_36635631)",433258,33148,"active","2026-07-03T20:42:25.299+08:00","2026-09-07T23:55:31.623+08:00",433258,"",""
224536,"ea714a","hhhhhoi",433258,33148,"active","2026-07-03T20:23:23.884+08:00","2026-07-03T20:23:23.884+08:00",433258,"",""
224532,"rif91","rhinnuniverse",1084933,7713,"active","2026-07-03T16:06:15.495+08:00","2026-07-03T16:06:15.495+08:00",1084933,"",""
224529,"poki_pororo","kyaeimchi",1146403,33148,"active","2026-07-03T14:33:19.155+08:00","2026-07-03T14:33:19.155+08:00",1146403,"",""
224525,"ho02_02","honya_(ho02_02)",490901,33148,"active","2026-07-03T12:49:09.990+08:00","2026-07-03T12:49:09.990+08:00",490901,"",""
224521,"ya_(nekozame)","r_you_yabai",862414,33148,"active","2026-07-03T10:54:55.643+08:00","2026-07-03T10:54:55.643+08:00",862414,"",""
224482,"syu314plus","shuu_(sirokumasabu)",783068,33148,"active","2026-07-03T09:41:02.056+08:00","2026-07-03T09:41:02.056+08:00",783068,"",""
224478,"abigail_warwick","ajihaew",581443,33148,"active","2026-07-03T06:38:05.451+08:00","2026-07-03T06:38:05.451+08:00",581443,"",""
224474,"playwithfire_3","tyo1ng_ye",1352409,33148,"active","2026-07-03T03:39:38.756+08:00","2026-07-03T03:39:38.756+08:00",1352409,"",""
224470,"lswelswe","unso_(exxxxit)",1210048,33148,"active","2026-07-03T02:55:18.603+08:00","2026-07-03T02:55:18.603+08:00",1210048,"",""
224466,"farrelarda64085","ardannnkuaci",897818,33148,"active","2026-07-03T02:41:41.986+08:00","2026-07-03T02:41:41.986+08:00",897818,"",""
224462,"ali_akiyamaa","juewang_de_hu_bi",1146403,33148,"active","2026-07-03T02:33:01.220+08:00","2026-07-03T02:33:01.220+08:00",1146403,"",""
224450,"tasuku_isa_isa","haibara9223",1333332,7713,"active","2026-07-03T00:23:35.767+08:00","2026-07-03T00:23:35.767+08:00",1333332,"",""
224448,"dusk_wanshang","eugle_na",257377,33148,"active","2026-07-03T00:08:24.092+08:00","2026-07-03T00:08:24.092+08:00",257377,"",""
224444,"nakayama_festa_(entrust_myself_to_the_dice)_(umamusume)","nakayama_festa_(trusting_the_dice)_(umamusume)",52664,29925,"active","2026-07-02T23:30:39.786+08:00","2026-07-02T23:30:39.786+08:00",52664,"",""
224443,"gold_ship_(run_revolt_launcher)_(umamusume)","gold_ship_(run!_ruin!_launcher!)_(umamusume)",52664,29925,"active","2026-07-02T23:29:38.232+08:00","2026-07-02T23:29:38.232+08:00",52664,"",""
224442,"mejiro_mcqueen_(ripple_fairlady)_(umamusume)","mejiro_mcqueen_(fair_lady_of_the_waves)_(umamusume)",52664,29925,"active","2026-07-02T23:28:50.364+08:00","2026-07-02T23:28:50.364+08:00",52664,"",""
224438,"chocorooms_vs_chococones","kinoko_vs_takenoko",52664,26894,"active","2026-07-02T23:16:55.828+08:00","2026-07-02T23:16:55.828+08:00",52664,"",""
224436,"non_non_moral","m_hakase",52664,7713,"active","2026-07-02T23:13:53.755+08:00","2026-07-02T23:13:53.755+08:00",52664,"",""
224434,"abataa","avater",52664,7713,"active","2026-07-02T23:13:34.815+08:00","2026-07-02T23:13:34.815+08:00",52664,"",""
224432,"fragments_of_the_layered_city","kaisou_toshi_danpenshuu",52664,16840,"active","2026-07-02T23:12:49.496+08:00","2026-07-02T23:12:49.496+08:00",52664,"",""
224430,"tsuki_(user_nsky7434)","tsuki_qiyuehuaming",1193111,33148,"active","2026-07-02T23:01:05.747+08:00","2026-07-02T23:01:05.747+08:00",1193111,"",""
224426,"rudy_holiday","rudolph_holiday",52664,32258,"active","2026-07-02T22:56:37.936+08:00","2026-07-02T22:56:37.936+08:00",52664,"",""
224424,"dess_holiday","december_holiday",52664,32258,"active","2026-07-02T22:56:33.899+08:00","2026-07-02T22:56:33.899+08:00",52664,"",""
224422,"korobit","colobbit",52664,36813,"active","2026-07-02T22:44:42.426+08:00","2026-07-02T22:44:42.426+08:00",52664,"",""
224420,"koshisadami","koshi_(meermisa)",968506,33148,"active","2026-07-02T21:19:23.070+08:00","2026-07-02T21:19:23.070+08:00",968506,"",""
224334,"doushite","aimiya_(doushite)",1103267,33148,"active","2026-07-02T19:04:01.869+08:00","2026-07-02T19:04:01.869+08:00",1103267,"",""
224333,"doushite800","aimiya_(doushite)",1103267,33148,"active","2026-07-02T19:03:59.401+08:00","2026-07-02T19:04:01.996+08:00",1103267,"",""
224324,"bukae233926","nakno",601659,33148,"active","2026-07-02T17:03:21.048+08:00","2026-07-02T17:03:21.048+08:00",601659,"",""
224316,"sakusaka_(t2g0vvc)","hatutaro",932445,33148,"active","2026-07-02T16:02:40.602+08:00","2026-07-02T16:02:40.602+08:00",932445,"",""
224312,"zin-storage","zin_(mame_denkyu)",556219,33148,"active","2026-07-02T15:17:58.365+08:00","2026-07-02T15:17:58.365+08:00",556219,"",""
224306,"yukomaussi","yuko_maussi",1197087,33148,"active","2026-07-02T14:59:08.757+08:00","2026-07-02T14:59:08.757+08:00",1197087,"",""
224302,"kata_00bfff","katabreak",904806,33148,"active","2026-07-02T13:54:17.764+08:00","2026-07-02T13:54:17.764+08:00",904806,"",""
224298,"suzuya_o","nazuyaso",1343385,33148,"active","2026-07-02T13:12:30.500+08:00","2026-07-02T13:12:30.500+08:00",1343385,"",""
224292,"lovs18","luis_valero-suarez",908237,33148,"active","2026-07-02T10:16:58.546+08:00","2026-07-02T10:16:58.546+08:00",908237,"",""
224288,"avataa","abakun61",718515,33148,"active","2026-07-02T10:16:13.157+08:00","2026-07-02T10:16:13.157+08:00",718515,"",""
224282,"goenn_dama","taka_no_oo",1070698,33148,"active","2026-07-02T09:02:55.329+08:00","2026-07-02T09:02:55.329+08:00",1070698,"",""
224233,"motokatsu_emoto_(tomokatu)","tomokatu",759947,33148,"active","2026-07-02T03:31:29.266+08:00","2026-07-02T03:31:29.266+08:00",759947,"",""
224229,"62135409_(artist)","dear_loveleatte",1538132,33148,"active","2026-07-01T23:02:20.033+08:00","2026-07-01T23:02:20.033+08:00",1538132,"",""
224225,"kai_schren","kai_schulen",52664,36764,"active","2026-07-01T21:22:17.235+08:00","2026-07-01T21:22:17.235+08:00",52664,"",""
224223,"lauren_iroas_(7th_costume)","lauren_iroas_(vs_semeyon)",52664,23520,"active","2026-07-01T21:11:04.598+08:00","2026-07-01T21:11:04.598+08:00",52664,"",""
224221,"dcwj","derrick_chew",52664,7713,"active","2026-07-01T21:10:02.168+08:00","2026-07-01T21:10:02.168+08:00",52664,"",""
224219,"star-filled_rainbow_(shining_nikki)","prismatic_starlight_(shining_nikki)",52664,31160,"active","2026-07-01T21:06:00.283+08:00","2026-07-01T21:06:00.283+08:00",52664,"",""
224217,"binkamu","bincam",52664,30391,"active","2026-07-01T20:57:46.814+08:00","2026-07-01T20:57:46.814+08:00",52664,"",""
224216,"lily_watson_(lupin_iii)","lily_watson",52664,30391,"active","2026-07-01T20:57:44.171+08:00","2026-07-01T20:57:44.171+08:00",52664,"",""
224213,"hinayua_r18","hinayua",974737,33148,"active","2026-07-01T18:33:00.653+08:00","2026-07-08T16:48:33.775+08:00",974737,"",""
224209,"pohitashi","pohitashi_(team_tategami)",974737,33148,"active","2026-07-01T17:56:08.710+08:00","2026-07-01T17:56:08.710+08:00",974737,"",""
224205,"hugop_arts","itshugosnook",1130582,33148,"active","2026-07-01T17:06:21.454+08:00","2026-07-01T17:06:21.454+08:00",1130582,"",""
224201,"katr5878","denq",1130070,33148,"active","2026-07-01T15:44:59.575+08:00","2026-07-01T15:44:59.575+08:00",1130070,"",""
224197,"jamiedraws","jamiewilsondraws",1130582,33148,"active","2026-07-01T15:02:59.133+08:00","2026-07-01T15:02:59.133+08:00",1130582,"",""
224193,"bakedtateos","mashtateos",904806,33148,"active","2026-07-01T14:18:32.919+08:00","2026-07-01T14:18:32.919+08:00",904806,"",""
224189,"kirakira_ring","pupu_777",1150503,33148,"active","2026-07-01T10:15:16.711+08:00","2026-07-01T10:15:16.711+08:00",1150503,"",""
224181,"civyyapper","civilizedyapper",1123578,33148,"active","2026-07-01T09:46:33.124+08:00","2026-07-01T09:46:33.124+08:00",1123578,"",""
224177,"mr_sheva_wax","shevanim",433258,33148,"active","2026-07-01T08:18:26.850+08:00","2026-07-01T08:18:26.850+08:00",433258,"",""
224176,"sk_99xx","skam00x",433258,33148,"active","2026-07-01T08:18:19.066+08:00","2026-07-01T08:18:19.066+08:00",433258,"",""
224169,"qi_xuan","qixuan",908237,7713,"active","2026-07-01T07:41:44.612+08:00","2026-07-01T07:41:44.612+08:00",908237,"",""
224167,"jiushi_shijiu","koshiba_kishi_(artist)",908237,7713,"active","2026-07-01T07:40:15.901+08:00","2026-07-01T07:40:15.901+08:00",908237,"",""
224165,"allieali","yurui",528900,33148,"active","2026-07-01T07:25:24.097+08:00","2026-07-01T07:25:24.097+08:00",528900,"",""
224161,"tusaiya_tusia","omutusia",786597,33148,"active","2026-07-01T07:06:11.894+08:00","2026-07-01T07:06:11.894+08:00",786597,"",""
224155,"sena_(jcwe4828)","sena_(aimermermer)",468612,33148,"active","2026-07-01T05:45:50.196+08:00","2026-07-01T05:45:50.196+08:00",468612,"",""
224154,"aimermermer","sena_(aimermermer)",468612,33148,"active","2026-07-01T05:45:47.370+08:00","2026-07-01T05:45:50.422+08:00",468612,"",""
224134,"schranz3","eidasu",597558,33148,"active","2026-07-01T04:55:09.938+08:00","2026-07-01T04:55:09.938+08:00",597558,"",""
224130,"sss_(arca_live_63641351)","samess_333",1207978,33148,"active","2026-07-01T04:52:01.764+08:00","2026-07-01T04:52:01.764+08:00",1207978,"",""
224123,"tsaritsa_(genshin_impact)","anastasya_feodorovna_snezhnaya",52664,19285,"active","2026-07-01T02:17:17.831+08:00","2026-07-01T02:17:17.831+08:00",52664,"",""
224119,"sunbringer_(zenless_zone_zero)","sunbringer_(original)_(zenless_zone_zero)",52664,36675,"active","2026-07-01T02:06:32.336+08:00","2026-07-01T02:06:32.336+08:00",52664,"",""
224117,"rei_shimobe","shimobe_rei",52664,36756,"active","2026-07-01T02:01:54.609+08:00","2026-07-01T02:01:54.609+08:00",52664,"",""
224115,"line_cookie_run","cookie_run_classic",52664,28362,"active","2026-07-01T01:56:11.489+08:00","2026-07-01T01:56:11.489+08:00",52664,"",""
224109,"ours3922","waffle_(wzwn8342)",52664,7713,"active","2026-07-01T01:48:30.906+08:00","2026-07-01T01:48:30.906+08:00",52664,"",""
224107,"yuki_miku_(2027)_(candidate_no.6)","yuki_miku_(2027)",52664,28271,"active","2026-07-01T01:48:17.572+08:00","2026-07-01T01:48:17.572+08:00",52664,"",""
224103,"tainibraek","caddy_cyd",932445,33148,"active","2026-07-01T01:00:03.005+08:00","2026-07-01T01:00:03.005+08:00",932445,"",""
224102,"tainibreak","caddy_cyd",932445,33148,"active","2026-07-01T00:59:55.940+08:00","2026-07-01T00:59:55.940+08:00",932445,"",""
224095,"tsukasa_otakatsu","tsukasa12598",1125665,33148,"active","2026-07-01T00:13:57.682+08:00","2026-07-01T00:13:57.682+08:00",1125665,"",""
224089,"yaoshiwan_linqin","loveringo",1310481,33148,"active","2026-06-30T19:02:59.306+08:00","2026-06-30T19:02:59.306+08:00",1310481,"",""
224081,"mikavvvi","mikavey",1333332,7713,"active","2026-06-30T18:00:52.768+08:00","2026-06-30T18:00:52.768+08:00",1333332,"",""
224077,"ours3922","trsko_o",1210048,33148,"deleted","2026-06-30T17:46:33.715+08:00","2026-07-01T01:48:30.881+08:00",1210048,"",""
224073,"ylgfscu47505","q587590972",1182530,33148,"active","2026-06-30T15:59:01.832+08:00","2026-06-30T15:59:01.832+08:00",1182530,"",""
224069,"the_eviltom","tomseachi",433258,33148,"active","2026-06-30T15:38:48.324+08:00","2026-06-30T15:38:48.324+08:00",433258,"",""
224065,"99999nc","hurutoriouna",433258,33148,"active","2026-06-30T15:23:17.463+08:00","2026-06-30T15:23:17.463+08:00",433258,"",""
224061,"sinkerrrqaq","xiao_chen_sinkerr",1130070,33148,"active","2026-06-30T15:13:37.078+08:00","2026-06-30T15:13:37.078+08:00",1130070,"",""
224057,"maki_roll_(pixiv_114059737)","maki_roll114",926897,33148,"active","2026-06-30T15:08:48.921+08:00","2026-06-30T15:08:48.921+08:00",926897,"",""
224053,"baichi_(ph4yvfsqyynkhnv)","baichi_(baichi_1a)",1054326,33148,"active","2026-06-30T14:54:48.867+08:00","2026-06-30T14:54:48.867+08:00",1054326,"",""
224049,"user_dkrh2538","peng_lai_shan_mi_ku",1087973,33148,"active","2026-06-30T09:55:18.809+08:00","2026-06-30T09:55:18.809+08:00",1087973,"",""
224043,"enden_(kibuuuuun)","shiota_(shimetta_inu)",68250,33148,"active","2026-06-30T08:45:55.184+08:00","2026-06-30T08:45:55.184+08:00",68250,"",""
224042,"user_gvag5847","amami_araha",68250,33148,"active","2026-06-30T08:45:53.630+08:00","2026-06-30T08:45:53.630+08:00",68250,"",""
224041,"majipuddi","majipuri_(magical_purin)",68250,33148,"active","2026-06-30T08:45:52.261+08:00","2026-06-30T08:45:52.261+08:00",68250,"",""
224040,"hudo_shin","fudou_shin_(pluto)",68250,33148,"active","2026-06-30T08:45:49.556+08:00","2026-06-30T08:45:49.556+08:00",68250,"",""
224039,"user_vjcu5334","penne_(warannade)",68250,33148,"active","2026-06-30T08:45:47.721+08:00","2026-06-30T08:45:47.721+08:00",68250,"",""
224038,"user_mxkm3477","minami_kenaki",68250,33148,"active","2026-06-30T08:45:46.123+08:00","2026-06-30T08:45:46.123+08:00",68250,"",""
224037,"user_hnnc3443","nai_(denial)",68250,33148,"active","2026-06-30T08:45:44.597+08:00","2026-06-30T08:45:44.597+08:00",68250,"",""
224036,"user_fzxs2835","fu-4_(tamagomesism)",68250,33148,"active","2026-06-30T08:45:43.266+08:00","2026-06-30T08:45:43.266+08:00",68250,"",""
224035,"user_jjag5532","kinure_(kanurejyanaiyo)",68250,33148,"active","2026-06-30T08:45:41.702+08:00","2026-06-30T08:45:41.702+08:00",68250,"",""
224034,"user_zcwp3543","saiha_(saihaqm)",68250,33148,"active","2026-06-30T08:45:40.319+08:00","2026-06-30T08:45:40.319+08:00",68250,"",""
224033,"user_yxsf5477","blue_moai",68250,33148,"active","2026-06-30T08:45:38.466+08:00","2026-06-30T08:45:38.466+08:00",68250,"",""
224032,"user_hrsn7237","haruwasure",68250,33148,"active","2026-06-30T08:45:36.853+08:00","2026-06-30T08:45:36.853+08:00",68250,"",""
224031,"user_stgk3544","tsugumi_no_kyo",68250,33148,"active","2026-06-30T08:45:35.239+08:00","2026-06-30T08:45:35.239+08:00",68250,"",""
224030,"user_cwhw5533","nemutai_sihaisha",68250,33148,"active","2026-06-30T08:45:32.346+08:00","2026-06-30T08:45:32.346+08:00",68250,"",""
223987,"video_game_cover_(object)","video_game_case",52664,36740,"active","2026-06-30T07:29:16.177+08:00","2026-06-30T07:29:16.177+08:00",52664,"",""
223985,"varying_degrees_of_want","varied_reactions",52664,36725,"active","2026-06-30T06:41:10.731+08:00","2026-06-30T06:41:10.731+08:00",52664,"",""
223981,"mi74_zuki","mimil",1343385,33148,"active","2026-06-30T06:04:19.415+08:00","2026-06-30T06:04:19.415+08:00",1343385,"",""
223977,"httpsraine","raine_(raimiin)",433258,33148,"active","2026-06-30T04:48:54.535+08:00","2026-06-30T04:48:54.535+08:00",433258,"",""
223973,"ginmokusei53","moi_(kinmokusei53)",1538132,33148,"active","2026-06-30T04:27:34.398+08:00","2026-06-30T04:27:34.398+08:00",1538132,"",""
223969,"lbrightbladel","kyle_brightbill",433258,33148,"active","2026-06-30T04:10:30.213+08:00","2026-06-30T04:10:30.213+08:00",433258,"",""
223961,"pink_(deltarune)","mad_mew_mew",52664,32258,"active","2026-06-30T02:56:14.991+08:00","2026-06-30T02:56:14.991+08:00",52664,"",""
223957,"fv4034_challenger_2","challenger_2",52664,29298,"active","2026-06-30T02:29:29.072+08:00","2026-06-30T02:29:29.072+08:00",52664,"",""
223955,"through_television","through_screen",52664,36747,"active","2026-06-30T02:19:16.672+08:00","2026-06-30T02:19:16.672+08:00",52664,"",""
223954,"through_computer","through_screen",52664,36747,"active","2026-06-30T02:19:15.341+08:00","2026-06-30T02:19:15.341+08:00",52664,"",""
223951,"sexuality_change","orientation_play",52664,25853,"active","2026-06-30T01:57:52.911+08:00","2026-06-30T01:57:52.911+08:00",52664,"",""
223949,"spike_ball_hair_ornament","spiked_ball_hair_ornament",52664,36736,"active","2026-06-30T01:06:55.442+08:00","2026-06-30T01:06:55.442+08:00",52664,"",""
223948,"spike_ball","spiked_ball",52664,36736,"active","2026-06-30T01:06:20.136+08:00","2026-06-30T01:06:20.136+08:00",52664,"",""
223941,"mulim-eseo_jeolleumbal-ilo_sal-anamgi","murimeseo_jeolleumbariro_saranamgi",52664,36734,"active","2026-06-30T00:44:10.233+08:00","2026-06-30T00:44:10.233+08:00",52664,"",""
223939,"ilse_langner","ilse_langnar",52664,36733,"active","2026-06-30T00:26:19.656+08:00","2026-06-30T00:26:19.656+08:00",52664,"",""
223938,"mike_zakarius","mike_zacharias",52664,36733,"active","2026-06-30T00:26:03.829+08:00","2026-06-30T00:26:03.829+08:00",52664,"",""
223937,"erd_gin","eld_jinn",52664,36733,"active","2026-06-30T00:25:53.761+08:00","2026-06-30T00:25:53.761+08:00",52664,"",""
223936,"gunter_shulz","gunther_schultz",52664,36733,"active","2026-06-30T00:25:44.855+08:00","2026-06-30T00:25:44.855+08:00",52664,"",""
223935,"auruo_bossard","oluo_bozado",52664,36733,"active","2026-06-30T00:25:33.838+08:00","2026-06-30T00:25:33.838+08:00",52664,"",""
223934,"ian_(shingeki_no_kyojin)","ian_dietrich",52664,36733,"active","2026-06-30T00:25:31.143+08:00","2026-06-30T00:25:31.143+08:00",52664,"",""
223927,"lapel_microphone","lavalier_microphone",52664,36750,"active","2026-06-29T23:49:31.028+08:00","2026-06-29T23:49:31.028+08:00",52664,"",""
223924,"wilhelm_(re:zero)","wilhelm_van_astrea",52664,35481,"active","2026-06-29T22:55:22.440+08:00","2026-06-29T22:55:22.440+08:00",52664,"",""
223923,"todd_(re:zero)","todd_fang",52664,35481,"active","2026-06-29T22:55:19.339+08:00","2026-06-29T22:55:19.339+08:00",52664,"",""
223922,"pivot_(re:zero)","pivot_arnancy",52664,35481,"active","2026-06-29T22:55:17.459+08:00","2026-06-29T22:55:17.459+08:00",52664,"",""
223921,"katya_(re:zero)","katya_aurelie",52664,35481,"active","2026-06-29T22:55:15.730+08:00","2026-06-29T22:55:15.730+08:00",52664,"",""
223920,"grimm_(re:zero)","grimm_fauzen",52664,35481,"active","2026-06-29T22:55:13.421+08:00","2026-06-29T22:55:13.421+08:00",52664,"",""
223919,"carol_(re:zero)","carol_remendis",52664,35481,"active","2026-06-29T22:55:10.831+08:00","2026-06-29T22:55:10.831+08:00",52664,"",""
223918,"bordeaux_(re:zero)","bordeaux_zergev",52664,35481,"active","2026-06-29T22:55:07.745+08:00","2026-06-29T22:55:07.745+08:00",52664,"",""
223910,"dingdingding93","rladmswls000",1352409,33148,"active","2026-06-29T22:38:57.376+08:00","2026-06-29T22:38:57.376+08:00",1352409,"",""
223902,"tianyuhuapo1","tianyu_huapo",724826,33148,"active","2026-06-29T17:54:22.231+08:00","2026-06-29T17:54:22.231+08:00",724826,"",""
223894,"sunle27488840","sunle",932445,33148,"active","2026-06-29T16:32:30.266+08:00","2026-06-29T16:32:30.266+08:00",932445,"",""
223888,"boltman2026","voitman2024",1333332,7713,"active","2026-06-29T14:54:45.228+08:00","2026-06-29T14:54:45.228+08:00",1333332,"",""
223886,"ue_ryouten_no_kawazoe-sensei","mimikuwo",974737,33148,"active","2026-06-29T14:06:37.842+08:00","2026-06-29T14:06:37.842+08:00",974737,"",""
223880,"nozawa5_aaa","biwa5uuu",1182530,33148,"active","2026-06-29T12:03:28.263+08:00","2026-06-29T12:03:28.263+08:00",1182530,"",""
223876,"nero_(geuk4788)","kimura_nao",718515,33148,"active","2026-06-29T11:48:31.027+08:00","2026-06-29T11:48:31.027+08:00",718515,"",""
223866,"yuiii_0311","marchsan",908237,7713,"active","2026-06-29T10:48:58.228+08:00","2026-06-29T10:48:58.228+08:00",908237,"",""
223864,"yu_tang_(yuuuuuuuutang_)","aibiki_uta-awase",590709,33148,"active","2026-06-29T10:37:40.312+08:00","2026-06-29T10:37:40.312+08:00",590709,"",""
223858,"kotamota","red7cat",538525,7713,"active","2026-06-29T06:36:27.634+08:00","2026-06-29T06:36:27.634+08:00",538525,"",""
223856,"konomi_(pixiv_1628832)","sharp_maker",380133,7713,"active","2026-06-29T05:35:06.643+08:00","2026-06-29T05:35:06.643+08:00",380133,"",""
223850,"azumay55477340","azumaya_(pixiv_76191876)",1210048,33148,"active","2026-06-29T04:19:46.579+08:00","2026-06-29T04:19:46.579+08:00",1210048,"",""
223846,"user_hzcn3753","rr_artwork",1343385,33148,"active","2026-06-29T02:41:02.611+08:00","2026-06-29T02:41:02.611+08:00",1343385,"",""
223842,"ifellfromtheskies","fell_from_the_sky",1130582,33148,"active","2026-06-29T01:52:25.472+08:00","2026-06-29T01:52:25.472+08:00",1130582,"",""
223822,"mikkan0727","yukinya_(yukinya777)",1333332,7713,"active","2026-06-29T01:33:03.301+08:00","2026-06-29T01:33:03.301+08:00",1333332,"",""
223808,"itsreyart","paintedbyrey",103979,33148,"active","2026-06-29T01:01:11.462+08:00","2026-06-29T01:01:11.462+08:00",103979,"",""
223804,"mu_(rgpv4745)","haeb59900889",1130070,33148,"active","2026-06-28T22:20:55.944+08:00","2026-06-28T22:20:55.944+08:00",1130070,"",""
223794,"yashi-1109","yorune_(notyorugata)",433258,33148,"active","2026-06-28T22:04:41.170+08:00","2026-06-28T22:04:41.170+08:00",433258,"",""
223790,"kyokopuffsco","kyuxhtsyu",9654,33148,"active","2026-06-28T22:02:52.208+08:00","2026-06-28T22:02:52.208+08:00",9654,"",""
223786,"eco_(soukoku)","econoco",68250,33148,"active","2026-06-28T22:00:55.427+08:00","2026-06-28T22:00:55.427+08:00",68250,"",""
223785,"nekoporeo","nyapi_(nyap!)",68250,33148,"active","2026-06-28T22:00:54.114+08:00","2026-06-28T22:00:54.114+08:00",68250,"",""
223784,"nekoponchiar","nyapi_(nyap!)",68250,33148,"active","2026-06-28T22:00:50.756+08:00","2026-06-28T22:00:50.756+08:00",68250,"",""
223783,"notyorugata","yorune_(notyorugata)",68250,33148,"active","2026-06-28T22:00:49.273+08:00","2026-06-28T22:00:49.273+08:00",68250,"",""
223782,"xu_wu","kyomu_(lyomu3lyomu3)",68250,33148,"active","2026-06-28T22:00:47.983+08:00","2026-06-28T22:00:47.983+08:00",68250,"",""
223781,"gogat8","kakuzatou_(kakuzatou777)",68250,33148,"active","2026-06-28T22:00:41.973+08:00","2026-06-28T22:00:41.973+08:00",68250,"",""
223780,"bloomminority","shikano_keru",68250,33148,"active","2026-06-28T22:00:33.911+08:00","2026-06-28T22:00:33.911+08:00",68250,"",""
223751,"user_vwsn4433","tt4271057958",1449841,33148,"active","2026-06-28T21:41:29.438+08:00","2026-06-28T21:41:29.438+08:00",1449841,"",""
223745,"19_amihsur","rushima_(19_amihsur)",764362,33148,"active","2026-06-28T20:21:36.341+08:00","2026-06-28T20:21:36.341+08:00",764362,"",""
223744,"rusmaamhi","rushima_(19_amihsur)",764362,33148,"active","2026-06-28T20:21:31.586+08:00","2026-06-28T20:21:31.586+08:00",764362,"",""
223737,"yuyu25_215","arukari_(ponta_215)",786597,33148,"active","2026-06-28T20:07:50.208+08:00","2026-06-28T20:07:50.208+08:00",786597,"",""
223733,"cyr7629","syos486582",1210048,33148,"active","2026-06-28T19:16:47.198+08:00","2026-07-26T23:20:15.002+08:00",1210048,"",""
223729,"zuzu_vtuber","zhi_zhi/zu_zu",1343385,33148,"active","2026-06-28T19:10:34.921+08:00","2026-06-28T19:10:34.921+08:00",1343385,"",""
223725,"manda_(eyelashes)","matumanda",1343385,33148,"active","2026-06-28T19:01:09.923+08:00","2026-06-28T19:01:09.923+08:00",1343385,"",""
223721,"tsujummi","tsusealyangel",433258,33148,"active","2026-06-28T17:52:31.172+08:00","2026-06-28T17:52:31.172+08:00",433258,"",""
223715,"gabitozati","gabi_tozati",1333332,7713,"active","2026-06-28T15:33:17.666+08:00","2026-06-28T15:33:17.666+08:00",1333332,"",""
223701,"semicollon007","anomalycollon",1333332,33148,"active","2026-06-28T15:15:57.078+08:00","2026-06-28T15:15:57.078+08:00",1333332,"",""
223697,"kozshey","thiccpuggie",1333332,33148,"active","2026-06-28T15:11:20.994+08:00","2026-06-28T15:11:20.994+08:00",1333332,"",""
223695,"jiangjundegouleidian","jiangjundarendegou",1449841,33148,"active","2026-06-28T15:06:40.526+08:00","2026-06-28T15:06:40.526+08:00",1449841,"",""
223687,"trinity_glassfield","trinity_glassfille",52664,36730,"active","2026-06-28T12:37:06.823+08:00","2026-06-28T12:37:06.823+08:00",52664,"",""
223685,"the_frog_for_whom_the_bell_tolls","kaeru_no_tame_ni_kane_wa_naru",52664,16840,"active","2026-06-28T12:34:05.871+08:00","2026-06-28T12:34:05.871+08:00",52664,"",""
223683,"ace_of_diamond","daiya_no_ace",52664,16840,"active","2026-06-28T12:34:02.022+08:00","2026-06-28T12:34:02.022+08:00",52664,"",""
223679,"juemietianshi","yako_(origami)",499293,33148,"active","2026-06-28T11:29:18.217+08:00","2026-06-28T11:29:18.217+08:00",499293,"",""
223675,"schnee_tan","birding_more",433258,33148,"active","2026-06-28T11:14:22.002+08:00","2026-06-28T11:14:22.002+08:00",433258,"",""
223671,"afternoir","biguan_xiuxing_zhong",1449841,33148,"active","2026-06-28T10:47:40.954+08:00","2026-06-28T10:47:40.954+08:00",1449841,"",""
223665,"max_art149","kryomax",433258,33148,"active","2026-06-28T07:30:46.806+08:00","2026-06-28T07:30:46.806+08:00",433258,"",""
223661,"4ckerly","ackerly",433258,33148,"active","2026-06-28T07:28:07.332+08:00","2026-06-28T07:28:07.332+08:00",433258,"",""
223660,"calpico","serperak",433258,33148,"active","2026-06-28T07:28:06.134+08:00","2026-06-28T07:28:06.134+08:00",433258,"",""
223659,"mtdy","mochida_(hyxm)",433258,33148,"active","2026-06-28T07:28:04.601+08:00","2026-06-28T07:28:04.601+08:00",433258,"",""
223649,"kazaka_lia","teruka",433258,33148,"active","2026-06-28T07:23:25.210+08:00","2026-06-28T07:23:25.210+08:00",433258,"",""
223645,"xiashuidai","strapchan019",895489,33148,"active","2026-06-28T07:18:29.688+08:00","2026-06-28T07:18:29.688+08:00",895489,"",""
223641,"sekkusu","sekkusu20",908237,36728,"active","2026-06-28T06:18:19.495+08:00","2026-06-28T06:18:19.495+08:00",908237,"",""
223635,"lopez_artwork","vin_lopez",908237,36727,"active","2026-06-28T06:05:37.267+08:00","2026-06-28T06:05:37.267+08:00",908237,"",""
223629,"hongzao_yogar","samurai_hongzao",1333332,7713,"active","2026-06-28T05:50:07.561+08:00","2026-06-28T05:50:07.561+08:00",1333332,"",""
223627,"chalkq","chalk_(chalkmoo)",1333332,7713,"active","2026-06-28T05:49:36.597+08:00","2026-06-28T05:49:36.597+08:00",1333332,"",""
223619,"youkey777_13579","youkey",1054326,7713,"active","2026-06-28T02:16:06.817+08:00","2026-06-28T02:16:06.817+08:00",1054326,"",""
223615,"theonehornedimp","irregularcloudi",908237,7713,"active","2026-06-28T00:30:52.826+08:00","2026-06-28T00:30:52.826+08:00",908237,"",""
223613,"hoanhan07","huynh",433258,33148,"active","2026-06-27T23:34:32.789+08:00","2026-06-27T23:34:32.789+08:00",433258,"",""
223609,"wp_0263","woop_(kyh17000)",1146403,33148,"active","2026-06-27T23:24:30.699+08:00","2026-06-27T23:24:30.699+08:00",1146403,"",""
223608,"woof_(kyh17000)","woop_(kyh17000)",1146403,33148,"active","2026-06-27T23:24:29.330+08:00","2026-06-27T23:24:29.330+08:00",1146403,"",""
223601,"siweijiguang","zhiqizhe06570",932445,33148,"active","2026-06-27T22:25:50.700+08:00","2026-06-27T22:25:50.700+08:00",932445,"",""
223597,"it's_fiction_(synthesizer_v)","fiction_desu_(synthesizer_v)",52664,16840,"active","2026-06-27T22:10:07.350+08:00","2026-06-27T22:10:07.350+08:00",52664,"",""
223595,"kill_blue","kill_ao",52664,16840,"active","2026-06-27T22:09:57.613+08:00","2026-06-27T22:09:57.613+08:00",52664,"",""
223593,"ishino_(scum_of_the_brave)","ishino_(yuusha_no_kuzu)",52664,16840,"active","2026-06-27T22:09:23.122+08:00","2026-06-27T22:09:23.122+08:00",52664,"",""
223592,"yashiro_(scum_of_the_brave)","yashiro_(yuusha_no_kuzu)",52664,16840,"active","2026-06-27T22:09:14.204+08:00","2026-06-27T22:09:14.204+08:00",52664,"",""
223589,"scum_of_the_brave","yuusha_no_kuzu",52664,16840,"active","2026-06-27T22:09:08.852+08:00","2026-06-27T22:09:08.852+08:00",52664,"",""
223587,"emberbravo4","rexoztiabravo4",103979,33148,"active","2026-06-27T21:40:26.636+08:00","2026-06-27T21:40:26.636+08:00",103979,"",""
223583,"xhs_mian","tsuaaa",1449841,33148,"active","2026-06-27T20:05:44.697+08:00","2026-06-27T20:05:44.697+08:00",1449841,"",""
223578,"mi's_(diprebaxgnkz7qr)","mizuame_(mizu_illust3)",786597,33148,"active","2026-06-27T19:19:53.976+08:00","2026-06-27T19:19:53.976+08:00",786597,"",""
223572,"to-nyoko","nyo_(to-nyoko)",68250,33148,"active","2026-06-27T18:32:35.519+08:00","2026-06-27T18:32:35.519+08:00",68250,"",""
223571,"kahideto","yodo_(shina_hideto)",68250,33148,"active","2026-06-27T18:32:33.926+08:00","2026-06-27T18:32:33.926+08:00",68250,"",""
223564,"banamiluv","babanalatte",764362,7713,"active","2026-06-27T18:11:38.976+08:00","2026-06-27T18:11:38.976+08:00",764362,"",""
223553,"zacharybla","blawn_z",1130582,33148,"active","2026-06-27T11:50:42.569+08:00","2026-06-27T11:50:42.569+08:00",1130582,"",""
223545,"user_ahsk7384","12345tatsutu",1130582,33148,"active","2026-06-27T08:57:41.085+08:00","2026-06-27T08:57:41.085+08:00",1130582,"",""
223544,"user_ahnz8253","yeying_(user_113386231)",1130582,33148,"active","2026-06-27T08:57:39.449+08:00","2026-06-27T08:57:39.449+08:00",1130582,"",""
223543,"user_ahnk3228","lin_(user_27536238)",1130582,33148,"active","2026-06-27T08:57:38.003+08:00","2026-06-27T08:57:38.003+08:00",1130582,"",""
223542,"user_ahgm4822","hi1237556067794",1130582,33148,"active","2026-06-27T08:57:36.429+08:00","2026-06-27T08:57:36.429+08:00",1130582,"",""
223541,"user_ahcp8784","takayama5611",1130582,33148,"active","2026-06-27T08:57:35.148+08:00","2026-06-27T08:57:35.148+08:00",1130582,"",""
223540,"user_agzh3752","kachuusha_(user_22615825)",1130582,33148,"active","2026-06-27T08:57:33.486+08:00","2026-06-27T08:57:33.486+08:00",1130582,"",""
223539,"user_agsr2732","lan_dan_(user_90927916)",1130582,33148,"active","2026-06-27T08:57:32.177+08:00","2026-06-27T08:57:32.177+08:00",1130582,"",""
223538,"user_agra8553","pd_(user_26807484)",1130582,33148,"active","2026-06-27T08:57:30.314+08:00","2026-06-27T08:57:30.314+08:00",1130582,"",""
223537,"user_agmt5848","bu_yuan_toulu_xingming_de_bai_mou_mou",1130582,33148,"active","2026-06-27T08:57:28.831+08:00","2026-06-27T08:57:28.831+08:00",1130582,"",""
223536,"user_aghg5445","kaku3_kakuzo",1130582,33148,"active","2026-06-27T08:57:27.366+08:00","2026-06-27T08:57:27.366+08:00",1130582,"",""
223535,"user_agfd3872","minty_cirno",1130582,33148,"active","2026-06-27T08:57:25.860+08:00","2026-06-27T08:57:25.860+08:00",1130582,"",""
223534,"user_agex8845","sumiha_ra",1130582,33148,"active","2026-06-27T08:57:24.595+08:00","2026-06-27T08:57:24.595+08:00",1130582,"",""
223533,"user_ageg3223","chinomo_e",1130582,33148,"active","2026-06-27T08:57:23.259+08:00","2026-06-27T08:57:23.259+08:00",1130582,"",""
223532,"user_agdy4388","ishitori_(user_102957218)",1130582,33148,"active","2026-06-27T08:57:21.911+08:00","2026-06-27T08:57:21.911+08:00",1130582,"",""
223531,"user_agdu2437","yerong_jia_yan",1130582,33148,"active","2026-06-27T08:57:20.557+08:00","2026-06-27T08:57:20.557+08:00",1130582,"",""
223530,"user_agch4372","iri_(user_111397466)",1130582,33148,"active","2026-06-27T08:57:19.335+08:00","2026-06-27T08:57:19.335+08:00",1130582,"",""
223529,"user_afvh3575","yindang_de_yu_qilin_5000",1130582,33148,"active","2026-06-27T08:57:18.106+08:00","2026-06-27T08:57:18.106+08:00",1130582,"",""
223528,"user_afrx2753","majorika_(user_29048175)",1130582,33148,"active","2026-06-27T08:57:16.796+08:00","2026-06-27T08:57:16.796+08:00",1130582,"",""
223527,"user_afna5323","runba_2814",1130582,33148,"active","2026-06-27T08:57:15.514+08:00","2026-06-27T08:57:15.514+08:00",1130582,"",""
223526,"user_afmj5734","axi_(user_104743935)",1130582,33148,"active","2026-06-27T08:57:13.314+08:00","2026-06-27T08:57:13.314+08:00",1130582,"",""
223465,"navis_ba_(user_kvak7252)","navis",786597,33148,"active","2026-06-27T07:34:01.123+08:00","2026-06-27T07:34:01.123+08:00",786597,"",""
223457,"kemushi_(chi380723698581)","ate_(tvjdp)",764362,33148,"active","2026-06-27T03:28:58.267+08:00","2026-06-27T03:28:58.267+08:00",764362,"",""
223453,"karuna_aaa","dashkaruna",1352409,33148,"active","2026-06-27T03:03:42.975+08:00","2026-06-27T03:03:42.975+08:00",1352409,"",""
223449,"film_border","film_strip_border",52664,36707,"active","2026-06-27T01:26:16.894+08:00","2026-06-27T01:26:16.894+08:00",52664,"",""
223447,"beishanfeng","beibeishanfeng",1191549,33148,"active","2026-06-27T01:14:10.487+08:00","2026-06-27T01:14:10.487+08:00",1191549,"",""
223443,"hdw91v","yonekura_naoyasu",1333332,33148,"active","2026-06-27T01:11:43.280+08:00","2026-06-27T01:11:43.280+08:00",1333332,"",""
223441,"kyoudaidon_(sex)","kyoudaidon",52664,36689,"active","2026-06-27T00:53:32.825+08:00","2026-06-27T00:53:32.825+08:00",52664,"",""
223435,"shimaidon_(sex)","shimaidon",52664,36689,"active","2026-06-27T00:39:06.669+08:00","2026-06-27T00:39:06.669+08:00",52664,"",""
223433,"this_(amanashi)","amanashi_(amns_oekaki)",68250,33148,"active","2026-06-26T20:38:22.880+08:00","2026-06-26T20:38:22.880+08:00",68250,"",""
223425,"neruko0523","neruko_(piano00324)",1087973,33148,"active","2026-06-26T19:16:17.920+08:00","2026-06-26T19:16:17.920+08:00",1087973,"",""
223421,"grel_red","redgrel",1333332,33148,"active","2026-06-26T15:40:33.692+08:00","2026-06-26T15:40:33.692+08:00",1333332,"",""
223417,"redgrel","grel_red",1333332,7713,"deleted","2026-06-26T15:40:19.605+08:00","2026-06-26T15:40:33.698+08:00",1333332,"",""
223415,"user_fdxm5282","shi_nou",1087973,33148,"active","2026-06-26T14:55:54.317+08:00","2026-06-26T14:55:54.317+08:00",1087973,"",""
223411,"mrs._snake_(second_ascension)_(fate)","hebi_nyoubou_(second_ascension)_(fate)",52664,26405,"active","2026-06-26T12:38:35.842+08:00","2026-06-26T12:38:35.842+08:00",52664,"",""
223409,"special_week_(supreme_commander_of_the_rising_sun)_(umamusume)","special_week_(ruler_of_japan)_(umamusume)",52664,29925,"active","2026-06-26T12:29:35.123+08:00","2026-06-26T12:29:35.123+08:00",52664,"",""
223407,"dawn_(selaco)","dawn_collins",52664,36703,"active","2026-06-26T12:21:37.778+08:00","2026-06-26T12:21:37.778+08:00",52664,"",""
223405,"qiuballboom","oka_ball",1343385,7713,"active","2026-06-26T10:58:37.545+08:00","2026-06-26T10:58:37.545+08:00",1343385,"",""
223399,"mk_xlviii","salty_eyes",1343385,33148,"active","2026-06-26T09:39:26.922+08:00","2026-06-26T09:39:26.922+08:00",1343385,"",""
223395,"arctanln222","arctanln2",528900,33148,"active","2026-06-26T09:00:35.573+08:00","2026-06-26T09:00:35.573+08:00",528900,"",""
223387,"yousuke_(guruguru_medaman)","gurumeda",1084933,7713,"active","2026-06-26T06:17:17.265+08:00","2026-06-26T06:17:17.265+08:00",1084933,"",""
223377,"qinmeow","qin-meow",1316376,33148,"active","2026-06-26T03:29:24.487+08:00","2026-06-26T03:29:24.487+08:00",1316376,"",""
223371,"guywithapen","adultwithapen",1333332,7713,"active","2026-06-26T02:47:48.337+08:00","2026-08-20T08:48:49.218+08:00",1333332,"",""
223367,"atella","atera",433258,33148,"active","2026-06-26T02:29:52.072+08:00","2026-06-26T02:29:52.072+08:00",433258,"",""
223363,"zzt","abowlofchichikosoup",1333332,7713,"active","2026-06-26T02:21:46.478+08:00","2026-06-26T02:21:46.478+08:00",1333332,"",""
223361,"firestormuwu","faryaa",433258,33148,"active","2026-06-26T02:20:23.708+08:00","2026-06-26T02:20:23.708+08:00",433258,"",""
223355,"milky_highway","milky_subway",52664,36342,"active","2026-06-26T01:59:32.093+08:00","2026-06-26T01:59:32.093+08:00",52664,"",""
223353,"akatsuki_mao","mizuki_kotora",52664,7713,"active","2026-06-26T01:44:17.483+08:00","2026-06-26T01:44:17.483+08:00",52664,"",""
223351,"courtney_(dispatch)","invisigal_(dispatch)",52664,36692,"active","2026-06-26T01:43:34.656+08:00","2026-06-26T01:43:34.656+08:00",52664,"",""
223349,"gurasion_(gurasion)","gurasion",52664,7713,"active","2026-06-26T01:12:44.567+08:00","2026-06-26T01:12:44.567+08:00",52664,"",""
223347,"project_[i]","project_i",52664,36694,"active","2026-06-26T01:08:17.103+08:00","2026-06-26T01:08:17.103+08:00",52664,"",""
223312,"shirayukibanshi","shirayuki_banana",926897,33148,"active","2026-06-26T00:41:26.881+08:00","2026-06-26T00:41:26.881+08:00",926897,"",""
223308,"hotel_porter","bellhop_uniform",52664,36686,"active","2026-06-26T00:21:22.666+08:00","2026-06-26T00:21:22.666+08:00",52664,"",""
223307,"bellman","bellhop_uniform",52664,36686,"active","2026-06-26T00:21:21.355+08:00","2026-06-26T00:21:21.355+08:00",52664,"",""
223306,"bellboy","bellhop_uniform",52664,36686,"active","2026-06-26T00:21:19.643+08:00","2026-06-26T00:21:19.643+08:00",52664,"",""
223302,"iinfp_(artist)","iinfp",1210048,33148,"active","2026-06-25T21:48:25.617+08:00","2026-06-25T21:48:25.617+08:00",1210048,"",""
223296,"origin0beginer","ya-don",1051003,33148,"active","2026-06-25T12:40:55.792+08:00","2026-06-25T12:40:55.792+08:00",1051003,"",""
223295,"originbeginer","ya-don",1051003,33148,"active","2026-06-25T12:40:53.458+08:00","2026-06-25T12:40:53.458+08:00",1051003,"",""
223288,"hagalaz","halgalaz",1084933,7713,"active","2026-06-25T11:04:39.337+08:00","2026-06-25T11:04:39.337+08:00",1084933,"",""
223284,"loglcoma","nati7g4",895489,33148,"active","2026-06-25T10:40:39.005+08:00","2026-06-25T10:40:39.005+08:00",895489,"",""
223280,"igloona","lunashiba",433258,33148,"active","2026-06-25T08:35:28.224+08:00","2026-06-25T08:35:28.224+08:00",433258,"",""
223279,"eokyosan","mitsue_kyou",433258,33148,"active","2026-06-25T08:35:27.059+08:00","2026-06-25T08:35:27.059+08:00",433258,"",""
223278,"title_(daimei)","title_mei",433258,33148,"active","2026-06-25T08:35:25.764+08:00","2026-06-25T08:35:25.764+08:00",433258,"",""
223268,"hanaeakikaze","akikaze_hanae",433258,33148,"active","2026-06-25T08:28:36.979+08:00","2026-06-25T08:28:36.979+08:00",433258,"",""
223260,"speciesism","fantasy_racism",52664,36520,"active","2026-06-25T06:57:57.616+08:00","2026-06-25T06:57:57.616+08:00",52664,"",""
223258,"fatal_frame_purple_diary","spirit_camera:_the_cursed_memoir",52664,36609,"active","2026-06-25T06:52:17.576+08:00","2026-06-25T06:52:17.576+08:00",52664,"",""
223254,"lady_avalon_(first_ascension)_(fate)","merlin_(caster)_(fate/prototype)",52664,32320,"active","2026-06-25T06:37:11.744+08:00","2026-06-25T06:37:11.744+08:00",52664,"",""
223253,"merlin_(second_ascension)_(fate/prototype)","merlin_(caster)_(fate/prototype)",52664,32320,"active","2026-06-25T06:36:49.905+08:00","2026-06-25T06:36:49.905+08:00",52664,"",""
223248,"retroanimechris","adoggoart",908237,7713,"active","2026-06-25T05:51:21.290+08:00","2026-06-25T05:51:21.290+08:00",908237,"",""
223244,"ibaraki1031","ibattennen",109167,33148,"active","2026-06-25T03:48:53.102+08:00","2026-06-25T03:48:53.102+08:00",109167,"",""
223236,"blanc_berry","magicaltkys",433258,33148,"active","2026-06-25T01:52:20.619+08:00","2026-06-25T01:52:20.619+08:00",433258,"",""
223235,"nanamin7777","nanami_734",433258,33148,"active","2026-06-25T01:52:18.127+08:00","2026-06-25T01:52:18.127+08:00",433258,"",""
223226,"garaho_flip_phone","flip_smartphone",52664,36410,"active","2026-06-25T00:48:34.850+08:00","2026-06-25T00:48:34.850+08:00",52664,"",""
223224,"toyeeta_prius","floatingpri",1488146,33148,"active","2026-06-25T00:38:56.480+08:00","2026-06-25T00:38:56.480+08:00",1488146,"",""
223216,"sirensins","sirensins_(voice_actor)",1475179,33148,"active","2026-06-25T00:17:21.579+08:00","2026-06-25T00:17:21.579+08:00",1475179,"",""
223212,"hometaba","mahirotaba",68250,33148,"active","2026-06-25T00:13:45.605+08:00","2026-06-25T00:13:45.605+08:00",68250,"",""
223211,"amanattou_shigure","amanattou_kurishigure",68250,33148,"active","2026-06-25T00:13:41.636+08:00","2026-06-25T00:13:41.636+08:00",68250,"",""
223210,"ystrann","shinohara_kouryuu",68250,33148,"active","2026-06-25T00:13:36.213+08:00","2026-06-25T00:13:36.213+08:00",68250,"",""
223209,"jimiee2022","jimi_(jimi_no_niwa)",68250,33148,"active","2026-06-25T00:13:33.596+08:00","2026-06-25T00:13:33.596+08:00",68250,"",""
223208,"mero_remo_sugoi","agomasuku",68250,33148,"active","2026-06-25T00:13:30.072+08:00","2026-06-25T00:13:30.072+08:00",68250,"",""
223207,"agomasu_sugoi4126","agomasuku",68250,33148,"active","2026-06-25T00:13:24.948+08:00","2026-06-25T00:13:24.948+08:00",68250,"",""
223188,"bang_dream!_mugendai_mewtype","bang_dream!_yumemita",52664,36674,"active","2026-06-24T23:46:13.038+08:00","2026-06-24T23:46:13.038+08:00",52664,"",""
223186,"my_room_(chaldea)_(fate)","chaldea_bedroom",52664,36645,"active","2026-06-24T23:38:08.935+08:00","2026-06-24T23:38:08.935+08:00",52664,"",""
223184,"riri_furanshi-hakase","dr._francesca_stein",52664,28040,"active","2026-06-24T23:18:23.804+08:00","2026-06-24T23:18:23.804+08:00",52664,"",""
223182,"mac_(youkai_watch)","buck_hazeltine",52664,28040,"active","2026-06-24T23:17:28.287+08:00","2026-06-24T23:17:28.287+08:00",52664,"",""
223180,"jiuweihu","kyuubi",52664,36680,"active","2026-06-24T23:03:31.944+08:00","2026-06-24T23:03:31.944+08:00",52664,"",""
223178,"chris_thorndyke","christopher_thorndyke",52664,27846,"active","2026-06-24T22:51:19.249+08:00","2026-06-24T22:51:19.249+08:00",52664,"",""
223176,"8kawaki8","puunin",974737,33148,"active","2026-06-24T22:42:56.759+08:00","2026-06-24T22:42:56.759+08:00",974737,"",""
223172,"hangong1001","han_gong",1054326,7713,"active","2026-06-24T22:31:08.172+08:00","2026-07-17T16:08:15.676+08:00",1054326,"",""
223170,"saegusa_akina_(6th_costume)","saegusa_akina_(nanajigen_seitokai)",52664,23520,"active","2026-06-24T22:25:28.519+08:00","2026-06-24T22:25:28.519+08:00",52664,"",""
223169,"kanae_(18th_costume)_(nijisanji)","kanae_(nanajigen_seitokai)_(nijisanji)",52664,23520,"active","2026-06-24T22:25:22.412+08:00","2026-06-24T22:25:22.412+08:00",52664,"",""
223168,"luis_cammy_(4th_costume)","luis_cammy_(flutoitoi)",52664,23520,"active","2026-06-24T22:25:18.212+08:00","2026-06-24T22:25:18.212+08:00",52664,"",""
223167,"fumi_(4th_costume)_(nijisanji)","fumi_(flutoitoi)_(nijisanji)",52664,23520,"active","2026-06-24T22:25:12.902+08:00","2026-06-24T22:25:12.902+08:00",52664,"",""
223154,"yuz4601","yuz46",103979,33148,"active","2026-06-24T21:50:55.697+08:00","2026-06-24T21:50:55.697+08:00",103979,"",""
223127,"blazeybea","koscartt",1146403,33148,"active","2026-06-24T20:08:30.114+08:00","2026-06-24T20:08:30.114+08:00",1146403,"",""
223123,"misori_mania","kotomika_rs",1054326,7713,"active","2026-06-24T19:21:07.204+08:00","2026-06-24T19:21:07.204+08:00",1054326,"",""
223117,"h22t","ht423",718515,33148,"active","2026-06-24T17:04:30.524+08:00","2026-06-24T17:04:30.524+08:00",718515,"",""
223113,"destorys","roach_(rrrroch1)",454016,33148,"active","2026-06-24T15:53:39.778+08:00","2026-06-24T15:53:39.778+08:00",454016,"",""
223107,"mbzmhs","mou_buzhiming_huashi",103979,33148,"active","2026-06-24T14:51:51.221+08:00","2026-06-24T14:51:51.221+08:00",103979,"",""
223103,"sensible_dude2","hotcoco",1333332,33148,"active","2026-06-24T14:38:58.429+08:00","2026-06-24T14:38:58.429+08:00",1333332,"",""
223099,"ditchuafterdark","ditchu",1333332,7713,"active","2026-06-24T14:36:38.063+08:00","2026-06-24T14:36:38.063+08:00",1333332,"",""
223097,"shiroinu_wan1","shir0",1218089,7713,"active","2026-06-24T14:10:08.580+08:00","2026-06-24T14:10:08.580+08:00",1218089,"",""
223095,"kkkkirkir","kirurian_genshou",68250,33148,"active","2026-06-24T13:55:11.874+08:00","2026-06-24T13:55:11.874+08:00",68250,"",""
223094,"87maru_96kichi","hanamaru_kurokichi",68250,33148,"active","2026-06-24T13:55:10.340+08:00","2026-06-24T13:55:10.340+08:00",68250,"",""
223087,"kyosi-3","senpaki",433258,33148,"active","2026-06-24T13:49:48.894+08:00","2026-06-24T13:49:48.894+08:00",433258,"",""
223083,"nothing12362","raizzeldaizzel",433258,33148,"active","2026-06-24T13:48:00.419+08:00","2026-06-24T13:48:00.419+08:00",433258,"",""
223079,"daju_zha_wan","dajuzawan",556219,33148,"active","2026-06-24T13:13:57.975+08:00","2026-06-24T13:13:57.975+08:00",556219,"",""
223069,"relina-ruj","relina_ruj",1084933,7713,"active","2026-06-24T11:25:53.026+08:00","2026-06-24T11:25:53.026+08:00",1084933,"",""
223065,"dasha-ko-art","dasha_komixmaker",1084933,7713,"active","2026-06-24T11:04:27.562+08:00","2026-06-24T11:04:27.562+08:00",1084933,"",""
223061,"tkitt25","tokaitte!",718515,33148,"active","2026-06-24T10:43:49.270+08:00","2026-06-24T10:43:49.270+08:00",718515,"",""
223049,"nanojade","nallcia",786597,33148,"active","2026-06-24T07:23:59.494+08:00","2026-06-24T07:23:59.494+08:00",786597,"",""
223039,"mieramommy_(voice_actor)","mieraleeeem_(voice_actor)",433258,33148,"active","2026-06-24T03:19:52.585+08:00","2026-06-24T03:19:52.585+08:00",433258,"",""
223035,"bristle","bristle_(league)",52664,36574,"active","2026-06-24T03:17:36.656+08:00","2026-06-24T03:17:36.656+08:00",52664,"",""
223033,"trundle","trundle_(league)",52664,36574,"active","2026-06-24T03:17:25.792+08:00","2026-06-24T03:17:25.792+08:00",52664,"",""
223031,"singed","singed_(league)",52664,36574,"active","2026-06-24T03:17:09.019+08:00","2026-06-24T03:17:09.019+08:00",52664,"",""
223029,"fiddlesticks","fiddlesticks_(league)",52664,36574,"active","2026-06-24T03:16:57.364+08:00","2026-06-24T03:16:57.364+08:00",52664,"",""
223027,"poppy_(league_of_legends)","poppy_(league)",52664,36574,"active","2026-06-24T02:47:09.806+08:00","2026-06-24T02:47:09.806+08:00",52664,"",""
223026,"pantheon_(league_of_legends)","pantheon_(league)",52664,36574,"active","2026-06-24T02:46:59.750+08:00","2026-06-24T02:46:59.750+08:00",52664,"",""
223025,"ornn","ornn_(league)",52664,36574,"active","2026-06-24T02:46:55.819+08:00","2026-06-24T02:46:55.819+08:00",52664,"",""
223024,"orianna_(league_of_legends)","orianna_(league)",52664,36574,"active","2026-06-24T02:46:46.250+08:00","2026-06-24T02:46:46.250+08:00",52664,"",""
223023,"olaf_(league_of_legends)","olaf_(league)",52664,36574,"active","2026-06-24T02:46:41.373+08:00","2026-06-24T02:46:41.373+08:00",52664,"",""
223022,"willump","willump_(league)",52664,36574,"active","2026-06-24T02:46:34.867+08:00","2026-06-24T02:46:34.867+08:00",52664,"",""
223021,"nunu_(league_of_legends)","nunu_(league)",52664,36574,"active","2026-06-24T02:46:26.902+08:00","2026-06-24T02:46:26.902+08:00",52664,"",""
223020,"nocturne_(league_of_legends)","nocturne_(league)",52664,36574,"active","2026-06-24T02:46:22.578+08:00","2026-06-24T02:46:22.578+08:00",52664,"",""
223019,"nilah_(league_of_legends)","nilah_(league)",52664,36574,"active","2026-06-24T02:46:18.769+08:00","2026-06-24T02:46:18.769+08:00",52664,"",""
223018,"nidalee","nidalee_(league)",52664,36574,"active","2026-06-24T02:45:59.385+08:00","2026-06-24T02:45:59.385+08:00",52664,"",""
223017,"neeko_(league_of_legends)","neeko_(league)",52664,36574,"active","2026-06-24T02:45:32.370+08:00","2026-06-24T02:45:32.370+08:00",52664,"",""
223016,"nautilus_(league_of_legends)","nautilus_(league)",52664,36574,"active","2026-06-24T02:45:27.852+08:00","2026-06-24T02:45:27.852+08:00",52664,"",""
223015,"nasus","nasus_(league)",52664,36574,"active","2026-06-24T02:45:18.898+08:00","2026-06-24T02:45:18.898+08:00",52664,"",""
223014,"nami_(league_of_legends)","nami_(league)",52664,36574,"active","2026-06-24T02:44:59.777+08:00","2026-06-24T02:44:59.777+08:00",52664,"",""
223013,"naafiri","naafiri_(league)",52664,36574,"active","2026-06-24T02:44:57.323+08:00","2026-06-24T02:44:57.323+08:00",52664,"",""
223012,"morgana_(league_of_legends)","morgana_(league)",52664,36574,"active","2026-06-24T02:44:31.427+08:00","2026-06-24T02:44:31.427+08:00",52664,"",""
223011,"mordekaiser","mordekaiser_(league)",52664,36574,"active","2026-06-24T02:44:23.510+08:00","2026-06-24T02:44:23.510+08:00",52664,"",""
223010,"miss_fortune_(league_of_legends)","miss_fortune_(league)",52664,36574,"active","2026-06-24T02:43:46.546+08:00","2026-06-24T02:43:46.546+08:00",52664,"",""
223009,"milio_(league_of_legends)","milio_(league)",52664,36574,"active","2026-06-24T02:43:44.670+08:00","2026-06-24T02:43:44.670+08:00",52664,"",""
223008,"mel_(league_of_legends)","mel_(league)",52664,36574,"active","2026-06-24T02:43:33.948+08:00","2026-06-24T02:43:33.948+08:00",52664,"",""
223007,"master_yi","master_yi_(league)",52664,36574,"active","2026-06-24T02:43:28.239+08:00","2026-06-24T02:43:28.239+08:00",52664,"",""
223006,"maokai","maokai_(league)",52664,36574,"active","2026-06-24T02:43:24.521+08:00","2026-06-24T02:43:24.521+08:00",52664,"",""
223005,"malzahar","malzahar_(league)",52664,36574,"active","2026-06-24T02:43:20.263+08:00","2026-06-24T02:43:20.263+08:00",52664,"",""
223004,"malphite","malphite_(league)",52664,36574,"active","2026-06-24T02:43:14.472+08:00","2026-06-24T02:43:14.472+08:00",52664,"",""
223003,"lux_(league_of_legends)","lux_(league)",52664,36574,"active","2026-06-24T02:42:01.820+08:00","2026-06-24T02:42:01.820+08:00",52664,"",""
223002,"lulu_(league_of_legends)","lulu_(league)",52664,36574,"active","2026-06-24T02:41:11.480+08:00","2026-06-24T02:41:11.480+08:00",52664,"",""
223001,"lucian_(league_of_legends)","lucian_(league)",52664,36574,"active","2026-06-24T02:41:04.814+08:00","2026-06-24T02:41:04.814+08:00",52664,"",""
223000,"lissandra_(league_of_legends)","lissandra_(league)",52664,36574,"active","2026-06-24T02:40:58.976+08:00","2026-06-24T02:40:58.976+08:00",52664,"",""
222999,"lillia_(league_of_legends)","lillia_(league)",52664,36574,"active","2026-06-24T02:40:47.970+08:00","2026-06-24T02:40:47.970+08:00",52664,"",""
222998,"leona_(league_of_legends)","leona_(league)",52664,36574,"active","2026-06-24T02:40:26.380+08:00","2026-06-24T02:40:26.380+08:00",52664,"",""
222997,"lee_sin","lee_sin_(league)",52664,36574,"active","2026-06-24T02:40:16.485+08:00","2026-06-24T02:40:16.485+08:00",52664,"",""
222971,"leblanc_(league_of_legends)","leblanc_(league)",52664,36574,"active","2026-06-24T02:36:00.942+08:00","2026-06-24T02:36:00.942+08:00",52664,"",""
222970,"kog'maw","kog'maw_(league)",52664,36574,"active","2026-06-24T02:35:43.105+08:00","2026-06-24T02:35:43.105+08:00",52664,"",""
222969,"kled","kled_(league)",52664,36574,"active","2026-06-24T02:35:38.125+08:00","2026-06-24T02:35:38.125+08:00",52664,"",""
222968,"kindred_(league_of_legends)","kindred_(league)",52664,36574,"active","2026-06-24T02:33:57.712+08:00","2026-06-24T02:33:57.712+08:00",52664,"",""
222967,"kha'zix","kha'zix_(league)",52664,36574,"active","2026-06-24T02:33:46.266+08:00","2026-06-24T02:33:46.266+08:00",52664,"",""
222966,"kennen","kennen_(league)",52664,36574,"active","2026-06-24T02:33:33.705+08:00","2026-06-24T02:33:33.705+08:00",52664,"",""
222965,"kayn_(league_of_legends)","kayn_(league)",52664,36574,"active","2026-06-24T02:33:01.127+08:00","2026-06-24T02:33:01.127+08:00",52664,"",""
222964,"kayle_(league_of_legends)","kayle_(league)",52664,36574,"active","2026-06-24T02:32:38.567+08:00","2026-06-24T02:32:38.567+08:00",52664,"",""
222963,"katarina_(league_of_legends)","katarina_(league)",52664,36574,"active","2026-06-24T02:31:21.566+08:00","2026-06-24T02:31:21.566+08:00",52664,"",""
222962,"kassadin","kassadin_(league)",52664,36574,"active","2026-06-24T02:31:15.506+08:00","2026-06-24T02:31:15.506+08:00",52664,"",""
222961,"karthus","karthus_(league)",52664,36574,"active","2026-06-24T02:31:05.013+08:00","2026-06-24T02:31:05.013+08:00",52664,"",""
222960,"karma_(league_of_legends)","karma_(league)",52664,36574,"active","2026-06-24T02:30:46.670+08:00","2026-06-24T02:30:46.670+08:00",52664,"",""
222959,"kalista","kalista_(league)",52664,36574,"active","2026-06-24T02:30:39.153+08:00","2026-06-24T02:30:39.153+08:00",52664,"",""
222958,"kai'sa","kai'sa_(league)",52664,36574,"active","2026-06-24T02:29:32.663+08:00","2026-06-24T02:29:32.663+08:00",52664,"",""
222957,"k'sante_(league_of_legends)","k'sante_(league)",52664,36574,"active","2026-06-24T02:29:24.561+08:00","2026-06-24T02:29:24.561+08:00",52664,"",""
222956,"jinx_(league_of_legends)","jinx_(league)",52664,36574,"active","2026-06-24T02:23:39.516+08:00","2026-06-24T02:23:39.516+08:00",52664,"",""
222955,"jhin","jhin_(league)",52664,36574,"active","2026-06-24T02:23:12.737+08:00","2026-06-24T02:23:12.737+08:00",52664,"",""
222954,"jayce_(league_of_legends)","jayce_(league)",52664,36574,"active","2026-06-24T02:22:23.642+08:00","2026-06-24T02:22:23.642+08:00",52664,"",""
222953,"jax_(league_of_legends)","jax_(league)",52664,36574,"active","2026-06-24T02:22:15.994+08:00","2026-06-24T02:22:15.994+08:00",52664,"",""
222952,"jarvan_iv_(league_of_legends)","jarvan_iv_(league)",52664,36574,"active","2026-06-24T02:22:03.979+08:00","2026-06-24T02:22:03.979+08:00",52664,"",""
222951,"janna_(league_of_legends)","janna_(league)",52664,36574,"active","2026-06-24T02:21:32.521+08:00","2026-06-24T02:21:32.521+08:00",52664,"",""
222950,"ivern","ivern_(league)",52664,36574,"active","2026-06-24T02:21:28.567+08:00","2026-06-24T02:21:28.567+08:00",52664,"",""
222949,"irelia","irelia_(league)",52664,36574,"active","2026-06-24T02:20:44.160+08:00","2026-06-24T02:20:44.160+08:00",52664,"",""
222948,"illaoi","illaoi_(league)",52664,36574,"active","2026-06-24T02:20:37.708+08:00","2026-06-24T02:20:37.708+08:00",52664,"",""
222947,"hwei_(league_of_legends)","hwei_(league)",52664,36574,"active","2026-06-24T02:20:24.954+08:00","2026-06-24T02:20:24.954+08:00",52664,"",""
222946,"heimerdinger","heimerdinger_(league)",52664,36574,"active","2026-06-24T02:20:16.585+08:00","2026-06-24T02:20:16.585+08:00",52664,"",""
222945,"hecarim","hecarim_(league)",52664,36574,"active","2026-06-24T02:20:08.342+08:00","2026-06-24T02:20:08.342+08:00",52664,"",""
222942,"border_city","frontier_city",433258,33148,"active","2026-06-24T02:17:56.105+08:00","2026-06-24T02:17:56.105+08:00",433258,"",""
222938,"gwen_(league_of_legends)","gwen_(league)",52664,36574,"active","2026-06-24T02:17:41.597+08:00","2026-06-24T02:17:41.597+08:00",52664,"",""
222935,"graves_(league_of_legends)","graves_(league)",52664,36574,"active","2026-06-24T02:17:08.831+08:00","2026-06-24T02:17:08.831+08:00",52664,"",""
222934,"gragas","gragas_(league)",52664,36574,"active","2026-06-24T02:17:02.786+08:00","2026-06-24T02:17:02.786+08:00",52664,"",""
222933,"gnar_(league_of_legends)","gnar_(league)",52664,36574,"active","2026-06-24T02:16:55.313+08:00","2026-06-24T02:16:55.313+08:00",52664,"",""
222932,"garen_(league_of_legends)","garen_(league)",52664,36574,"active","2026-06-24T02:16:31.367+08:00","2026-06-24T02:16:31.367+08:00",52664,"",""
222931,"gangplank_(league_of_legends)","gangplank_(league)",52664,36574,"active","2026-06-24T02:16:20.964+08:00","2026-06-24T02:16:20.964+08:00",52664,"",""
222930,"galio","galio_(league)",52664,36574,"active","2026-06-24T02:16:16.426+08:00","2026-06-24T02:16:16.426+08:00",52664,"",""
222929,"fizz_(league_of_legends)","fizz_(league)",52664,36574,"active","2026-06-24T02:16:10.440+08:00","2026-06-24T02:16:10.440+08:00",52664,"",""
222928,"rosareah_fe","rosa_tsubomi",433258,33148,"active","2026-06-24T02:16:06.107+08:00","2026-06-24T02:16:06.107+08:00",433258,"",""
222924,"fiora_(league_of_legends)","fiora_(league)",52664,36574,"active","2026-06-24T02:15:47.105+08:00","2026-06-24T02:15:47.105+08:00",52664,"",""
222923,"nanananai71","nanai_(nanananai71)",861955,7713,"active","2026-06-24T02:15:10.641+08:00","2026-06-24T02:15:10.641+08:00",861955,"",""
222921,"ezreal","ezreal_(league)",52664,36574,"active","2026-06-24T02:14:55.830+08:00","2026-06-24T02:14:55.830+08:00",52664,"",""
222918,"evelynn_(league_of_legends)","evelynn_(league)",52664,36574,"active","2026-06-24T02:12:59.583+08:00","2026-06-24T02:12:59.583+08:00",52664,"",""
222917,"elise_(league_of_legends)","elise_(league)",52664,36574,"active","2026-06-24T02:12:43.548+08:00","2026-06-24T02:12:43.548+08:00",52664,"",""
222914,"ekko_(league_of_legends)","ekko_(league)",52664,36574,"active","2026-06-24T02:11:56.419+08:00","2026-06-24T02:11:56.419+08:00",52664,"",""
222913,"draven","draven_(league)",52664,36574,"active","2026-06-24T02:11:38.614+08:00","2026-06-24T02:11:38.614+08:00",52664,"",""
222912,"dr._mundo","dr._mundo_(league)",52664,36574,"active","2026-06-24T02:11:24.160+08:00","2026-06-24T02:11:24.160+08:00",52664,"",""
222911,"diana_(league_of_legends)","diana_(league)",52664,36574,"active","2026-06-24T02:11:01.196+08:00","2026-06-24T02:11:01.196+08:00",52664,"",""
222910,"darius_(league_of_legends)","darius_(league)",52664,36574,"active","2026-06-24T02:10:28.838+08:00","2026-06-24T02:10:28.838+08:00",52664,"",""
222909,"corki","corki_(league)",52664,36574,"active","2026-06-24T02:10:22.900+08:00","2026-06-24T02:10:22.900+08:00",52664,"",""
222908,"cho'gath","cho'gath_(league)",52664,36574,"active","2026-06-24T02:10:17.041+08:00","2026-06-24T02:10:17.041+08:00",52664,"",""
222907,"cassiopeia_(league_of_legends)","cassiopeia_(league)",52664,36574,"active","2026-06-24T02:10:03.374+08:00","2026-06-24T02:10:03.374+08:00",52664,"",""
222906,"camille_(league_of_legends)","camille_(league)",52664,36574,"active","2026-06-24T02:09:51.010+08:00","2026-06-24T02:09:51.010+08:00",52664,"",""
222905,"caitlyn_(league_of_legends)","caitlyn_(league)",52664,36574,"active","2026-06-24T02:06:52.868+08:00","2026-06-24T02:06:52.868+08:00",52664,"",""
222904,"briar_(league_of_legends)","briar_(league)",52664,36574,"active","2026-06-24T02:06:00.419+08:00","2026-06-24T02:06:00.419+08:00",52664,"",""
222903,"braum_(league_of_legends)","braum_(league)",52664,36574,"active","2026-06-24T02:05:46.409+08:00","2026-06-24T02:05:46.409+08:00",52664,"",""
222902,"brand_(league_of_legends)","brand_(league)",52664,36574,"active","2026-06-24T02:05:39.902+08:00","2026-06-24T02:05:39.902+08:00",52664,"",""
222901,"blitzcrank","blitzcrank_(league)",52664,36574,"active","2026-06-24T02:05:27.229+08:00","2026-06-24T02:05:27.229+08:00",52664,"",""
222900,"bel'veth","bel'veth_(league)",52664,36574,"active","2026-06-24T02:05:22.880+08:00","2026-06-24T02:05:22.880+08:00",52664,"",""
222899,"bard_(league_of_legends)","bard_(league)",52664,36574,"active","2026-06-24T02:05:17.424+08:00","2026-06-24T02:05:17.424+08:00",52664,"",""
222898,"azir","azir_(league)",52664,36574,"active","2026-06-24T02:05:10.209+08:00","2026-06-24T02:05:10.209+08:00",52664,"",""
222897,"aurora_(league_of_legends)","aurora_(league)",52664,36574,"active","2026-06-24T02:04:44.731+08:00","2026-06-24T02:04:44.731+08:00",52664,"",""
222896,"aurelion_sol_(league_of_legends)","aurelion_sol_(league)",52664,36574,"active","2026-06-24T02:04:38.491+08:00","2026-06-24T02:04:38.491+08:00",52664,"",""
222895,"ashe_(league_of_legends)","ashe_(league)",52664,36574,"active","2026-06-24T02:03:49.806+08:00","2026-06-24T02:03:49.806+08:00",52664,"",""
222894,"aphelios","aphelios_(league)",52664,36574,"active","2026-06-24T02:03:17.277+08:00","2026-06-24T02:03:17.277+08:00",52664,"",""
222893,"annie_(league_of_legends)","annie_(league)",52664,36574,"active","2026-06-24T02:02:18.432+08:00","2026-06-24T02:02:18.432+08:00",52664,"",""
222892,"anivia","anivia_(league)",52664,36574,"active","2026-06-24T02:02:05.672+08:00","2026-06-24T02:02:05.672+08:00",52664,"",""
222891,"amumu","amumu_(league)",52664,36574,"active","2026-06-24T02:01:51.298+08:00","2026-06-24T02:01:51.298+08:00",52664,"",""
222890,"ambessa_(league_of_legends)","ambessa_(league)",52664,36574,"active","2026-06-24T02:01:47.315+08:00","2026-06-24T02:01:47.315+08:00",52664,"",""
222889,"alistar_(league_of_legends)","alistar_(league)",52664,36574,"active","2026-06-24T02:01:36.847+08:00","2026-06-24T02:01:36.847+08:00",52664,"",""
222888,"akshan_(league_of_legends)","akshan_(league)",52664,36574,"active","2026-06-24T02:01:32.713+08:00","2026-06-24T02:01:32.713+08:00",52664,"",""
222787,"akali","akali_(league)",52664,36574,"active","2026-06-24T01:53:33.792+08:00","2026-06-24T01:53:33.792+08:00",52664,"",""
222786,"ahri_(league_of_legends)","ahri_(league)",52664,36574,"active","2026-06-24T01:45:53.055+08:00","2026-06-24T01:45:53.055+08:00",52664,"",""
222785,"aatrox","aatrox_(league)",52664,36574,"active","2026-06-24T01:45:38.289+08:00","2026-06-24T01:45:38.289+08:00",52664,"",""
222684,"rift_scuttler","rift_scuttler_(league)",52664,36574,"active","2026-06-24T01:44:21.000+08:00","2026-06-24T01:44:21.000+08:00",52664,"",""
222683,"gromp","gromp_(league)",52664,36574,"active","2026-06-24T01:44:17.605+08:00","2026-06-24T01:44:17.605+08:00",52664,"",""
222682,"crimson_raptor_(league_of_legends)","crimson_raptor_(league)",52664,36574,"active","2026-06-24T01:44:14.234+08:00","2026-06-24T01:44:14.234+08:00",52664,"",""
222681,"blue_sentinel","blue_sentinel_(league)",52664,36574,"active","2026-06-24T01:44:11.384+08:00","2026-06-24T01:44:11.384+08:00",52664,"",""
222680,"baron_nashor","baron_nashor_(league)",52664,36574,"active","2026-06-24T01:44:07.105+08:00","2026-06-24T01:44:07.105+08:00",52664,"",""
222679,"shopkeeper_(league_of_legends)","shopkeeper_(league)",52664,36574,"active","2026-06-24T01:44:04.626+08:00","2026-06-24T01:44:04.626+08:00",52664,"",""
222678,"poro_king","poro_king_(league)",52664,36574,"active","2026-06-24T01:44:01.980+08:00","2026-06-24T01:44:01.980+08:00",52664,"",""
222677,"poro_(league_of_legends)","poro_(league)",52664,36574,"active","2026-06-24T01:43:34.846+08:00","2026-06-24T01:43:34.846+08:00",52664,"",""
222676,"alune_(league_of_legends)","alune_(league)",52664,36574,"active","2026-06-24T01:43:26.083+08:00","2026-06-24T01:43:26.083+08:00",52664,"",""
222675,"zyra","zyra_(league)",52664,36574,"active","2026-06-24T01:43:08.272+08:00","2026-06-24T01:43:08.272+08:00",52664,"",""
222674,"zoe_(league_of_legends)","zoe_(league)",52664,36574,"active","2026-06-24T01:42:28.453+08:00","2026-06-24T01:42:28.453+08:00",52664,"",""
222673,"zilean","zilean_(league)",52664,36574,"active","2026-06-24T01:42:24.712+08:00","2026-06-24T01:42:24.712+08:00",52664,"",""
222672,"ziggs","ziggs_(league)",52664,36574,"active","2026-06-24T01:42:16.010+08:00","2026-06-24T01:42:16.010+08:00",52664,"",""
222671,"zeri_(league_of_legends)","zeri_(league)",52664,36574,"active","2026-06-24T01:41:55.912+08:00","2026-06-24T01:41:55.912+08:00",52664,"",""
222670,"zed_(league_of_legends)","zed_(league)",52664,36574,"active","2026-06-24T01:41:38.761+08:00","2026-06-24T01:41:38.761+08:00",52664,"",""
222669,"zac_(league_of_legends)","zac_(league)",52664,36574,"active","2026-06-24T01:41:24.299+08:00","2026-06-24T01:41:24.299+08:00",52664,"",""
222668,"zaahen","zaahen_(league)",52664,36574,"active","2026-06-24T01:41:21.544+08:00","2026-06-24T01:41:21.544+08:00",52664,"",""
222667,"yuumi_(league_of_legends)","yuumi_(league)",52664,36574,"active","2026-06-24T01:41:04.873+08:00","2026-06-24T01:41:04.873+08:00",52664,"",""
222666,"yunara_(league_of_legends)","yunara_(league)",52664,36574,"active","2026-06-24T01:40:55.965+08:00","2026-06-24T01:40:55.965+08:00",52664,"",""
222665,"yorick_(league_of_legends)","yorick_(league)",52664,36574,"active","2026-06-24T01:40:48.531+08:00","2026-06-24T01:40:48.531+08:00",52664,"",""
222664,"yone_(league_of_legends)","yone_(league)",52664,36574,"active","2026-06-24T01:40:34.915+08:00","2026-06-24T01:40:34.915+08:00",52664,"",""
222663,"yasuo_(league_of_legends)","yasuo_(league)",52664,36574,"active","2026-06-24T01:40:10.954+08:00","2026-06-24T01:40:10.954+08:00",52664,"",""
222662,"xin_zhao","xin_zhao_(league)",52664,36574,"active","2026-06-24T01:40:02.239+08:00","2026-06-24T01:40:02.239+08:00",52664,"",""
222661,"xerath","xerath_(league)",52664,36574,"active","2026-06-24T01:39:52.239+08:00","2026-06-24T01:39:52.239+08:00",52664,"",""
222660,"xayah","xayah_(league)",52664,36574,"active","2026-06-24T01:39:06.020+08:00","2026-06-24T01:39:06.020+08:00",52664,"",""
222659,"wukong_(league_of_legends)","wukong_(league)",52664,36574,"active","2026-06-24T01:38:59.038+08:00","2026-06-24T01:38:59.038+08:00",52664,"",""
222658,"warwick","warwick_(league)",52664,36574,"active","2026-06-24T01:38:43.503+08:00","2026-06-24T01:38:43.503+08:00",52664,"",""
222657,"volibear","volibear_(league)",52664,36574,"active","2026-06-24T01:38:32.809+08:00","2026-06-24T01:38:32.809+08:00",52664,"",""
222656,"vladimir_(league_of_legends)","vladimir_(league)",52664,36574,"active","2026-06-24T01:38:18.887+08:00","2026-06-24T01:38:18.887+08:00",52664,"",""
222655,"viktor_(league_of_legends)","viktor_(league)",52664,36574,"active","2026-06-24T01:37:31.719+08:00","2026-06-24T01:37:31.719+08:00",52664,"",""
222654,"viego_(league_of_legends)","viego_(league)",52664,36574,"active","2026-06-24T01:36:58.102+08:00","2026-06-24T01:36:58.102+08:00",52664,"",""
222653,"vi_(league_of_legends)","vi_(league)",52664,36574,"active","2026-06-24T01:34:39.607+08:00","2026-06-24T01:34:39.607+08:00",52664,"",""
222652,"vex_(league_of_legends)","vex_(league)",52664,36574,"active","2026-06-24T01:34:12.079+08:00","2026-06-24T01:34:12.079+08:00",52664,"",""
222651,"vel'koz","vel'koz_(league)",52664,36574,"active","2026-06-24T01:34:03.278+08:00","2026-06-24T01:34:03.278+08:00",52664,"",""
222650,"veigar","veigar_(league)",52664,36574,"active","2026-06-24T01:33:46.158+08:00","2026-06-24T01:33:46.158+08:00",52664,"",""
222649,"vayne_(league_of_legends)","vayne_(league)",52664,36574,"active","2026-06-24T01:33:28.491+08:00","2026-06-24T01:33:28.491+08:00",52664,"",""
222648,"varus","varus_(league)",52664,36574,"active","2026-06-24T01:33:12.057+08:00","2026-06-24T01:33:12.057+08:00",52664,"",""
222647,"urgot","urgot_(league)",52664,36574,"active","2026-06-24T01:33:07.018+08:00","2026-06-24T01:33:07.018+08:00",52664,"",""
222646,"udyr","udyr_(league)",52664,36574,"active","2026-06-24T01:33:01.062+08:00","2026-06-24T01:33:01.062+08:00",52664,"",""
222645,"twitch_(league_of_legends)","twitch_(league)",52664,36574,"active","2026-06-24T01:32:49.143+08:00","2026-06-24T01:32:49.143+08:00",52664,"",""
222644,"twisted_fate","twisted_fate_(league)",52664,36574,"active","2026-06-24T01:32:31.569+08:00","2026-06-24T01:32:31.569+08:00",52664,"",""
222643,"tryndamere","tryndamere_(league)",52664,36574,"active","2026-06-24T01:32:19.179+08:00","2026-06-24T01:32:19.179+08:00",52664,"",""
222642,"tristana_(league_of_legends)","tristana_(league)",52664,36574,"active","2026-06-24T01:31:39.376+08:00","2026-06-24T01:31:39.376+08:00",52664,"",""
222641,"thresh_(league_of_legends)","thresh_(league)",52664,36574,"active","2026-06-24T01:31:22.140+08:00","2026-06-24T01:31:22.140+08:00",52664,"",""
222640,"teemo","teemo_(league)",52664,36574,"active","2026-06-24T01:30:43.867+08:00","2026-06-24T01:30:43.867+08:00",52664,"",""
222639,"taric","taric_(league)",52664,36574,"active","2026-06-24T01:30:27.800+08:00","2026-06-24T01:30:27.800+08:00",52664,"",""
222638,"talon_(league_of_legends)","talon_(league)",52664,36574,"active","2026-06-24T01:30:10.176+08:00","2026-06-24T01:30:10.176+08:00",52664,"",""
222637,"taliyah","taliyah_(league)",52664,36574,"active","2026-06-24T01:29:40.134+08:00","2026-06-24T01:29:40.134+08:00",52664,"",""
222636,"tahm_kench","tahm_kench_(league)",52664,36574,"active","2026-06-24T01:29:32.444+08:00","2026-06-24T01:29:32.444+08:00",52664,"",""
222635,"syndra","syndra_(league)",52664,36574,"active","2026-06-24T01:28:56.467+08:00","2026-06-24T01:28:56.467+08:00",52664,"",""
222634,"sylas_(league_of_legends)","sylas_(league)",52664,36574,"active","2026-06-24T01:28:47.434+08:00","2026-06-24T01:28:47.434+08:00",52664,"",""
222633,"swain_(league_of_legends)","swain_(league)",52664,36574,"active","2026-06-24T01:28:35.935+08:00","2026-06-24T01:28:35.935+08:00",52664,"",""
222632,"soraka_(league_of_legends)","soraka_(league)",52664,36574,"active","2026-06-24T01:27:12.215+08:00","2026-06-24T01:27:12.215+08:00",52664,"",""
222631,"sona_(league_of_legends)","sona_(league)",52664,36574,"active","2026-06-24T01:25:00.717+08:00","2026-06-24T01:25:00.717+08:00",52664,"",""
222630,"smolder_(league_of_legends)","smolder_(league)",52664,36574,"active","2026-06-24T01:24:54.506+08:00","2026-06-24T01:24:54.506+08:00",52664,"",""
222629,"skarner","skarner_(league)",52664,36574,"active","2026-06-24T01:24:49.222+08:00","2026-06-24T01:24:49.222+08:00",52664,"",""
222628,"sivir","sivir_(league)",52664,36574,"active","2026-06-24T01:24:27.302+08:00","2026-06-24T01:24:27.302+08:00",52664,"",""
222627,"sion_(league_of_legends)","sion_(league)",52664,36574,"active","2026-06-24T01:24:19.041+08:00","2026-06-24T01:24:19.041+08:00",52664,"",""
222626,"shyvana","shyvana_(league)",52664,36574,"active","2026-06-24T01:23:46.159+08:00","2026-06-24T01:23:46.159+08:00",52664,"",""
222625,"shen_(league_of_legends)","shen_(league)",52664,36574,"active","2026-06-24T01:23:22.415+08:00","2026-06-24T01:23:22.415+08:00",52664,"",""
222624,"shaco","shaco_(league)",52664,36574,"active","2026-06-24T01:23:13.148+08:00","2026-06-24T01:23:13.148+08:00",52664,"",""
222623,"sett_(league_of_legends)","sett_(league)",52664,36574,"active","2026-06-24T01:22:20.286+08:00","2026-06-24T01:22:20.286+08:00",52664,"",""
222622,"seraphine_(league_of_legends)","seraphine_(league)",52664,36574,"active","2026-06-24T01:21:44.639+08:00","2026-06-24T01:21:44.639+08:00",52664,"",""
222621,"senna_(league_of_legends)","senna_(league)",52664,36574,"active","2026-06-24T01:21:33.354+08:00","2026-06-24T01:21:33.354+08:00",52664,"",""
222620,"sejuani","sejuani_(league)",52664,36574,"active","2026-06-24T01:21:24.022+08:00","2026-06-24T01:21:24.022+08:00",52664,"",""
222619,"samira","samira_(league)",52664,36574,"active","2026-06-24T01:21:12.438+08:00","2026-06-24T01:21:12.438+08:00",52664,"",""
222618,"ryze","ryze_(league)",52664,36574,"active","2026-06-24T01:21:05.689+08:00","2026-06-24T01:21:05.689+08:00",52664,"",""
222617,"rumble_(league_of_legends)","rumble_(league)",52664,36574,"active","2026-06-24T01:20:57.186+08:00","2026-06-24T01:20:57.186+08:00",52664,"",""
222616,"riven_(league_of_legends)","riven_(league)",52664,36574,"active","2026-06-24T01:19:43.050+08:00","2026-06-24T01:19:43.050+08:00",52664,"",""
222615,"rengar","rengar_(league)",52664,36574,"active","2026-06-24T01:19:28.052+08:00","2026-06-24T01:19:28.052+08:00",52664,"",""
222614,"renekton","renekton_(league)",52664,36574,"active","2026-06-24T01:19:17.456+08:00","2026-06-24T01:19:17.456+08:00",52664,"",""
222613,"renata_glasc","renata_glasc_(league)",52664,36574,"active","2026-06-24T01:19:11.450+08:00","2026-06-24T01:19:11.450+08:00",52664,"",""
222612,"rell_(league_of_legends)","rell_(league)",52664,36574,"active","2026-06-24T01:19:07.538+08:00","2026-06-24T01:19:07.538+08:00",52664,"",""
222611,"rek'sai","rek'sai_(league)",52664,36574,"active","2026-06-24T01:19:04.409+08:00","2026-06-24T01:19:04.409+08:00",52664,"",""
222610,"rammus","rammus_(league)",52664,36574,"active","2026-06-24T01:18:58.489+08:00","2026-06-24T01:18:58.489+08:00",52664,"",""
222609,"rakan_(league_of_legends)","rakan_(league)",52664,36574,"active","2026-06-24T01:18:38.861+08:00","2026-06-24T01:18:38.861+08:00",52664,"",""
222608,"quinn_(league_of_legends)","quinn_(league)",52664,36574,"active","2026-06-24T01:18:30.139+08:00","2026-06-24T01:18:30.139+08:00",52664,"",""
222607,"qiyana_(league_of_legends)","qiyana_(league)",52664,36574,"active","2026-06-24T01:17:58.975+08:00","2026-06-24T01:17:58.975+08:00",52664,"",""
222606,"pyke_(league_of_legends)","pyke_(league)",52664,36574,"active","2026-06-24T01:17:51.083+08:00","2026-06-24T01:17:51.083+08:00",52664,"",""
222526,"pan-chan_(pan_(pixiv41343614))","pan-chan_(promenade)",52664,7713,"active","2026-06-24T01:11:40.736+08:00","2026-06-24T01:11:40.736+08:00",52664,"",""
222520,"pooping_self","defecating_self",52664,36651,"active","2026-06-24T00:44:11.148+08:00","2026-06-24T00:44:11.148+08:00",52664,"",""
222519,"crapping_self","defecating_self",52664,36651,"active","2026-06-24T00:44:06.510+08:00","2026-06-24T00:44:06.510+08:00",52664,"",""
222512,"ntir","sogna_jin",52664,7713,"active","2026-06-24T00:39:25.173+08:00","2026-06-24T00:39:25.173+08:00",52664,"",""
222510,"saba_(pixiv_113143994)","6saba9",52664,7713,"active","2026-06-24T00:38:37.684+08:00","2026-06-24T00:38:37.684+08:00",52664,"",""
222508,"cinders","embers",52664,36667,"active","2026-06-24T00:29:19.024+08:00","2026-06-24T00:29:19.024+08:00",52664,"",""
222506,"inspector_zenigata","zenigata_kouichi",52664,30391,"active","2026-06-24T00:14:37.173+08:00","2026-06-24T00:14:37.173+08:00",52664,"",""
222504,"sasaki_rico_(voice_actor)","sasaki_rico",52664,36671,"active","2026-06-24T00:05:44.669+08:00","2026-06-24T00:05:44.669+08:00",52664,"",""
222502,"yuki_teto_(yukihane)","kasane_teto",52664,28271,"deleted","2026-06-23T23:37:49.902+08:00","2026-06-24T01:15:33.968+08:00",52664,"",""
222500,"the_questioning_statue_(arknights)","questioning_statue_(arknights)",52664,19647,"active","2026-06-23T23:37:00.807+08:00","2026-06-23T23:37:00.807+08:00",52664,"",""
222498,"xiaoheqing","shou_kazukiyo",932445,33148,"active","2026-06-23T23:10:32.049+08:00","2026-06-23T23:10:32.049+08:00",932445,"",""
222494,"eiengrayrat","eien_(eien_nerven)",1146403,33148,"active","2026-06-23T22:33:31.570+08:00","2026-06-23T22:33:31.570+08:00",1146403,"",""
222488,"xlvi4466","aoki_merimo",68250,33148,"active","2026-06-23T22:09:14.572+08:00","2026-06-23T22:09:14.572+08:00",68250,"",""
222487,"merimo","aoki_merimo",68250,33148,"active","2026-06-23T22:09:13.411+08:00","2026-06-23T22:09:13.411+08:00",68250,"",""
222486,"nocturne_(pixiv41691)","noku_(estampie)",68250,33148,"active","2026-06-23T22:09:11.194+08:00","2026-06-23T22:09:11.194+08:00",68250,"",""
222485,"bushinoko_2307","sadaichi_(kaibou_shukou)",68250,33148,"active","2026-06-23T22:09:09.322+08:00","2026-06-23T22:09:09.322+08:00",68250,"",""
222484,"pakkkkkkkkra","aoi_pakira",68250,33148,"active","2026-06-23T22:09:07.825+08:00","2026-06-23T22:09:07.825+08:00",68250,"",""
222483,"rome35793562","rome_(shiratama_house)",68250,33148,"active","2026-06-23T22:08:58.867+08:00","2026-06-23T22:08:58.867+08:00",68250,"",""
222482,"reireidog","rei_(reireidog)",68250,33148,"active","2026-06-23T22:08:57.265+08:00","2026-06-23T22:08:57.265+08:00",68250,"",""
222481,"zanne_nakami","nakami_zanne",68250,33148,"active","2026-06-23T22:08:55.694+08:00","2026-06-23T22:08:55.694+08:00",68250,"",""
222480,"aoi_sakaduki","sakaduki_aoi",68250,33148,"active","2026-06-23T22:08:54.288+08:00","2026-06-23T22:08:54.288+08:00",68250,"",""
222479,"aruminsuko","sabita_hagane_(aruminsuko)",68250,33148,"active","2026-06-23T22:08:48.865+08:00","2026-06-23T22:08:48.865+08:00",68250,"",""
222478,"hotatenojourney","hiza_hotate",68250,33148,"active","2026-06-23T22:08:46.789+08:00","2026-06-23T22:08:46.789+08:00",68250,"",""
222431,"chichuanchichuanchuan","kawatooo",1333332,7713,"active","2026-06-23T20:00:11.526+08:00","2026-06-23T20:00:11.526+08:00",1333332,"",""
222427,"chami_(charming621)","chami_lu",974737,33148,"active","2026-06-23T19:04:45.468+08:00","2026-06-23T19:04:45.468+08:00",974737,"",""
222421,"maricchi","maririn_illust",1333332,7713,"active","2026-06-23T18:06:43.195+08:00","2026-06-23T18:06:43.195+08:00",1333332,"",""
222417,"xiangxiang_noon","xiang_tui_tui",932445,33148,"active","2026-06-23T17:23:47.837+08:00","2026-06-23T17:23:47.837+08:00",932445,"",""
222413,"kitounokagayaki","mentaiko_jojotarou",109167,33148,"active","2026-06-23T17:16:57.244+08:00","2026-06-23T17:16:57.244+08:00",109167,"",""
222409,"qiusu15","qiususu",1316376,33148,"active","2026-06-23T16:13:41.387+08:00","2026-06-23T16:13:41.387+08:00",1316376,"",""
222405,"dailymiyanagi","fox_bun",1019938,33148,"active","2026-06-23T15:58:37.237+08:00","2026-06-23T15:58:37.237+08:00",1019938,"",""
222395,"tatjasng12","tatja_(tatjasng12)",781002,33148,"active","2026-06-23T08:43:53.573+08:00","2026-06-23T08:43:53.573+08:00",781002,"",""
222391,"annette_renard","annette_(castlevania)",52664,36662,"active","2026-06-23T07:22:44.837+08:00","2026-06-23T07:22:44.837+08:00",52664,"",""
222387,"tenma_maemi_(4th_costume)","tenma_maemi_(wrath)",52664,23520,"active","2026-06-23T06:58:14.551+08:00","2026-06-23T06:58:14.551+08:00",52664,"",""
222386,"fujikura_uruka_(4th_costume)","fujikura_uruka_(lust)",52664,23520,"active","2026-06-23T06:58:11.513+08:00","2026-06-23T06:58:11.513+08:00",52664,"",""
222385,"pipkin_pippa_(3rd_costume)","pipkin_pippa_(envy)",52664,23520,"active","2026-06-23T06:58:09.006+08:00","2026-06-23T06:58:09.006+08:00",52664,"",""
222384,"hakushika_iori_(2nd_costume)","hakushika_iori_(greed)",52664,23520,"deleted","2026-06-23T06:58:06.449+08:00","2026-08-31T23:50:43.252+08:00",52664,"",""
222383,"rinkou_ashelia_(5th_costume)","rinkou_ashelia_(pride)",52664,23520,"active","2026-06-23T06:58:02.202+08:00","2026-06-23T06:58:02.202+08:00",52664,"",""
222377,"iitaenn5","bleerghw",454016,33148,"active","2026-06-23T05:35:38.078+08:00","2026-06-23T05:35:38.078+08:00",454016,"",""
222376,"bleeehrghw","bleerghw",454016,33148,"active","2026-06-23T05:35:32.080+08:00","2026-06-23T05:35:32.080+08:00",454016,"",""
222364,"dark_halo","corrupted_halo",52664,36148,"active","2026-06-23T03:06:15.724+08:00","2026-06-23T03:06:15.724+08:00",52664,"",""
222357,"masshirolatte","pumpkinspicelatte",52664,33148,"active","2026-06-23T02:07:09.036+08:00","2026-06-23T02:07:09.036+08:00",52664,"",""
222355,"battle_girl_(pokemon_oras)","battle_girl_(pokemon_rse)",52664,36576,"active","2026-06-23T02:05:59.197+08:00","2026-06-23T02:05:59.197+08:00",52664,"",""
222327,"pinch_hold","pinch_grip",52664,36584,"active","2026-06-23T01:40:09.728+08:00","2026-06-23T01:40:09.728+08:00",52664,"",""
222325,"kitsunezuka-sensei","kozuka_inaho",52664,36660,"active","2026-06-23T01:34:51.261+08:00","2026-06-23T01:34:51.261+08:00",52664,"",""
222322,"ukrainian_vdv","ukrainian_air_assault_forces",52664,36629,"active","2026-06-23T01:20:19.185+08:00","2026-06-23T01:20:19.185+08:00",52664,"",""
222320,"soviet_airborne_troops","vdv",52664,36629,"active","2026-06-23T01:20:13.518+08:00","2026-06-23T01:20:13.518+08:00",52664,"",""
222319,"russian_airborne_troops","vdv",52664,36629,"active","2026-06-23T01:20:11.995+08:00","2026-06-23T01:20:11.995+08:00",52664,"",""
222316,"kakuchou_no_ou","kakuchou_no_okina",52664,36625,"active","2026-06-23T01:19:01.008+08:00","2026-06-23T01:19:01.008+08:00",52664,"",""
222314,"jin_jian","goldjan",718515,33148,"active","2026-06-22T23:28:23.026+08:00","2026-06-22T23:28:23.026+08:00",718515,"",""
222310,"kk_o626","disney_o626",1307628,33148,"active","2026-06-22T21:34:41.215+08:00","2026-06-22T21:34:41.215+08:00",1307628,"",""
222304,"nikukyu_(ehus4333)","shinima",759947,33148,"active","2026-06-22T18:56:20.956+08:00","2026-06-22T18:56:20.956+08:00",759947,"",""
222300,"manasens","mana_(manasenshou)",496027,33148,"active","2026-06-22T18:02:20.917+08:00","2026-06-22T18:02:20.917+08:00",496027,"",""
222296,"user_jenv8534","fist_(pixiv_28257580)",718515,33148,"active","2026-06-22T17:30:58.034+08:00","2026-06-22T17:30:58.034+08:00",718515,"",""
222292,"akina_(cspsmac31126)","akina_mochi",1343385,33148,"active","2026-06-22T15:42:03.907+08:00","2026-06-22T15:42:03.907+08:00",1343385,"",""
222284,"jpawlik","jey_pawlik",1333332,7713,"active","2026-06-22T15:33:13.900+08:00","2026-06-22T15:33:13.900+08:00",1333332,"",""
222282,"mohu_animal","niconico_oheso",1207978,33148,"active","2026-06-22T15:26:40.772+08:00","2026-06-22T15:26:40.772+08:00",1207978,"",""
222274,"rhg_g","rhg",786316,33148,"active","2026-06-22T13:47:54.674+08:00","2026-06-22T13:47:54.674+08:00",786316,"",""
222268,"user_tjns5235","molutalu",103979,33148,"active","2026-06-22T12:05:53.619+08:00","2026-06-22T12:05:53.619+08:00",103979,"",""
222264,"user_ngkf3843","mikihiko2000",1079719,33148,"active","2026-06-22T11:27:22.502+08:00","2026-06-22T11:27:22.502+08:00",1079719,"",""
222260,"tendin","tenosynovitis",438160,7713,"active","2026-06-22T09:55:02.571+08:00","2026-06-22T09:55:02.571+08:00",438160,"",""
222256,"huge_thighs","thick_thighs",52664,25853,"active","2026-06-22T09:07:06.195+08:00","2026-06-22T09:07:06.195+08:00",52664,"",""
222252,"pocky-hocky","llimdot",1444817,33148,"active","2026-06-22T06:27:00.161+08:00","2026-06-22T06:27:00.161+08:00",1444817,"",""
222244,"user_rkzh8838","yuri_tw",1333332,33148,"active","2026-06-22T02:45:02.668+08:00","2026-06-22T02:45:02.668+08:00",1333332,"",""
222240,"double_breast_sucking","cooperative_breast_sucking",52664,36581,"active","2026-06-22T02:36:43.993+08:00","2026-06-22T02:36:43.993+08:00",52664,"",""
222238,"avgn_dancing_dot_mov","avgn_dancing_dot_mov_(meme)",52664,19634,"active","2026-06-22T02:27:53.819+08:00","2026-06-22T02:27:53.819+08:00",52664,"",""
222236,"shinji's_fapping_hand_(meme)","i'm_so_fucked_up_(meme)",52664,36617,"active","2026-06-22T01:24:31.961+08:00","2026-06-22T01:24:31.961+08:00",52664,"",""
222234,"bokchipunch","dghd",438848,33148,"active","2026-06-22T01:18:35.477+08:00","2026-06-22T01:18:35.477+08:00",438848,"",""
222230,"junako","sakazaki_yoko",68250,33148,"active","2026-06-22T00:53:30.866+08:00","2026-06-22T00:53:30.866+08:00",68250,"",""
222224,"sarah_(obsession)","sarah_harper",52664,36610,"active","2026-06-21T23:58:07.002+08:00","2026-06-21T23:58:07.002+08:00",52664,"",""
222223,"bear_(obsession)","bear_bailey",52664,36610,"active","2026-06-21T23:58:04.859+08:00","2026-06-21T23:58:04.859+08:00",52664,"",""
222222,"nikki_(obsession)","nikki_freeman",52664,36610,"active","2026-06-21T23:58:00.237+08:00","2026-06-21T23:58:00.237+08:00",52664,"",""
222218,"toujou_tsukasa_(lachrymose_lament)","tojo_tsukasa_(lachrymose_lament)",52664,34902,"active","2026-06-21T23:53:17.699+08:00","2026-06-21T23:53:17.699+08:00",52664,"",""
222217,"toujou_tsukasa_(bunny_fight_deviation)","tojo_tsukasa_(bunny_fight_deviation)",52664,34902,"active","2026-06-21T23:53:07.548+08:00","2026-06-21T23:53:07.548+08:00",52664,"",""
222216,"toujou_tsukasa_(secret_service's_silencer)","tojo_tsukasa_(secret_service's_silencer)",52664,34902,"active","2026-06-21T23:53:02.063+08:00","2026-06-21T23:53:02.063+08:00",52664,"",""
222215,"toujou_tsukasa_(midsummer_prayer)","tojo_tsukasa_(midsummer_prayer)",52664,34902,"active","2026-06-21T23:52:53.944+08:00","2026-06-21T23:52:53.944+08:00",52664,"",""
222214,"toujou_tsukasa_(a_breath_of_air)","tojo_tsukasa_(a_breath_of_air)",52664,34902,"active","2026-06-21T23:52:51.232+08:00","2026-06-21T23:52:51.232+08:00",52664,"",""
222213,"toujou_tsukasa","tojo_tsukasa",52664,34902,"active","2026-06-21T23:51:40.488+08:00","2026-06-21T23:51:40.488+08:00",52664,"",""
222206,"sheet_bite","biting_sheet",52664,36633,"active","2026-06-21T23:48:43.619+08:00","2026-06-21T23:48:43.619+08:00",52664,"",""
222204,"lawless_zone_mercenary_(wuthering_waves)","lynae_(mercenary)_(wuthering_waves)",52664,27205,"active","2026-06-21T23:42:34.069+08:00","2026-06-21T23:42:34.069+08:00",52664,"",""
222198,"atikiotaku","achiki",52664,7713,"active","2026-06-21T23:10:19.998+08:00","2026-06-21T23:10:19.998+08:00",52664,"",""
222196,"jikuno","kunoo_(kuno_on)",52664,7713,"active","2026-06-21T23:09:40.437+08:00","2026-06-21T23:09:40.437+08:00",52664,"",""
222194,"rureeeeeeee8","riru_(rurerure26)",68250,33148,"active","2026-06-21T22:48:40.077+08:00","2026-06-21T22:48:40.077+08:00",68250,"",""
222193,"ha_ru_ta_38","haruno_haruta_(ha_ru_ta_38)",68250,33148,"active","2026-06-21T22:48:38.584+08:00","2026-06-21T22:48:38.584+08:00",68250,"",""
222192,"shinotsuki6","tachi_(upaaaa01)",68250,33148,"active","2026-06-21T22:48:23.331+08:00","2026-06-21T22:48:23.331+08:00",68250,"",""
222191,"rosa26rana","hatamu_rosa",68250,33148,"active","2026-06-21T22:48:21.642+08:00","2026-06-21T22:48:21.642+08:00",68250,"",""
222190,"komai_px","shikiho_(inakura)",68250,33148,"active","2026-06-21T22:48:20.162+08:00","2026-06-21T22:48:20.162+08:00",68250,"",""
222189,"mugi_(iccomae)","namamugi_(yuroom)",68250,33148,"active","2026-06-21T22:48:12.384+08:00","2026-06-21T22:48:12.384+08:00",68250,"",""
222188,"miyanishi_gessui","sawayama_mori",68250,33148,"active","2026-06-21T22:48:10.715+08:00","2026-06-21T22:48:10.715+08:00",68250,"",""
222166,"yodare_desu","daredattakke",433258,33148,"active","2026-06-21T22:44:07.968+08:00","2026-06-21T22:44:07.968+08:00",433258,"",""
222162,"titslove1127","ashigaru_(user_hxny5254)",433258,33148,"active","2026-06-21T21:57:27.370+08:00","2026-06-21T21:57:27.370+08:00",433258,"",""
222158,"gnoxiinguyen","geni_ymk",433258,33148,"active","2026-06-21T19:18:10.179+08:00","2026-06-21T19:18:10.179+08:00",433258,"",""
222152,"0120_lot","azuma_(magi-inazuma)",1333332,7713,"active","2026-06-21T15:35:09.808+08:00","2026-06-21T15:35:09.808+08:00",1333332,"",""
222150,"chu_men_wang_dai_san","weishengshu_eko",983878,33148,"active","2026-06-21T14:57:09.033+08:00","2026-06-21T14:57:09.033+08:00",983878,"",""
222146,"boli_shuimian","makka_potato",983878,33148,"active","2026-06-21T14:48:16.423+08:00","2026-06-21T14:48:16.423+08:00",983878,"",""
222138,"motu_wangchuan","motuwangchuan",786597,33148,"active","2026-06-21T06:35:13.308+08:00","2026-06-21T06:35:13.308+08:00",786597,"",""
222134,"skarameru","karameru_sarami",68250,33148,"active","2026-06-21T05:29:21.875+08:00","2026-06-21T05:29:21.875+08:00",68250,"",""
222133,"kuroa_(kuroan)","karameru_sarami",68250,33148,"active","2026-06-21T05:29:19.118+08:00","2026-06-21T05:29:19.118+08:00",68250,"",""
222132,"yuzunohiganisle","yuzuno_(higanisle)",68250,33148,"active","2026-06-21T05:29:16.592+08:00","2026-06-21T05:29:16.592+08:00",68250,"",""
222131,"komagusa","komakusa_(07770)",68250,33148,"active","2026-06-21T05:29:06.687+08:00","2026-06-21T05:29:06.687+08:00",68250,"",""
222130,"manabu_yashiro","yashiro_manabu",68250,33148,"active","2026-06-21T05:29:00.883+08:00","2026-06-21T05:29:00.883+08:00",68250,"",""
222129,"comachi_o0","ameko_(comachi_o0)",68250,33148,"active","2026-06-21T05:28:54.134+08:00","2026-06-21T05:28:54.134+08:00",68250,"",""
222128,"usapon0424","upa._(usapon0424)",68250,33148,"active","2026-06-21T05:28:49.026+08:00","2026-06-21T05:28:49.026+08:00",68250,"",""
222127,"usapon_(artist)","usagami_yuu_(lucky_meteor)",68250,33148,"active","2026-06-21T05:28:47.405+08:00","2026-06-21T05:28:47.405+08:00",68250,"",""
222102,"katsuki_yuuri","katsuki_yuri",85307,36068,"active","2026-06-21T04:56:29.585+08:00","2026-06-21T04:56:29.585+08:00",85307,"",""
222100,"esassani_(petit_planet)","elsasani_(petit_planet)",85307,36606,"active","2026-06-21T04:55:26.185+08:00","2026-06-21T04:55:26.185+08:00",85307,"",""
222098,"sigrid_(zenless_zone_zero)","sigrid_de_l'azur",85307,36628,"active","2026-06-21T04:52:54.821+08:00","2026-06-21T04:52:54.821+08:00",85307,"",""
222092,"meguri_gatari","katari_tyamama",433258,33148,"active","2026-06-21T03:04:41.061+08:00","2026-06-21T03:04:41.061+08:00",433258,"",""
222088,"xsatanielx","xsajenx",433258,33148,"active","2026-06-21T02:57:10.687+08:00","2026-06-21T02:57:10.687+08:00",433258,"",""
222078,"with_(semokan)","semokan",968506,7713,"active","2026-06-20T22:14:42.104+08:00","2026-06-20T22:14:42.104+08:00",968506,"",""
222072,"john31533733105","rutherforidium",764362,33148,"active","2026-06-20T20:27:00.614+08:00","2026-06-20T20:27:00.614+08:00",764362,"",""
222068,"amatsu_rai","amatsu_rairai",68250,33148,"active","2026-06-20T20:10:40.604+08:00","2026-06-20T20:10:40.604+08:00",68250,"",""
222067,"ash1ra94o0","piasu_(piranha-shirasu)",68250,33148,"active","2026-06-20T20:10:39.413+08:00","2026-06-20T20:10:39.413+08:00",68250,"",""
222066,"nemuritaa","manase_ui_(nemurita_no_kuni)",68250,33148,"active","2026-06-20T20:10:36.827+08:00","2026-06-20T20:10:36.827+08:00",68250,"",""
222049,"user_pesg8385","xiao_xiaolong",718515,7713,"active","2026-06-20T17:34:00.950+08:00","2026-06-20T17:34:00.950+08:00",718515,"",""
222045,"sylphy","sylphy_(user_nngk5244)",1333332,7713,"deleted","2026-06-20T15:35:26.853+08:00","2026-06-21T23:44:08.750+08:00",1333332,"",""
222019,"langhua","wu_di_de_mao",1193111,33148,"active","2026-06-20T11:31:13.805+08:00","2026-06-20T11:31:13.805+08:00",1193111,"",""
222013,"whiteknot","blackhook",718515,33148,"active","2026-06-20T08:40:41.514+08:00","2026-06-20T08:40:41.514+08:00",718515,"",""
221643,"vee_(mijudraws)","mijudraws",433258,33148,"active","2026-06-20T07:27:58.121+08:00","2026-06-20T07:27:58.121+08:00",433258,"",""
221639,"sylphy_(user_nngk5244)","sylphy",1084933,7713,"deleted","2026-06-20T05:53:34.879+08:00","2026-06-20T15:35:26.861+08:00",1084933,"",""
221635,"yuugo_(pokemon)","yugo_(pokemon)",85307,21955,"active","2026-06-20T05:19:57.619+08:00","2026-06-20T05:19:57.619+08:00",85307,"",""
221625,"ochatenchan","tenchan_080515",1191549,33148,"active","2026-06-19T23:36:15.590+08:00","2026-06-19T23:36:15.590+08:00",1191549,"",""
221617,"kiko","si_yue_niao",433258,33148,"active","2026-06-19T18:19:47.691+08:00","2026-06-19T18:19:47.691+08:00",433258,"",""
221613,"tuetu_tu","hiirou_em",433258,33148,"active","2026-06-19T17:53:22.430+08:00","2026-06-19T17:53:22.430+08:00",433258,"",""
221609,"lavadiol","chokopaii",1333332,7713,"active","2026-06-19T15:26:01.887+08:00","2026-06-19T15:26:01.887+08:00",1333332,"",""
221607,"zhthktk","soikov",1333332,7713,"active","2026-06-19T15:18:39.868+08:00","2026-06-19T15:18:39.868+08:00",1333332,"",""
221605,"eye_(mememem)","gar_(gagaga_honpo)",475832,33148,"active","2026-06-19T14:00:42.784+08:00","2026-06-19T14:00:42.784+08:00",475832,"",""
221599,"kyohi_18","hhiikyo",1123578,33148,"active","2026-06-19T12:53:01.307+08:00","2026-06-19T12:53:01.307+08:00",1123578,"",""
221595,"kvxxx97buj10031","ise_corridor",109167,33148,"active","2026-06-19T12:51:55.043+08:00","2026-06-19T12:51:55.043+08:00",109167,"",""
221593,"hoshinokami","hootaru_u",1352409,33148,"active","2026-06-19T12:48:01.937+08:00","2026-06-19T12:48:01.937+08:00",1352409,"",""
221583,"oboroduki_leo","todoreiya",974737,7713,"active","2026-06-19T11:24:57.438+08:00","2026-06-19T11:24:57.438+08:00",974737,"",""
221581,"imoimoimori_ura","ekakikakigouki",974737,7713,"active","2026-06-19T11:23:17.670+08:00","2026-06-19T11:23:17.670+08:00",974737,"",""
221571,"syouyu1l","tainoe",103979,33148,"active","2026-06-19T08:44:40.465+08:00","2026-06-19T08:44:40.465+08:00",103979,"",""
221565,"puruta","nonoura0012",433258,33148,"active","2026-06-19T08:01:59.801+08:00","2026-06-19T08:01:59.801+08:00",433258,"",""
221559,"free_kuyu","keppon",770126,33148,"active","2026-06-19T06:11:55.682+08:00","2026-06-19T06:11:55.682+08:00",770126,"",""
221558,"jjba_kk","keppon",770126,33148,"active","2026-06-19T06:11:51.591+08:00","2026-06-19T06:11:51.591+08:00",770126,"",""
221549,"amaterasu_(artist)","amaterasuchan",103979,33148,"active","2026-06-19T04:14:10.826+08:00","2026-06-19T04:14:10.826+08:00",103979,"",""
221512,"smoxul","smozuru",1333332,7713,"active","2026-06-19T01:50:35.755+08:00","2026-06-19T01:50:35.755+08:00",1333332,"",""
221510,"ajsjm140648","ghost_villager",1333332,7713,"active","2026-06-19T01:50:07.778+08:00","2026-06-19T01:50:07.778+08:00",1333332,"",""
221508,"caryolite","52043912",895489,33148,"active","2026-06-19T01:13:08.983+08:00","2026-06-19T01:13:08.983+08:00",895489,"",""
221500,"aisafied","aisatsaa",433258,33148,"active","2026-06-19T00:35:57.125+08:00","2026-06-19T00:35:57.125+08:00",433258,"",""
221492,"gijiyoka","sorashikomi",433258,33148,"active","2026-06-18T22:12:49.559+08:00","2026-06-18T22:12:49.559+08:00",433258,"",""
221488,"1091081634","saiba_potato",718515,33148,"active","2026-06-18T15:19:33.444+08:00","2026-06-18T15:19:33.444+08:00",718515,"",""
221484,"hazesejso","suanxing_wu_mai",932445,33148,"active","2026-06-18T14:59:41.487+08:00","2026-06-18T14:59:41.487+08:00",932445,"",""
221480,"check_hairstyle","hairstyle_request",508240,28283,"active","2026-06-18T14:58:45.551+08:00","2026-06-18T14:58:45.551+08:00",508240,"",""
221479,"check_background","background_request",508240,28283,"active","2026-06-18T14:58:42.784+08:00","2026-06-18T14:58:42.784+08:00",508240,"",""
221478,"check_instrument","instrument_request",508240,28283,"active","2026-06-18T14:58:40.288+08:00","2026-06-18T14:58:40.288+08:00",508240,"",""
221477,"check_mecha","mecha_request",508240,28283,"active","2026-06-18T14:58:33.183+08:00","2026-06-18T14:58:33.183+08:00",508240,"",""
221476,"check_object","object_request",508240,28283,"active","2026-06-18T14:58:28.237+08:00","2026-06-18T14:58:28.237+08:00",508240,"",""
221456,"mari_(beta_design)_(blue_archive)","mari_(old_design)_(blue_archive)",508240,36261,"active","2026-06-18T13:50:52.696+08:00","2026-06-18T13:50:52.696+08:00",508240,"",""
221455,"vinoker_mari_(blue_archive)_(vinoker)","mari_(old_design)_(blue_archive)",508240,36261,"active","2026-06-18T13:50:48.301+08:00","2026-06-18T13:50:48.301+08:00",508240,"",""
221447,"no-zp","noam1393",508240,7713,"active","2026-06-18T13:46:10.510+08:00","2026-06-18T13:46:10.510+08:00",508240,"",""
221445,"kawashina_(momen_silicon)","kahasina_(moment_silicon)",508240,7713,"active","2026-06-18T13:45:39.241+08:00","2026-06-18T13:45:39.241+08:00",508240,"",""
221443,"beyond_the_wishes_(idolmaster)","hoshii_miki_(beyond_the_wishes)",508240,33322,"active","2026-06-18T13:42:47.602+08:00","2026-06-18T13:42:47.602+08:00",508240,"",""
221442,"beyond_the_vibes_(idolmaster)","ganaha_hibiki_(beyond_the_vibes)",508240,33322,"active","2026-06-18T13:42:25.805+08:00","2026-06-18T13:42:25.805+08:00",508240,"",""
221441,"beyond_the_nobles_(idolmaster)","shijou_takane_(beyond_the_nobles)",508240,33322,"active","2026-06-18T13:41:53.865+08:00","2026-06-18T13:41:53.865+08:00",508240,"",""
221434,"over_myself_(idolmaster)","shibuya_rin_(over_myself)",508240,33322,"active","2026-06-18T13:41:26.834+08:00","2026-06-18T13:41:26.834+08:00",508240,"",""
221433,"pure_valentine_(idolmaster)","shibuya_rin_(pure_valentine)",508240,33322,"active","2026-06-18T13:41:21.676+08:00","2026-06-18T13:41:21.676+08:00",508240,"",""
221432,"eternal_bloom_(idolmaster)","shibuya_rin_(eternal_bloom)",508240,33322,"active","2026-06-18T13:41:13.512+08:00","2026-06-18T13:41:13.512+08:00",508240,"",""
221431,"charisma_gyaru_(idolmaster)","jougasaki_mika_(charisma_gyaru)",508240,33322,"active","2026-06-18T13:41:02.403+08:00","2026-06-18T13:41:02.403+08:00",508240,"",""
221424,"gyokuto_b","pellet_(azuregm_16)",590709,33148,"active","2026-06-18T12:49:16.555+08:00","2026-06-18T12:49:16.555+08:00",590709,"",""
221420,"utsuke","tawaketch",932445,33148,"active","2026-06-18T12:47:53.108+08:00","2026-06-18T12:47:53.108+08:00",932445,"",""
221416,"sa1hr","kuraudoberi",932445,33148,"active","2026-06-18T11:42:11.298+08:00","2026-06-18T11:42:11.298+08:00",932445,"",""
221412,"cielink_peach","cielink_star",523452,7713,"active","2026-06-18T11:35:58.865+08:00","2026-06-18T11:35:58.865+08:00",523452,"",""
221404,"kiring_(pixiv_69139213)","kiring_xox",1123578,33148,"active","2026-06-18T10:51:43.049+08:00","2026-06-18T10:51:43.049+08:00",1123578,"",""
221400,"pearl_(gemstone)","pearl",85307,36034,"active","2026-06-18T09:54:57.025+08:00","2026-06-18T09:54:57.025+08:00",85307,"",""
221398,"lvya13","lvy_1415",1350155,33148,"active","2026-06-18T09:21:07.351+08:00","2026-06-18T09:21:07.351+08:00",1350155,"",""
221392,"a479098236","dahuangnnds",1182530,33148,"active","2026-06-18T05:08:55.806+08:00","2026-06-18T05:08:55.806+08:00",1182530,"",""
221386,"shishanhecaomushi","dayeye",1053497,33148,"active","2026-06-18T04:39:47.726+08:00","2026-06-18T04:39:47.726+08:00",1053497,"",""
221382,"maoli39832","liwendala",103979,33148,"active","2026-06-18T04:37:14.043+08:00","2026-06-18T04:37:14.043+08:00",103979,"",""
221378,"stealing_underwear","underwear_theft",52664,36587,"active","2026-06-18T03:02:22.539+08:00","2026-06-18T03:02:22.539+08:00",52664,"",""
221377,"stealing_towel","towel_theft",52664,36587,"active","2026-06-18T03:02:17.065+08:00","2026-06-18T03:02:17.065+08:00",52664,"",""
221376,"stealing_swimsuit","swimsuit_theft",52664,36587,"active","2026-06-18T03:02:14.684+08:00","2026-06-18T03:02:14.684+08:00",52664,"",""
221372,"stealing_clothes","clothes_theft",52664,36587,"active","2026-06-18T03:02:08.480+08:00","2026-06-18T03:02:08.480+08:00",52664,"",""
221370,"19_days","19_tian",52664,16840,"active","2026-06-18T02:48:33.114+08:00","2026-06-18T02:48:33.114+08:00",52664,"",""
221368,"trash_of_the_count's_family","lout_of_count's_family",52664,36491,"active","2026-06-18T02:48:11.666+08:00","2026-06-18T02:48:11.666+08:00",52664,"",""
221362,"hentai-chan_ex","hentai-chan_(egg_oshiri)",1333332,33148,"active","2026-06-18T00:55:43.132+08:00","2026-06-18T00:55:43.132+08:00",1333332,"",""
221360,"bun_(donburi)","lilia_lunaria_(donburi)",85307,36590,"active","2026-06-18T00:42:29.211+08:00","2026-06-18T00:42:29.211+08:00",85307,"",""
221354,"o0oruvio0o","pspskkyuil11",623273,33148,"active","2026-06-17T23:26:17.560+08:00","2026-06-17T23:26:17.560+08:00",623273,"",""
221348,"khalcifieron","ciphiel",1051003,33148,"active","2026-06-17T18:07:56.070+08:00","2026-06-17T18:07:56.070+08:00",1051003,"",""
221347,"khalafterdark","ciphiel",1051003,33148,"active","2026-06-17T18:07:54.492+08:00","2026-06-17T18:07:54.492+08:00",1051003,"",""
221338,"brightmoon_alt","brightmoon_arts",1333332,33148,"active","2026-06-17T15:38:42.803+08:00","2026-06-17T15:38:42.803+08:00",1333332,"",""
221334,"alphaart","arcachii",718515,33148,"active","2026-06-17T15:01:32.171+08:00","2026-06-17T15:01:32.171+08:00",718515,"",""
221330,"a_zaka","azaka_(rionrita)",109167,33148,"active","2026-06-17T13:13:20.742+08:00","2026-06-17T13:13:20.742+08:00",109167,"",""
221326,"hao_wu_yuanyan","wo_you_haoduo_yuanyan",932445,33148,"active","2026-06-17T12:23:07.255+08:00","2026-06-17T12:23:07.255+08:00",932445,"",""
221320,"happy_candy_ooo","moyataso",556219,33148,"active","2026-06-17T10:49:39.702+08:00","2026-06-17T10:49:39.702+08:00",556219,"",""
221286,"cloudonwheels","scrimblocrimbo",280788,33148,"deleted","2026-06-17T05:54:46.147+08:00","2026-06-23T08:07:28.153+08:00",280788,"",""
221282,"mmky8017","yuu_moo00",433258,33148,"active","2026-06-17T02:49:38.714+08:00","2026-06-17T02:49:38.714+08:00",433258,"",""
221278,"low-tied_hair_ring","low-tied_hair_rings",52664,36497,"active","2026-06-17T02:23:49.545+08:00","2026-06-17T02:23:49.545+08:00",52664,"",""
221276,"chigomage","feixianji_(hairstyle)",52664,36430,"active","2026-06-17T02:18:55.665+08:00","2026-06-17T02:18:55.665+08:00",52664,"",""
221272,"octopus_sausage_earrings","tako-san_wiener_earrings",52664,36538,"active","2026-06-17T01:50:48.206+08:00","2026-06-17T01:50:48.206+08:00",52664,"",""
221270,"ripcord","pull_cord",52664,36541,"active","2026-06-17T01:46:14.715+08:00","2026-06-17T01:46:14.715+08:00",52664,"",""
221268,"pull_string","pull_cord",52664,36541,"active","2026-06-17T01:46:09.752+08:00","2026-06-17T01:46:09.752+08:00",52664,"",""
221266,"makhohi","rick_parsa",1352409,33148,"active","2026-06-17T01:35:02.924+08:00","2026-06-17T01:35:02.924+08:00",1352409,"",""
221262,"cyber_elf_(mega_man)","cyber-elf_(mega_man)",52664,26438,"active","2026-06-17T01:25:05.653+08:00","2026-06-17T01:25:05.653+08:00",52664,"",""
221261,"cyber_elf_x_(mega_man)","cyber-elf_x_(mega_man)",52664,26438,"active","2026-06-17T01:24:45.029+08:00","2026-06-17T01:24:45.029+08:00",52664,"",""
221258,"kbk191616","r_qr",1210048,33148,"active","2026-06-17T00:42:14.227+08:00","2026-06-17T00:42:14.227+08:00",1210048,"",""
221254,"holding_disembodied_head","holding_detached_head",52664,27720,"active","2026-06-17T00:35:25.744+08:00","2026-06-17T00:35:25.744+08:00",52664,"",""
221252,"sword_background","weapon_background",52664,36573,"active","2026-06-17T00:11:34.518+08:00","2026-06-17T00:11:34.518+08:00",52664,"",""
221250,"mamemo_baka","seele_(chanseele0128)",52664,33148,"active","2026-06-17T00:09:12.852+08:00","2026-06-17T00:09:12.852+08:00",52664,"",""
221248,"yukii","cireyukii",433258,33148,"active","2026-06-16T23:15:53.524+08:00","2026-06-16T23:15:53.524+08:00",433258,"",""
221244,"cyrene_(nylon_japan)_(honkai:_star_rail)","cyrene_(demiurge)_(wonderful_holiday)_(honkai:_star_rail)",52664,24117,"active","2026-06-16T22:57:49.009+08:00","2026-08-23T00:36:37.897+08:00",52664,"",""
221243,"phainon_(luckin_coffee)_(honkai:_star_rail)","phainon_(express_travel)_(honkai:_star_rail)",52664,24117,"active","2026-06-16T22:57:12.676+08:00","2026-06-16T22:57:12.676+08:00",52664,"",""
221240,"sen'nen-chan","1000-nen-chan",52664,36577,"active","2026-06-16T22:55:49.801+08:00","2026-06-16T22:55:49.801+08:00",52664,"",""
221239,"iki_(iyowa)","1000-nen-chan",52664,36577,"active","2026-06-16T22:55:38.723+08:00","2026-06-16T22:55:38.723+08:00",52664,"",""
221233,"libero_art","libero_art_studio",1182530,33148,"active","2026-06-16T19:46:34.414+08:00","2026-06-16T19:46:34.414+08:00",1182530,"",""
221229,"salteemojo","saucymojo",1333332,33148,"active","2026-06-16T19:40:12.561+08:00","2026-06-16T19:40:12.561+08:00",1333332,"",""
221227,"boczitok","toki_(yoyobozi)",1333332,7713,"active","2026-06-16T19:36:20.812+08:00","2026-06-16T19:36:20.812+08:00",1333332,"",""
221225,"cocodavie","davierrr",1333332,7713,"active","2026-06-16T19:35:26.485+08:00","2026-06-16T19:35:26.485+08:00",1333332,"",""
221217,"kurama_teru","uiro_tori",454016,33148,"active","2026-06-16T16:16:56.487+08:00","2026-06-16T16:16:56.487+08:00",454016,"",""
221213,"kira416","ju_zi_gan",932445,33148,"active","2026-06-16T14:56:49.514+08:00","2026-06-16T14:56:49.514+08:00",932445,"",""
221205,"40436120","yongjo",103979,33148,"active","2026-06-16T14:40:36.937+08:00","2026-06-16T14:40:36.937+08:00",103979,"",""
221201,"bluerabi9","rabi9",103979,33148,"active","2026-06-16T13:10:33.311+08:00","2026-06-16T13:10:33.311+08:00",103979,"",""
221188,"luo_tian_er","luotianer",718515,33148,"active","2026-06-16T11:57:01.689+08:00","2026-06-16T11:57:01.689+08:00",718515,"",""
221184,"xian_luobu_ou_jiehun_bot","spottedrose",1193963,33148,"active","2026-06-16T11:22:44.172+08:00","2026-06-16T11:22:44.172+08:00",1193963,"",""
221178,"holding_lightstick","holding_glowstick",52664,36548,"active","2026-06-16T08:32:57.996+08:00","2026-06-16T08:32:57.996+08:00",52664,"",""
221177,"lightstick","glowstick",52664,36548,"active","2026-06-16T08:32:46.010+08:00","2026-06-16T08:32:46.010+08:00",52664,"",""
221174,"totk","the_legend_of_zelda:_tears_of_the_kingdom",52664,36551,"active","2026-06-16T08:25:16.867+08:00","2026-06-16T08:25:16.867+08:00",52664,"",""
221173,"botw","the_legend_of_zelda:_breath_of_the_wild",52664,36551,"active","2026-06-16T08:25:15.547+08:00","2026-06-16T08:25:15.547+08:00",52664,"",""
221170,"god_of_war","god_of_war_(series)",52664,36549,"deleted","2026-06-16T08:24:21.599+08:00","2026-06-16T08:24:40.717+08:00",52664,"",""
221168,"wakigyoa","a5_s1ze",776439,7713,"active","2026-06-16T08:05:20.168+08:00","2026-06-16T08:05:20.168+08:00",776439,"",""
221164,"dotekon","a5_s1ze",776439,7713,"active","2026-06-16T08:04:10.184+08:00","2026-06-16T08:04:10.184+08:00",776439,"",""
220992,"harezora_lueur","hiyashi_macaron",433258,33148,"active","2026-06-16T04:29:12.663+08:00","2026-06-16T04:29:12.663+08:00",433258,"",""
220988,"chocura99","chocura",103979,33148,"active","2026-06-16T04:26:42.645+08:00","2026-06-16T04:26:42.645+08:00",103979,"",""
220984,"felixxip","felix_ip",433258,33148,"active","2026-06-16T04:20:50.014+08:00","2026-06-16T04:20:50.014+08:00",433258,"",""
220978,"memenmomo","gasyou_(maniax_graphix)",68250,33148,"active","2026-06-16T03:54:33.137+08:00","2026-06-16T03:54:33.137+08:00",68250,"",""
220972,"terekyasuta","kosake_(shutou_chop)",68250,33148,"active","2026-06-16T03:50:49.567+08:00","2026-06-16T03:50:49.567+08:00",68250,"",""
220968,"tenko_(winged_assessin)","azunyart",483328,7713,"active","2026-06-16T01:05:23.200+08:00","2026-06-16T01:05:23.200+08:00",483328,"",""
220964,"zsr3b9gzee9881","ikaraimu",974737,33148,"active","2026-06-15T22:42:38.442+08:00","2026-06-15T22:42:38.442+08:00",974737,"",""
220960,"o1o4_aa","ame_(a_10ii)",1561614,33148,"active","2026-06-15T22:18:55.590+08:00","2026-06-15T22:18:55.590+08:00",1561614,"",""
220956,"nonomori","milkya",623273,33148,"active","2026-06-15T21:56:57.903+08:00","2026-06-15T21:56:57.903+08:00",623273,"",""
220952,"user_ppth8354","624_itumo",1054326,33148,"active","2026-06-15T21:20:44.974+08:00","2026-06-15T21:20:44.974+08:00",1054326,"",""
220948,"2fw16","namelessletter",474329,7713,"active","2026-06-15T19:14:40.396+08:00","2026-06-15T19:14:40.396+08:00",474329,"",""
220942,"nun0n0","nodzim",49091,33148,"active","2026-06-15T16:55:15.591+08:00","2026-06-15T16:55:15.591+08:00",49091,"",""
220938,"cerb0980","hikuchi",556219,33148,"active","2026-06-15T14:29:51.050+08:00","2026-06-15T14:29:51.050+08:00",556219,"",""
220934,"darkpii","darkpi_(sekzpeodgeodjg)",1329542,33148,"active","2026-06-15T13:24:31.681+08:00","2026-06-15T13:24:31.681+08:00",1329542,"",""
220930,"harunako","harunako_(hrnk0420)",68250,33148,"active","2026-06-15T12:37:48.389+08:00","2026-06-15T12:37:48.389+08:00",68250,"",""
220929,"nanaharu_(0420)","harunako_(hrnk0420)",68250,33148,"active","2026-06-15T12:37:46.124+08:00","2026-06-15T12:37:46.124+08:00",68250,"",""
220922,"dapx","dapdap14",718515,33148,"active","2026-06-15T11:42:33.035+08:00","2026-06-15T11:42:33.035+08:00",718515,"",""
220918,"c.s._terzo_(chstrangelll)","c.s._terzo",718515,33148,"active","2026-06-15T10:43:48.232+08:00","2026-06-15T10:43:48.232+08:00",718515,"",""
220914,"duckmo","moduckdiu",433258,33148,"active","2026-06-15T07:26:29.046+08:00","2026-06-15T07:26:29.046+08:00",433258,"",""
220908,"dinwoon","ppyono",433258,33148,"active","2026-06-15T07:07:20.970+08:00","2026-06-15T07:07:20.970+08:00",433258,"",""
220904,"lettuce_retas","lettuce_no_hito",433258,33148,"active","2026-06-15T07:00:46.239+08:00","2026-06-15T07:00:46.239+08:00",433258,"",""
220900,"kuqirotu","ruoyerin",433258,33148,"active","2026-06-15T06:53:23.269+08:00","2026-06-15T06:53:23.269+08:00",433258,"",""
220896,"xxxkuroraxxx","kuro_(kuromaru)",433258,33148,"active","2026-06-15T06:47:57.547+08:00","2026-06-15T06:47:57.547+08:00",433258,"",""
220892,"naraatori","atori281",433258,33148,"active","2026-06-15T06:43:37.266+08:00","2026-06-15T06:43:37.266+08:00",433258,"",""
220888,"ncheng11good","xiaohen236",1237642,7713,"active","2026-06-15T05:13:26.150+08:00","2026-06-15T05:13:26.150+08:00",1237642,"",""
220880,"kyomu_pome2","kyomu_pome",1053497,33148,"active","2026-06-15T01:28:14.064+08:00","2026-06-15T01:28:14.064+08:00",1053497,"",""
220876,"thesketchsector","mark_hughes",1333332,7713,"active","2026-06-15T00:53:10.001+08:00","2026-06-15T00:53:10.001+08:00",1333332,"",""
220868,"dcgoss","gounkai",718515,33148,"active","2026-06-15T00:33:55.952+08:00","2026-06-15T00:33:55.952+08:00",718515,"",""
220864,"wo_shi_xiazhou","liaoli_qingshan",932445,33148,"active","2026-06-15T00:00:23.281+08:00","2026-06-15T00:00:23.281+08:00",932445,"",""
220858,"weii_hq","shichimi_(ftlvampire32)",1352409,33148,"active","2026-06-14T23:50:41.564+08:00","2026-06-14T23:50:41.564+08:00",1352409,"",""
220854,"vat0uq","sanada_ima",597558,33148,"active","2026-06-14T23:05:43.108+08:00","2026-06-14T23:05:43.108+08:00",597558,"",""
220849,"amuzaki_romu","amuzaki_rom",936673,7713,"active","2026-06-14T23:02:49.559+08:00","2026-06-14T23:02:49.559+08:00",936673,"",""
220845,"ai_gong_jiao_jiaozhu","shenhai_juxing_heidong_wei_zhangyu",474329,7713,"active","2026-06-14T21:54:52.146+08:00","2026-06-14T21:54:52.146+08:00",474329,"",""
220841,"cecdiscover","cec.n",1333332,7713,"active","2026-06-14T20:57:02.630+08:00","2026-06-14T20:57:02.630+08:00",1333332,"",""
220839,"oa1eb","pinkisangel",1561614,33148,"active","2026-06-14T20:55:18.287+08:00","2026-06-14T20:55:18.287+08:00",1561614,"",""
220835,"user_huya4745","xiao_xiao_xin",932445,33148,"active","2026-06-14T20:22:51.391+08:00","2026-06-14T20:22:51.391+08:00",932445,"",""
220831,"chengnan_shi","liang_mo_coolsilence",932445,33148,"active","2026-06-14T20:10:40.696+08:00","2026-06-14T20:10:40.696+08:00",932445,"",""
220825,"peekntr","shin'en_wo_nozoku",764362,33148,"active","2026-06-14T18:40:13.356+08:00","2026-06-14T18:40:13.356+08:00",764362,"",""
220821,"ys-purgatory","seno_hitsuji_(artist)",347755,33148,"active","2026-06-14T17:20:28.445+08:00","2026-06-14T17:20:28.445+08:00",347755,"",""
220817,"tori55nigen","kosakunou_hiyoko",68250,33148,"active","2026-06-14T15:02:52.929+08:00","2026-06-14T15:02:52.929+08:00",68250,"",""
220816,"nanon0804","umehana_nanon",68250,33148,"active","2026-06-14T15:02:50.950+08:00","2026-06-14T15:02:50.950+08:00",68250,"",""
220815,"ptr1108362","teteo_(teo)",68250,33148,"active","2026-06-14T15:02:48.704+08:00","2026-06-14T15:02:48.704+08:00",68250,"",""
220814,"otenki93","pa_(cia)",68250,33148,"active","2026-06-14T15:02:42.342+08:00","2026-06-14T15:02:42.342+08:00",68250,"",""
220813,"penguinzombie","yuuki_yoshitaka",68250,33148,"active","2026-06-14T15:02:40.585+08:00","2026-06-14T15:02:40.585+08:00",68250,"",""
220812,"kawagami_raito","kawakami_raito",68250,33148,"active","2026-06-14T15:02:32.276+08:00","2026-06-14T15:02:32.276+08:00",68250,"",""
220793,"santushuiyingji","xiaowulianglin1",1333332,7713,"active","2026-06-14T14:56:01.986+08:00","2026-06-14T14:56:01.986+08:00",1333332,"",""
220791,"yksk0820","jj1105",1333332,7713,"active","2026-06-14T14:50:06.885+08:00","2026-06-14T14:50:06.885+08:00",1333332,"",""
220789,"saka_612w","saka_(sakadesu0612)",1333332,33148,"active","2026-06-14T14:46:59.043+08:00","2026-06-14T14:46:59.043+08:00",1333332,"",""
220785,"utotu_uoxou","kotan_(cho_mateyo)",556219,33148,"active","2026-06-14T13:57:08.304+08:00","2026-06-14T13:57:08.304+08:00",556219,"",""
220771,"arm_over_head","arm_above_head",52664,36517,"active","2026-06-14T10:03:20.490+08:00","2026-06-14T10:03:20.490+08:00",52664,"",""
220769,"group_confrontation","opposing_sides",52664,36537,"active","2026-06-14T09:56:06.263+08:00","2026-06-14T09:56:06.263+08:00",52664,"",""
220761,"akirasparda","akira_(akira404040)",103979,33148,"active","2026-06-14T07:44:01.401+08:00","2026-06-14T07:44:01.401+08:00",103979,"",""
220757,"wanskuy","waannkt_28",895489,33148,"active","2026-06-14T07:11:09.248+08:00","2026-06-14T07:11:09.248+08:00",895489,"",""
220753,"chiekichi","sarukichi_(chiekichi)",779867,33148,"active","2026-06-14T07:04:35.081+08:00","2026-06-14T07:04:35.081+08:00",779867,"",""
220745,"user_rsue4877","crabstronaut",68250,33148,"active","2026-06-14T05:12:15.672+08:00","2026-06-14T05:12:15.672+08:00",68250,"",""
220744,"user_hxhs3555","minousu_(mortarmoth)",68250,33148,"active","2026-06-14T05:12:13.798+08:00","2026-06-14T05:12:13.798+08:00",68250,"",""
220737,"muuuuu703","nib_(honom70)",103979,33148,"active","2026-06-14T00:58:24.279+08:00","2026-06-14T00:58:24.279+08:00",103979,"",""
220733,"sushi1515","hideo_(yata_shoshinsha)",1333332,7713,"active","2026-06-14T00:36:24.836+08:00","2026-06-14T00:36:24.836+08:00",1333332,"",""
220729,"rasoso_(rasobung)","anji_0814",1333332,33148,"active","2026-06-14T00:29:49.026+08:00","2026-06-14T00:29:49.026+08:00",1333332,"",""
220725,"anji_0814","rasoso_(rasobung)",1333332,7713,"deleted","2026-06-14T00:29:37.536+08:00","2026-06-14T00:29:49.032+08:00",1333332,"",""
220723,"jpt_arts","jonathan_p.t._arts",781002,33148,"active","2026-06-14T00:11:21.834+08:00","2026-06-14T00:11:21.834+08:00",781002,"",""
220711,"birds--daily","eggpathy",904806,33148,"active","2026-06-13T21:15:42.444+08:00","2026-06-13T21:15:42.444+08:00",904806,"",""
220707,"genooo0x","gevokawa_geno",196991,33148,"active","2026-06-13T19:59:03.035+08:00","2026-06-13T19:59:03.035+08:00",196991,"",""
220703,"iriko_301","iriko_(melon_pan)",68250,33148,"active","2026-06-13T19:45:57.392+08:00","2026-06-13T19:45:57.392+08:00",68250,"",""
220702,"pecoyama","mizukami_peko",68250,33148,"active","2026-06-13T19:45:55.648+08:00","2026-06-13T19:45:55.648+08:00",68250,"",""
220701,"mashiron_(mashiron8)","nishino_mashiro",68250,33148,"active","2026-06-13T19:45:53.404+08:00","2026-06-13T19:45:53.404+08:00",68250,"",""
220700,"kotori_inaka","kotori_canon",68250,33148,"active","2026-06-13T19:45:50.998+08:00","2026-06-13T19:45:50.998+08:00",68250,"",""
220699,"yagi_764364","yagii_gram",68250,33148,"active","2026-06-13T19:45:44.952+08:00","2026-06-13T19:45:44.952+08:00",68250,"",""
220683,"kirirei_228","ong_doi",718515,33148,"active","2026-06-13T17:06:26.471+08:00","2026-06-13T17:06:26.471+08:00",718515,"",""
220679,"dosti_dosti","uhouhogoriraman",103979,33148,"active","2026-06-13T16:47:06.082+08:00","2026-06-13T16:47:06.082+08:00",103979,"",""
220673,"chun_(moonlessgown)","muisketeer",556219,33148,"active","2026-06-13T15:23:35.738+08:00","2026-06-13T15:23:35.738+08:00",556219,"",""
220667,"sohilune","artzsohi",1084933,7713,"active","2026-06-13T15:05:25.884+08:00","2026-06-13T15:05:25.884+08:00",1084933,"",""
220663,"ooncee34","once_(ooncee34)",1333332,7713,"active","2026-06-13T14:49:03.732+08:00","2026-06-13T14:49:03.732+08:00",1333332,"",""
220661,"kiskil-llira","yomi_(kiskil-llira)",718515,33148,"active","2026-06-13T12:04:35.023+08:00","2026-06-13T12:04:35.023+08:00",718515,"",""
220657,"iwasi_29","sumesi_(iwasi_29)",52664,7713,"active","2026-06-13T10:33:20.473+08:00","2026-06-13T10:33:20.473+08:00",52664,"",""
220655,"893772423","jiaoluo_li_de_ta",1316376,33148,"active","2026-06-13T10:22:04.761+08:00","2026-06-13T10:22:04.761+08:00",1316376,"",""
220651,"greenpie","junuk",718515,33148,"active","2026-06-13T10:14:43.733+08:00","2026-06-13T10:14:43.733+08:00",718515,"",""
220647,"girachi777","chuliko",1343385,33148,"active","2026-06-13T08:43:29.625+08:00","2026-06-13T08:43:29.625+08:00",1343385,"",""
220643,"kuangtai_(amami_ryoko)","chuliko",1343385,33148,"active","2026-06-13T08:29:41.239+08:00","2026-06-13T08:29:41.239+08:00",1343385,"",""
220639,"snnm_hane0430","snnm_hane0430_(commissioner)",983878,33148,"retired","2026-06-13T08:11:29.340+08:00","2026-06-14T08:01:19.712+08:00",983878,"",""
220633,"xiaoxingxing780","fogstars",908237,7713,"active","2026-06-13T07:39:25.154+08:00","2026-06-13T07:39:25.154+08:00",908237,"",""
220629,"vvaytok_sfw","waytok",103979,33148,"active","2026-06-13T06:54:37.028+08:00","2026-06-13T06:54:37.028+08:00",103979,"",""
220625,"hata_bata","hata_kaede",895489,33148,"active","2026-06-13T05:29:39.486+08:00","2026-06-13T05:29:39.486+08:00",895489,"",""
220621,"a8x1dxa","txlyre",1333332,7713,"active","2026-06-13T05:12:05.755+08:00","2026-06-13T05:12:05.755+08:00",1333332,"",""
220615,"watarishirou28","watari_shirou",68250,33148,"active","2026-06-13T02:01:42.603+08:00","2026-06-13T02:01:42.603+08:00",68250,"",""
220614,"unanagusa_(nhws7332)","hinanagusa",68250,33148,"active","2026-06-13T02:01:34.973+08:00","2026-06-13T02:01:34.973+08:00",68250,"",""
220613,"shiromantou","mitama_(shiromantou)",68250,33148,"active","2026-06-13T02:01:29.757+08:00","2026-06-13T02:01:29.757+08:00",68250,"",""
220612,"shironism","shinigami_(shironism)",68250,33148,"active","2026-06-13T02:01:14.805+08:00","2026-06-13T02:01:14.805+08:00",68250,"",""
220593,"x-men_film_series","x-men_movie_series",52664,31759,"active","2026-06-13T00:56:17.510+08:00","2026-06-13T00:56:17.510+08:00",52664,"",""
220591,"kura_(en_ciel_rena)","coola_(en_ciel_rena)",52664,36512,"active","2026-06-13T00:32:55.476+08:00","2026-06-13T00:32:55.476+08:00",52664,"",""
220589,"oekakikei","kusunoki_asa",115784,33148,"active","2026-06-13T00:14:53.961+08:00","2026-06-13T02:03:42.927+08:00",115784,"",""
220581,"mediekg_(medievalknightgun)","mediekg",474577,33148,"active","2026-06-12T22:58:20.587+08:00","2026-06-12T22:58:20.587+08:00",474577,"",""
220577,"beta_design","prototype_design",52664,36515,"active","2026-06-12T22:56:03.697+08:00","2026-06-12T22:56:03.697+08:00",52664,"",""
220575,"aku_(nicoseiga_493005)","ark_kan",52664,33148,"active","2026-06-12T22:55:56.090+08:00","2026-06-12T22:55:56.090+08:00",52664,"",""
220573,"protagonist_(xenoblade_genesis)","eleanor_(xenoblade)",52664,36492,"active","2026-06-12T22:54:22.740+08:00","2026-06-12T22:54:22.740+08:00",52664,"",""
220571,"kid_icarus_of_myths_and_monsters","kid_icarus:_of_myths_and_monsters",52664,36519,"active","2026-06-12T22:50:38.877+08:00","2026-06-12T22:50:38.877+08:00",52664,"",""
220569,"fall_in_love_you_false_angels","koiseyo_mayakashi_tenshi-domo",52664,16840,"active","2026-06-12T22:47:40.764+08:00","2026-06-12T22:47:40.764+08:00",52664,"",""
220567,"mattszee","mattyz",103979,33148,"active","2026-06-12T22:39:43.392+08:00","2026-06-12T22:39:43.392+08:00",103979,"",""
220563,"qui'sartustaj_(arknights)","confessarius_(arknights)",52664,36525,"active","2026-06-12T22:26:18.375+08:00","2026-06-12T22:26:18.375+08:00",52664,"",""
220561,"bbizim01","bbizim03",1210048,33148,"active","2026-06-12T21:29:04.096+08:00","2026-06-12T21:29:04.096+08:00",1210048,"",""
220557,"scribz-ag24","scribzag24",904806,33148,"active","2026-06-12T21:01:12.630+08:00","2026-06-12T21:01:12.630+08:00",904806,"",""
220551,"tsukinorina","zika_(0_r_007)",926897,33148,"active","2026-06-12T16:30:57.723+08:00","2026-06-12T16:30:57.723+08:00",926897,"",""
220547,"nikkori_373","rnikoi1",926897,33148,"active","2026-06-12T16:22:36.391+08:00","2026-06-12T16:22:36.391+08:00",926897,"",""
220543,"natebaertsch","nate_baertsch",454016,33148,"active","2026-06-12T15:21:16.737+08:00","2026-06-12T15:21:16.737+08:00",454016,"",""
220529,"siana_park","sianaparkart",103979,33148,"active","2026-06-12T13:39:43.796+08:00","2026-06-12T13:39:43.796+08:00",103979,"",""
220525,"houkiri_nemu","yoshino_nemu",68250,33148,"active","2026-06-12T13:28:13.325+08:00","2026-06-12T13:28:13.325+08:00",68250,"",""
220524,"niratamasaburou","niratama_saburou",68250,33148,"active","2026-06-12T13:28:10.859+08:00","2026-06-12T13:28:10.859+08:00",68250,"",""
220523,"xxzunxx","taiten_jun",68250,33148,"active","2026-06-12T13:28:08.984+08:00","2026-06-12T13:28:08.984+08:00",68250,"",""
220522,"tksm_pos","tsukishima_yuito",68250,33148,"active","2026-06-12T13:28:06.123+08:00","2026-06-12T13:28:06.123+08:00",68250,"",""
220521,"snowdolphinnnn","yuki_iruka",68250,33148,"active","2026-06-12T13:28:03.587+08:00","2026-06-12T13:28:03.587+08:00",68250,"",""
220520,"ringi777","purumeria",68250,33148,"active","2026-06-12T13:28:00.344+08:00","2026-06-12T13:28:00.344+08:00",68250,"",""
220519,"doraneun","doranekonine",68250,33148,"active","2026-06-12T13:27:58.858+08:00","2026-06-12T13:27:58.858+08:00",68250,"",""
220518,"manaka_iwashiro","iwashiro_manaka",68250,33148,"active","2026-06-12T13:27:57.343+08:00","2026-06-12T13:27:57.343+08:00",68250,"",""
220517,"alopias","shin_(tsunagi_shin)",68250,33148,"active","2026-06-12T13:27:51.708+08:00","2026-06-12T13:27:51.708+08:00",68250,"",""
220516,"pekachukirby","shall_(kansei_drift)",68250,33148,"active","2026-06-12T13:27:49.751+08:00","2026-06-12T13:27:49.751+08:00",68250,"",""
220515,"nazoushi","sawashima_yoe",68250,33148,"active","2026-06-12T13:27:47.538+08:00","2026-06-12T13:27:47.538+08:00",68250,"",""
220481,"pnpk_prn","ponpoko_p",109167,33148,"active","2026-06-12T13:10:06.742+08:00","2026-06-12T13:10:06.742+08:00",109167,"",""
220477,"weibo_7508472311","mo_shuang",1218089,33148,"active","2026-06-12T12:15:23.997+08:00","2026-06-12T12:15:23.997+08:00",1218089,"",""
220473,"san_fen_zhong_re_du_mq","muqingqingqing",872990,33148,"active","2026-06-12T11:11:11.751+08:00","2026-06-12T11:11:11.751+08:00",872990,"",""
220469,"charlotte167284","zhentan10806",1082771,33148,"active","2026-06-12T10:26:17.410+08:00","2026-06-12T10:26:17.410+08:00",1082771,"",""
220461,"animo_(pixiv83293425)","chcc331899",1340120,33148,"active","2026-06-12T07:15:25.026+08:00","2026-06-12T07:15:25.026+08:00",1340120,"",""
220447,"user_hegd7837","zubunure6",1333332,33148,"active","2026-06-12T05:18:08.105+08:00","2026-06-12T05:18:08.105+08:00",1333332,"",""
220443,"uoza_(12_seiza_vtuber_kikaku)","pisces_(12_seiza_vtuber_kikaku)",52664,36480,"active","2026-06-12T03:23:56.226+08:00","2026-06-12T03:23:56.226+08:00",52664,"",""
220442,"mizukameza_(12_seiza_vtuber_kikaku)","aquarius_(12_seiza_vtuber_kikaku)",52664,36480,"active","2026-06-12T03:23:53.968+08:00","2026-06-12T03:23:53.968+08:00",52664,"",""
220441,"yagiza_(12_seiza_vtuber_kikaku)","capricorn_(12_seiza_vtuber_kikaku)",52664,36480,"active","2026-06-12T03:23:51.369+08:00","2026-06-12T03:23:51.369+08:00",52664,"",""
220440,"iteza_(12_seiza_vtuber_kikaku)","sagittarius_(12_seiza_vtuber_kikaku)",52664,36480,"active","2026-06-12T03:23:45.175+08:00","2026-06-12T03:23:45.175+08:00",52664,"",""
220439,"sasoriza_(12_seiza_vtuber_kikaku)","scorpio_(12_seiza_vtuber_kikaku)",52664,36480,"active","2026-06-12T03:23:41.073+08:00","2026-06-12T03:23:41.073+08:00",52664,"",""
220438,"tenbinza_(12_seiza_vtuber_kikaku)","libra_(12_seiza_vtuber_kikaku)",52664,36480,"active","2026-06-12T03:23:37.097+08:00","2026-06-12T03:23:37.097+08:00",52664,"",""
220437,"otomeza_(12_seiza_vtuber_kikaku)","virgo_(12_seiza_vtuber_kikaku)",52664,36480,"active","2026-06-12T03:23:30.104+08:00","2026-06-12T03:23:30.104+08:00",52664,"",""
220436,"shishiza_(12_seiza_vtuber_kikaku)","leo_(12_seiza_vtuber_kikaku)",52664,36480,"active","2026-06-12T03:23:26.485+08:00","2026-06-12T03:23:26.485+08:00",52664,"",""
220435,"kaniza_(12_seiza_vtuber_kikaku)","cancer_(12_seiza_vtuber_kikaku)",52664,36480,"active","2026-06-12T03:23:22.073+08:00","2026-06-12T03:23:22.073+08:00",52664,"",""
220434,"futagoza_(light)_(12_seiza_vtuber_kikaku)","gemini_(light)_(12_seiza_vtuber_kikaku)",52664,36480,"active","2026-06-12T03:23:17.799+08:00","2026-06-12T03:23:17.799+08:00",52664,"",""
220433,"futagoza_(dark)_(12_seiza_vtuber_kikaku)","gemini_(dark)_(12_seiza_vtuber_kikaku)",52664,36480,"active","2026-06-12T03:23:14.744+08:00","2026-06-12T03:23:14.744+08:00",52664,"",""
220432,"oushiza_(12_seiza_vtuber_kikaku)","taurus_(12_seiza_vtuber_kikaku)",52664,36480,"active","2026-06-12T03:23:10.285+08:00","2026-06-12T03:23:10.285+08:00",52664,"",""
220431,"ohitsujiza_(12_seiza_vtuber_kikaku)","aries_(12_seiza_vtuber_kikaku)",52664,36480,"active","2026-06-12T03:23:04.186+08:00","2026-06-12T03:23:04.186+08:00",52664,"",""
220417,"siraboshi","nakagawa_hiromi",454016,33148,"active","2026-06-12T01:22:39.439+08:00","2026-06-12T01:22:39.439+08:00",454016,"",""
220413,"vktraaa","orillkri",983878,33148,"active","2026-06-12T00:04:12.292+08:00","2026-06-12T00:04:12.292+08:00",983878,"",""
